,Transaction ID,Transaction Date,Menu,Category,Menu ID,Qty,Price,Total Spent,Payment Method,Order Type
0,SUN-3835107,22-06-2023,Caramel Machiato,Drinks,DRK-04,3,38000,114000,Debit Card,Dine in
1,SUN-8191346,06-07-2023,Caramel Machiato,Drinks,DRK-04,1,38000,38000,Cash,Take Away
2,SUN-7920383,03-10-2023,Club Sandwich,Food,FOD-05,3,45000,135000,Debit Card,Take Away
3,SUN-6464422,13-12-2023,Grill Chicken Caesar Salad,Food,FOD-04,3,42000,126000,Debit Card,Dine in
4,SUN-2014718,13-01-2023,Buttermilk Fried Chicken,Food,FOD-01,1,48000,48000,Debit Card,Take Away
5,SUN-7542218,22-02-2023,New York Cheesecake,Dessert,DST-03,1,42000,42000,Digital Wallet,Dine in
6,SUN-5330146,28-10-2023,Espreso Single,Drinks,DRK-01,1,22000,22000,Digital Wallet,Online Order
7,SUN-3755609,13-12-2023,Caramel Machiato,Drinks,DRK-04,1,38000,38000,Debit Card,Online Order
8,SUN-4316847,01-04-2023,New York Cheesecake,Dessert,DST-03,3,42000,126000,Cash,Dine in
9,SUN-9100246,24-04-2023,Iced Americano,Drinks,DRK-02,3,28000,84000,Cash,Take Away
10,SUN-3821421,14-11-2023,Choco Lava Cake,Dessert,DST-04,1,35000,35000,Debit Card,Take Away
11,SUN-7147217,04-06-2023,New York Cheesecake,Dessert,DST-03,4,42000,168000,Digital Wallet,Online Order
12,SUN-4825977,10-04-2023,Nasi Goreng Kampung,Food,FOD-03,2,38000,76000,Digital Wallet,Take Away
13,SUN-5748405,30-10-2023,Nasi Goreng Kampung,Food,FOD-03,2,38000,76000,Digital Wallet,Take Away
14,SUN-2252707,04-04-2023,Classic Tirmaisu,Dessert,DST-01,1,38000,38000,Debit Card,Dine in
15,SUN-5365865,30-05-2023,Classic Tirmaisu,Dessert,DST-01,3,38000,114000,Cash,Dine in
16,SUN-5552295,23-08-2023,Grill Chicken Caesar Salad,Food,FOD-04,4,42000,168000,Debit Card,Take Away
17,SUN-6429304,20-07-2023,Creamy Maycha Latte,Drinks,DRK-05,4,35000,140000,Digital Wallet,Dine in
18,SUN-2229056,01-02-2023,Iced Americano,Drinks,DRK-02,4,28000,112000,Digital Wallet,Online Order
19,SUN-2101618,11-01-2023,Club Sandwich,Food,FOD-05,1,45000,45000,Cash,Dine in
20,SUN-1231054,12-03-2023,Espreso Single,Drinks,DRK-01,2,22000,44000,Cash,Dine in
21,SUN-9323540,03-10-2023,Club Sandwich,Food,FOD-05,2,45000,90000,Cash,Take Away
22,SUN-5000030,02-11-2023,Grill Chicken Caesar Salad,Food,FOD-04,1,42000,42000,Cash,Dine in
23,SUN-7129459,16-07-2023,Cinnamon Roll,Dessert,DST-05,3,28000,84000,Cash,Dine in
24,SUN-5719631,26-10-2023,Club Sandwich,Food,FOD-05,1,45000,45000,Cash,Take Away
25,SUN-2810366,01-05-2023,Nasi Goreng Kampung,Food,FOD-03,4,38000,152000,Debit Card,Take Away
26,SUN-8497237,15-06-2023,Cinnamon Roll,Dessert,DST-05,1,28000,28000,Debit Card,Dine in
27,SUN-3213517,15-10-2023,Espreso Single,Drinks,DRK-01,3,22000,66000,Debit Card,Dine in
28,SUN-6569344,15-02-2023,Club Sandwich,Food,FOD-05,3,45000,135000,Digital Wallet,Take Away
29,SUN-9343698,21-04-2023,Classic Tirmaisu,Dessert,DST-01,1,38000,38000,Debit Card,Online Order
30,SUN-1537063,15-02-2023,Espreso Single,Drinks,DRK-01,4,22000,88000,Debit Card,Online Order
31,SUN-2317971,15-06-2023,Espreso Single,Drinks,DRK-01,4,22000,88000,Debit Card,Online Order
32,SUN-6683769,23-12-2023,Buttermilk Fried Chicken,Food,FOD-01,3,48000,144000,Debit Card,Online Order
33,SUN-6644096,18-02-2023,Creamy Maycha Latte,Drinks,DRK-05,4,35000,140000,Digital Wallet,Take Away
34,SUN-9455137,20-05-2023,Grill Chicken Caesar Salad,Food,FOD-04,2,42000,84000,Digital Wallet,Dine in
35,SUN-9674213,28-05-2023,Buttermilk Fried Chicken,Food,FOD-01,3,48000,144000,Debit Card,Take Away
36,SUN-1366257,26-11-2023,Cinnamon Roll,Dessert,DST-05,2,28000,56000,Cash,Online Order
37,SUN-9663603,16-03-2023,Iced Americano,Drinks,DRK-02,3,28000,84000,Cash,Dine in
38,SUN-2527896,03-07-2023,Club Sandwich,Food,FOD-05,3,45000,135000,Debit Card,Take Away
39,SUN-2039133,06-04-2023,Classic Tirmaisu,Dessert,DST-01,2,38000,76000,Cash,Dine in
40,SUN-6919180,08-01-2023,Beef Carbonara Pasta,Food,FOD-02,2,52000,104000,Debit Card,Online Order
41,SUN-6434420,01-10-2023,Grill Chicken Caesar Salad,Food,FOD-04,3,42000,126000,Cash,Online Order
42,SUN-4127465,23-01-2023,Cafe Latte,Drinks,DRK-03,1,32000,32000,Digital Wallet,Take Away
43,SUN-9959752,13-04-2023,Nasi Goreng Kampung,Food,FOD-03,4,38000,152000,Cash,Online Order
44,SUN-5257512,01-07-2023,Cafe Latte,Drinks,DRK-03,1,32000,32000,Digital Wallet,Online Order
45,SUN-1659564,27-06-2023,Caramel Machiato,Drinks,DRK-04,4,38000,152000,Debit Card,Online Order
46,SUN-8746790,12-02-2023,Choco Lava Cake,Dessert,DST-04,4,35000,140000,Cash,Dine in
47,SUN-7551943,24-12-2023,Cafe Latte,Drinks,DRK-03,1,32000,32000,Digital Wallet,Online Order
48,SUN-7998776,01-10-2023,New York Cheesecake,Dessert,DST-03,1,42000,42000,Cash,Online Order
49,SUN-9532935,18-12-2023,Caramel Machiato,Drinks,DRK-04,3,38000,114000,Debit Card,Online Order
50,SUN-8615982,03-02-2023,Grill Chicken Caesar Salad,Food,FOD-04,1,42000,42000,Debit Card,Online Order
51,SUN-2128658,22-09-2023,Grill Chicken Caesar Salad,Food,FOD-04,4,42000,168000,Cash,Dine in
52,SUN-2709499,17-04-2023,Beef Carbonara Pasta,Food,FOD-02,4,52000,208000,Digital Wallet,Dine in
53,SUN-1579713,17-07-2023,Creamy Maycha Latte,Drinks,DRK-05,1,35000,35000,Debit Card,Take Away
54,SUN-6424168,04-12-2023,Espreso Single,Drinks,DRK-01,3,22000,66000,Digital Wallet,Dine in
55,SUN-8316112,12-04-2023,Cafe Latte,Drinks,DRK-03,3,32000,96000,Debit Card,Dine in
56,SUN-2723542,22-09-2023,Fudgy Brownies,Dessert,DST-02,2,25000,50000,Cash,Dine in
57,SUN-1146065,28-02-2023,Cafe Latte,Drinks,DRK-03,1,32000,32000,Digital Wallet,Online Order
58,SUN-1366043,28-04-2023,Buttermilk Fried Chicken,Food,FOD-01,1,48000,48000,Cash,Dine in
59,SUN-6726508,21-12-2023,Espreso Single,Drinks,DRK-01,1,22000,22000,Debit Card,Online Order
60,SUN-4885650,03-06-2023,Beef Carbonara Pasta,Food,FOD-02,1,52000,52000,Debit Card,Online Order
61,SUN-2774696,08-07-2023,Club Sandwich,Food,FOD-05,2,45000,90000,Cash,Dine in
62,SUN-2925668,17-04-2023,Beef Carbonara Pasta,Food,FOD-02,2,52000,104000,Digital Wallet,Dine in
63,SUN-3704015,12-02-2023,Fudgy Brownies,Dessert,DST-02,3,25000,75000,Cash,Dine in
64,SUN-4481094,04-06-2023,Beef Carbonara Pasta,Food,FOD-02,2,52000,104000,Digital Wallet,Dine in
65,SUN-9246459,16-08-2023,Club Sandwich,Food,FOD-05,3,45000,135000,Digital Wallet,Take Away
66,SUN-8741366,16-06-2023,Creamy Maycha Latte,Drinks,DRK-05,1,35000,35000,Debit Card,Online Order
67,SUN-6459066,11-10-2023,Classic Tirmaisu,Dessert,DST-01,3,38000,114000,Digital Wallet,Online Order
68,SUN-2332422,13-05-2023,Creamy Maycha Latte,Drinks,DRK-05,1,35000,35000,Digital Wallet,Online Order
69,SUN-9466267,12-08-2023,Buttermilk Fried Chicken,Food,FOD-01,4,48000,192000,Cash,Take Away
70,SUN-6731099,10-10-2023,Choco Lava Cake,Dessert,DST-04,3,35000,105000,Digital Wallet,Dine in
71,SUN-6096734,01-12-2023,Buttermilk Fried Chicken,Food,FOD-01,3,48000,144000,Digital Wallet,Dine in
72,SUN-5865247,05-06-2023,Choco Lava Cake,Dessert,DST-04,2,35000,70000,Debit Card,Take Away
73,SUN-4544157,15-01-2023,Creamy Maycha Latte,Drinks,DRK-05,3,35000,105000,Digital Wallet,Take Away
74,SUN-7247827,20-09-2023,Grill Chicken Caesar Salad,Food,FOD-04,3,42000,126000,Cash,Dine in
75,SUN-7947139,12-07-2023,Fudgy Brownies,Dessert,DST-02,2,25000,50000,Digital Wallet,Online Order
76,SUN-6274006,15-11-2023,Iced Americano,Drinks,DRK-02,1,28000,28000,Digital Wallet,Online Order
77,SUN-6748316,17-06-2023,Iced Americano,Drinks,DRK-02,3,28000,84000,Digital Wallet,Online Order
78,SUN-6641456,15-05-2023,Buttermilk Fried Chicken,Food,FOD-01,2,48000,96000,Debit Card,Take Away
79,SUN-5987471,23-01-2023,Grill Chicken Caesar Salad,Food,FOD-04,3,42000,126000,Digital Wallet,Dine in
80,SUN-4720429,16-06-2023,Club Sandwich,Food,FOD-05,1,45000,45000,Debit Card,Take Away
81,SUN-8298101,23-08-2023,New York Cheesecake,Dessert,DST-03,3,42000,126000,Digital Wallet,Online Order
82,SUN-9494169,09-10-2023,Buttermilk Fried Chicken,Food,FOD-01,2,48000,96000,Digital Wallet,Dine in
83,SUN-5663995,08-11-2023,Club Sandwich,Food,FOD-05,4,45000,180000,Debit Card,Dine in
84,SUN-4793340,20-03-2023,New York Cheesecake,Dessert,DST-03,2,42000,84000,Debit Card,Online Order
85,SUN-4685044,05-08-2023,Grill Chicken Caesar Salad,Food,FOD-04,3,42000,126000,Debit Card,Take Away
86,SUN-1140911,21-10-2023,Espreso Single,Drinks,DRK-01,4,22000,88000,Digital Wallet,Online Order
87,SUN-2624711,05-04-2023,Cinnamon Roll,Dessert,DST-05,4,28000,112000,Debit Card,Take Away
88,SUN-9903500,06-05-2023,Fudgy Brownies,Dessert,DST-02,3,25000,75000,Cash,Take Away
89,SUN-4728761,03-11-2023,Fudgy Brownies,Dessert,DST-02,4,25000,100000,Debit Card,Take Away
90,SUN-7619456,01-08-2023,Cinnamon Roll,Dessert,DST-05,3,28000,84000,Cash,Dine in
91,SUN-4458150,05-07-2023,Classic Tirmaisu,Dessert,DST-01,1,38000,38000,Debit Card,Take Away
92,SUN-6861326,03-09-2023,Espreso Single,Drinks,DRK-01,3,22000,66000,Debit Card,Take Away
93,SUN-5710075,06-07-2023,Grill Chicken Caesar Salad,Food,FOD-04,2,42000,84000,Debit Card,Online Order
94,SUN-8696965,25-12-2023,Iced Americano,Drinks,DRK-02,1,28000,28000,Cash,Take Away
95,SUN-3209298,02-10-2023,Grill Chicken Caesar Salad,Food,FOD-04,1,42000,42000,Digital Wallet,Online Order
96,SUN-6335997,20-01-2023,Fudgy Brownies,Dessert,DST-02,2,25000,50000,Debit Card,Online Order
97,SUN-8701876,23-02-2023,Caramel Machiato,Drinks,DRK-04,4,38000,152000,Digital Wallet,Dine in
98,SUN-9369959,18-07-2023,Cafe Latte,Drinks,DRK-03,2,32000,64000,Digital Wallet,Take Away
99,SUN-9007520,27-10-2023,Creamy Maycha Latte,Drinks,DRK-05,2,35000,70000,Digital Wallet,Dine in
100,SUN-6965170,26-01-2023,Buttermilk Fried Chicken,Food,FOD-01,4,48000,192000,Digital Wallet,Dine in
101,SUN-2176637,07-09-2023,New York Cheesecake,Dessert,DST-03,1,42000,42000,Debit Card,Dine in
102,SUN-7190228,05-10-2023,Iced Americano,Drinks,DRK-02,4,28000,112000,Debit Card,Online Order
103,SUN-9112378,15-10-2023,Caramel Machiato,Drinks,DRK-04,4,38000,152000,Digital Wallet,Online Order
104,SUN-1884453,15-11-2023,Classic Tirmaisu,Dessert,DST-01,1,38000,38000,Digital Wallet,Online Order
105,SUN-6599234,11-03-2023,Club Sandwich,Food,FOD-05,1,45000,45000,Digital Wallet,Online Order
106,SUN-2044559,22-07-2023,Iced Americano,Drinks,DRK-02,1,28000,28000,Debit Card,Online Order
107,SUN-6571331,20-10-2023,Cinnamon Roll,Dessert,DST-05,1,28000,28000,Debit Card,Online Order
108,SUN-2121958,11-05-2023,Fudgy Brownies,Dessert,DST-02,4,25000,100000,Cash,Take Away
109,SUN-3448229,11-03-2023,Choco Lava Cake,Dessert,DST-04,3,35000,105000,Digital Wallet,Take Away
110,SUN-9080212,25-06-2023,Nasi Goreng Kampung,Food,FOD-03,1,38000,38000,Debit Card,Dine in
111,SUN-1397780,30-01-2023,Choco Lava Cake,Dessert,DST-04,3,35000,105000,Debit Card,Take Away
112,SUN-3627858,22-03-2023,New York Cheesecake,Dessert,DST-03,1,42000,42000,Digital Wallet,Dine in
113,SUN-2692139,09-11-2023,Fudgy Brownies,Dessert,DST-02,2,25000,50000,Cash,Take Away
114,SUN-2440799,01-09-2023,Fudgy Brownies,Dessert,DST-02,2,25000,50000,Debit Card,Online Order
115,SUN-8218015,11-11-2023,Grill Chicken Caesar Salad,Food,FOD-04,3,42000,126000,Debit Card,Take Away
116,SUN-5637471,03-11-2023,Creamy Maycha Latte,Drinks,DRK-05,3,35000,105000,Cash,Online Order
117,SUN-6718347,16-11-2023,Club Sandwich,Food,FOD-05,1,45000,45000,Debit Card,Online Order
118,SUN-8029297,24-04-2023,Cafe Latte,Drinks,DRK-03,3,32000,96000,Cash,Take Away
119,SUN-6442569,22-06-2023,Espreso Single,Drinks,DRK-01,2,22000,44000,Debit Card,Take Away
120,SUN-3449758,14-08-2023,Grill Chicken Caesar Salad,Food,FOD-04,3,42000,126000,Debit Card,Online Order
121,SUN-9376620,11-04-2023,New York Cheesecake,Dessert,DST-03,3,42000,126000,Digital Wallet,Dine in
122,SUN-6870859,02-12-2023,New York Cheesecake,Dessert,DST-03,2,42000,84000,Debit Card,Online Order
123,SUN-3389280,03-01-2023,Beef Carbonara Pasta,Food,FOD-02,4,52000,208000,Digital Wallet,Take Away
124,SUN-2168768,02-11-2023,Choco Lava Cake,Dessert,DST-04,4,35000,140000,Debit Card,Online Order
125,SUN-4370626,24-08-2023,Classic Tirmaisu,Dessert,DST-01,3,38000,114000,Digital Wallet,Dine in
126,SUN-7072237,03-04-2023,Cinnamon Roll,Dessert,DST-05,4,28000,112000,Cash,Dine in
127,SUN-7240072,20-09-2023,Caramel Machiato,Drinks,DRK-04,3,38000,114000,Debit Card,Online Order
128,SUN-6852486,31-05-2023,New York Cheesecake,Dessert,DST-03,2,42000,84000,Digital Wallet,Dine in
129,SUN-3821196,01-11-2023,Fudgy Brownies,Dessert,DST-02,3,25000,75000,Digital Wallet,Dine in
130,SUN-6602783,31-12-2023,Classic Tirmaisu,Dessert,DST-01,2,38000,76000,Debit Card,Take Away
131,SUN-8317716,13-04-2023,Creamy Maycha Latte,Drinks,DRK-05,2,35000,70000,Digital Wallet,Online Order
132,SUN-2998632,21-06-2023,Cafe Latte,Drinks,DRK-03,3,32000,96000,Cash,Take Away
133,SUN-4646385,20-03-2023,Cinnamon Roll,Dessert,DST-05,4,28000,112000,Digital Wallet,Take Away
134,SUN-6848832,10-09-2023,Caramel Machiato,Drinks,DRK-04,2,38000,76000,Debit Card,Dine in
135,SUN-3881732,22-08-2023,Fudgy Brownies,Dessert,DST-02,3,25000,75000,Debit Card,Online Order
136,SUN-4437995,05-11-2023,Classic Tirmaisu,Dessert,DST-01,1,38000,38000,Cash,Dine in
137,SUN-4064754,21-10-2023,Fudgy Brownies,Dessert,DST-02,2,25000,50000,Debit Card,Dine in
138,SUN-7246577,23-12-2023,Espreso Single,Drinks,DRK-01,2,22000,44000,Debit Card,Dine in
139,SUN-4378964,18-12-2023,Espreso Single,Drinks,DRK-01,1,22000,22000,Debit Card,Online Order
140,SUN-5252162,23-11-2023,New York Cheesecake,Dessert,DST-03,4,42000,168000,Debit Card,Dine in
141,SUN-7914926,24-02-2023,Creamy Maycha Latte,Drinks,DRK-05,1,35000,35000,Debit Card,Dine in
142,SUN-4545296,16-01-2023,Cinnamon Roll,Dessert,DST-05,1,28000,28000,Cash,Online Order
143,SUN-1133441,26-06-2023,Iced Americano,Drinks,DRK-02,1,28000,28000,Digital Wallet,Online Order
144,SUN-1807755,06-05-2023,Choco Lava Cake,Dessert,DST-04,3,35000,105000,Cash,Take Away
145,SUN-5441274,23-11-2023,Classic Tirmaisu,Dessert,DST-01,3,38000,114000,Debit Card,Take Away
146,SUN-7021722,18-10-2023,Creamy Maycha Latte,Drinks,DRK-05,2,35000,70000,Digital Wallet,Online Order
147,SUN-2768078,04-06-2023,Espreso Single,Drinks,DRK-01,4,22000,88000,Debit Card,Online Order
148,SUN-8541636,30-07-2023,Fudgy Brownies,Dessert,DST-02,2,25000,50000,Digital Wallet,Take Away
149,SUN-2164854,04-08-2023,Buttermilk Fried Chicken,Food,FOD-01,4,48000,192000,Digital Wallet,Online Order
150,SUN-5063759,22-11-2023,Cafe Latte,Drinks,DRK-03,2,32000,64000,Cash,Dine in
151,SUN-2020546,09-01-2023,Buttermilk Fried Chicken,Food,FOD-01,3,48000,144000,Cash,Dine in
152,SUN-2859577,28-06-2023,New York Cheesecake,Dessert,DST-03,4,42000,168000,Debit Card,Online Order
153,SUN-3668874,03-09-2023,Choco Lava Cake,Dessert,DST-04,2,35000,70000,Debit Card,Dine in
154,SUN-3776525,15-06-2023,Caramel Machiato,Drinks,DRK-04,2,38000,76000,Debit Card,Online Order
155,SUN-2797868,02-12-2023,Creamy Maycha Latte,Drinks,DRK-05,4,35000,140000,Digital Wallet,Online Order
156,SUN-4534516,13-12-2023,New York Cheesecake,Dessert,DST-03,2,42000,84000,Debit Card,Dine in
157,SUN-7480897,29-10-2023,Creamy Maycha Latte,Drinks,DRK-05,4,35000,140000,Digital Wallet,Dine in
158,SUN-1818575,19-06-2023,Classic Tirmaisu,Dessert,DST-01,2,38000,76000,Debit Card,Online Order
159,SUN-8890449,20-11-2023,Iced Americano,Drinks,DRK-02,3,28000,84000,Debit Card,Dine in
160,SUN-6063953,27-01-2023,Choco Lava Cake,Dessert,DST-04,2,35000,70000,Digital Wallet,Take Away
161,SUN-3604425,30-08-2023,Creamy Maycha Latte,Drinks,DRK-05,1,35000,35000,Cash,Dine in
162,SUN-3324318,08-04-2023,Creamy Maycha Latte,Drinks,DRK-05,1,35000,35000,Digital Wallet,Dine in
163,SUN-3373933,31-03-2023,Grill Chicken Caesar Salad,Food,FOD-04,2,42000,84000,Cash,Take Away
164,SUN-3376191,06-09-2023,Classic Tirmaisu,Dessert,DST-01,3,38000,114000,Digital Wallet,Dine in
165,SUN-3220183,08-10-2023,Caramel Machiato,Drinks,DRK-04,1,38000,38000,Cash,Online Order
166,SUN-2098329,21-11-2023,Cafe Latte,Drinks,DRK-03,4,32000,128000,Debit Card,Dine in
167,SUN-9511805,19-03-2023,Fudgy Brownies,Dessert,DST-02,4,25000,100000,Debit Card,Online Order
168,SUN-8191587,15-11-2023,Grill Chicken Caesar Salad,Food,FOD-04,4,42000,168000,Debit Card,Dine in
169,SUN-1219774,31-10-2023,Classic Tirmaisu,Dessert,DST-01,4,38000,152000,Debit Card,Dine in
170,SUN-2598345,25-04-2023,Fudgy Brownies,Dessert,DST-02,3,25000,75000,Debit Card,Online Order
171,SUN-7979580,23-01-2023,Iced Americano,Drinks,DRK-02,1,28000,28000,Debit Card,Online Order
172,SUN-2376089,09-10-2023,Nasi Goreng Kampung,Food,FOD-03,4,38000,152000,Debit Card,Online Order
173,SUN-1428244,29-10-2023,Club Sandwich,Food,FOD-05,3,45000,135000,Debit Card,Dine in
174,SUN-1596637,18-06-2023,Choco Lava Cake,Dessert,DST-04,1,35000,35000,Cash,Dine in
175,SUN-1232934,02-03-2023,Grill Chicken Caesar Salad,Food,FOD-04,4,42000,168000,Debit Card,Online Order
176,SUN-4940154,23-02-2023,Espreso Single,Drinks,DRK-01,4,22000,88000,Digital Wallet,Online Order
177,SUN-7778868,17-05-2023,Caramel Machiato,Drinks,DRK-04,3,38000,114000,Debit Card,Online Order
178,SUN-4468281,04-10-2023,Classic Tirmaisu,Dessert,DST-01,2,38000,76000,Digital Wallet,Dine in
179,SUN-2820156,26-04-2023,Buttermilk Fried Chicken,Food,FOD-01,4,48000,192000,Digital Wallet,Take Away
180,SUN-8610447,12-01-2023,Fudgy Brownies,Dessert,DST-02,1,25000,25000,Debit Card,Dine in
181,SUN-6857776,10-09-2023,Cafe Latte,Drinks,DRK-03,4,32000,128000,Digital Wallet,Dine in
182,SUN-3268170,29-09-2023,Cinnamon Roll,Dessert,DST-05,4,28000,112000,Debit Card,Take Away
183,SUN-8460867,07-03-2023,Espreso Single,Drinks,DRK-01,2,22000,44000,Debit Card,Dine in
184,SUN-2202653,24-07-2023,Iced Americano,Drinks,DRK-02,1,28000,28000,Debit Card,Dine in
185,SUN-5930089,25-05-2023,Club Sandwich,Food,FOD-05,2,45000,90000,Digital Wallet,Dine in
186,SUN-3523061,02-07-2023,Caramel Machiato,Drinks,DRK-04,4,38000,128000,Debit Card,Online Order
187,SUN-3907234,03-01-2023,Creamy Maycha Latte,Drinks,DRK-05,1,35000,35000,Debit Card,Dine in
188,SUN-3376408,20-08-2023,New York Cheesecake,Dessert,DST-03,1,42000,42000,Debit Card,Online Order
189,SUN-2474644,06-04-2023,Fudgy Brownies,Dessert,DST-02,2,25000,50000,Debit Card,Take Away
190,SUN-6435249,22-07-2023,Buttermilk Fried Chicken,Food,FOD-01,2,48000,96000,Digital Wallet,Online Order
191,SUN-2293712,03-06-2023,Caramel Machiato,Drinks,DRK-04,1,38000,38000,Digital Wallet,Online Order
192,SUN-5780941,11-08-2023,Caramel Machiato,Drinks,DRK-04,3,38000,114000,Debit Card,Online Order
193,SUN-7361289,08-02-2023,Club Sandwich,Food,FOD-05,1,45000,45000,Digital Wallet,Online Order
194,SUN-7418451,13-05-2023,New York Cheesecake,Dessert,DST-03,1,42000,42000,Digital Wallet,Take Away
195,SUN-2550749,20-08-2023,Creamy Maycha Latte,Drinks,DRK-05,3,35000,105000,Debit Card,Online Order
196,SUN-2242503,08-10-2023,Nasi Goreng Kampung,Food,FOD-03,3,38000,114000,Debit Card,Online Order
197,SUN-7971008,19-05-2023,Choco Lava Cake,Dessert,DST-04,4,35000,140000,Cash,Take Away
198,SUN-2736348,09-01-2023,Cafe Latte,Drinks,DRK-03,1,32000,32000,Debit Card,Dine in
199,SUN-1342287,22-09-2023,Cinnamon Roll,Dessert,DST-05,2,28000,56000,Debit Card,Dine in
200,SUN-1631517,04-07-2023,Grill Chicken Caesar Salad,Food,FOD-04,2,42000,84000,Debit Card,Dine in
201,SUN-1687780,27-08-2023,Choco Lava Cake,Dessert,DST-04,3,35000,105000,Digital Wallet,Take Away
202,SUN-8196563,28-02-2023,Cafe Latte,Drinks,DRK-03,3,32000,96000,Debit Card,Online Order
203,SUN-4984981,07-06-2023,Fudgy Brownies,Dessert,DST-02,4,25000,100000,Digital Wallet,Online Order
204,SUN-2594032,19-11-2023,Caramel Machiato,Drinks,DRK-04,4,38000,152000,Debit Card,Take Away
205,SUN-6140431,13-11-2023,Choco Lava Cake,Dessert,DST-04,1,35000,35000,Digital Wallet,Take Away
206,SUN-6813486,26-04-2023,Creamy Maycha Latte,Drinks,DRK-05,4,35000,140000,Digital Wallet,Dine in
207,SUN-5616345,19-08-2023,Espreso Single,Drinks,DRK-01,2,22000,44000,Debit Card,Online Order
208,SUN-8141910,31-01-2023,New York Cheesecake,Dessert,DST-03,1,42000,42000,Debit Card,Online Order
209,SUN-9830927,23-10-2023,Grill Chicken Caesar Salad,Food,FOD-04,2,42000,84000,Digital Wallet,Dine in
210,SUN-9108748,08-04-2023,Beef Carbonara Pasta,Food,FOD-02,1,52000,52000,Cash,Take Away
211,SUN-4772500,05-05-2023,Espreso Single,Drinks,DRK-01,4,22000,88000,Digital Wallet,Online Order
212,SUN-3987335,19-12-2023,Beef Carbonara Pasta,Food,FOD-02,2,52000,104000,Debit Card,Online Order
213,SUN-9763101,18-07-2023,Caramel Machiato,Drinks,DRK-04,4,38000,152000,Debit Card,Online Order
214,SUN-6865526,16-11-2023,Creamy Maycha Latte,Drinks,DRK-05,4,35000,140000,Digital Wallet,Dine in
215,SUN-4977216,13-03-2023,Nasi Goreng Kampung,Food,FOD-03,1,38000,38000,Debit Card,Online Order
216,SUN-1597202,04-10-2023,Iced Americano,Drinks,DRK-02,1,28000,28000,Digital Wallet,Dine in
217,SUN-7905133,30-12-2023,New York Cheesecake,Dessert,DST-03,4,42000,168000,Digital Wallet,Take Away
218,SUN-8380533,29-01-2023,Club Sandwich,Food,FOD-05,1,45000,45000,Debit Card,Dine in
219,SUN-7696811,30-03-2023,Club Sandwich,Food,FOD-05,3,45000,135000,Debit Card,Take Away
220,SUN-8800863,23-02-2023,Buttermilk Fried Chicken,Food,FOD-01,1,48000,48000,Cash,Dine in
221,SUN-7274735,04-04-2023,Classic Tirmaisu,Dessert,DST-01,1,38000,38000,Digital Wallet,Online Order
222,SUN-2350697,24-04-2023,Caramel Machiato,Drinks,DRK-04,4,38000,152000,Digital Wallet,Online Order
223,SUN-8557956,27-01-2023,New York Cheesecake,Dessert,DST-03,3,42000,126000,Debit Card,Take Away
224,SUN-6403515,24-11-2023,Classic Tirmaisu,Dessert,DST-01,1,38000,38000,Digital Wallet,Online Order
225,SUN-4396863,05-04-2023,Iced Americano,Drinks,DRK-02,4,28000,112000,Cash,Take Away
226,SUN-6923322,03-12-2023,Beef Carbonara Pasta,Food,FOD-02,4,52000,208000,Digital Wallet,Dine in
227,SUN-7762641,06-10-2023,New York Cheesecake,Dessert,DST-03,2,42000,84000,Cash,Dine in
228,SUN-4601079,04-03-2023,New York Cheesecake,Dessert,DST-03,1,42000,42000,Debit Card,Online Order
229,SUN-3763262,12-09-2023,Fudgy Brownies,Dessert,DST-02,2,25000,50000,Debit Card,Online Order
230,SUN-1480627,10-10-2023,Espreso Single,Drinks,DRK-01,4,22000,88000,Debit Card,Online Order
231,SUN-8622709,16-02-2023,Nasi Goreng Kampung,Food,FOD-03,2,38000,76000,Debit Card,Online Order
232,SUN-6757150,17-02-2023,Iced Americano,Drinks,DRK-02,3,28000,84000,Digital Wallet,Dine in
233,SUN-5596627,18-05-2023,Buttermilk Fried Chicken,Food,FOD-01,3,48000,144000,Digital Wallet,Take Away
234,SUN-9841085,26-01-2023,Classic Tirmaisu,Dessert,DST-01,1,38000,38000,Debit Card,Dine in
235,SUN-2713777,03-06-2023,Creamy Maycha Latte,Drinks,DRK-05,3,35000,105000,Digital Wallet,Take Away
236,SUN-3524544,25-06-2023,Grill Chicken Caesar Salad,Food,FOD-04,2,42000,84000,Debit Card,Take Away
237,SUN-7653084,30-06-2023,Buttermilk Fried Chicken,Food,FOD-01,4,48000,192000,Cash,Take Away
238,SUN-1235445,28-07-2023,Choco Lava Cake,Dessert,DST-04,3,35000,105000,Debit Card,Dine in
239,SUN-1667427,16-06-2023,Buttermilk Fried Chicken,Food,FOD-01,4,48000,192000,Cash,Take Away
240,SUN-6268847,22-03-2023,Cafe Latte,Drinks,DRK-03,1,32000,32000,Digital Wallet,Take Away
241,SUN-1316955,03-08-2023,Cinnamon Roll,Dessert,DST-05,1,28000,28000,Debit Card,Dine in
242,SUN-4588078,16-06-2023,Iced Americano,Drinks,DRK-02,2,28000,56000,Digital Wallet,Dine in
243,SUN-7885330,03-11-2023,Choco Lava Cake,Dessert,DST-04,3,35000,105000,Digital Wallet,Online Order
244,SUN-3431116,13-09-2023,Caramel Machiato,Drinks,DRK-04,1,38000,38000,Digital Wallet,Dine in
245,SUN-4194603,23-09-2023,Iced Americano,Drinks,DRK-02,3,28000,84000,Cash,Take Away
246,SUN-2510315,28-07-2023,Caramel Machiato,Drinks,DRK-04,4,38000,152000,Cash,Online Order
247,SUN-8797339,14-05-2023,Grill Chicken Caesar Salad,Food,FOD-04,2,42000,84000,Debit Card,Dine in
248,SUN-5435220,13-04-2023,Cafe Latte,Drinks,DRK-03,3,32000,96000,Cash,Dine in
249,SUN-5323651,13-06-2023,Buttermilk Fried Chicken,Food,FOD-01,4,48000,192000,Cash,Dine in
250,SUN-2691185,28-07-2023,Choco Lava Cake,Dessert,DST-04,3,35000,105000,Cash,Take Away
251,SUN-8355592,15-05-2023,Grill Chicken Caesar Salad,Food,FOD-04,2,42000,84000,Digital Wallet,Dine in
252,SUN-9556826,23-02-2023,Beef Carbonara Pasta,Food,FOD-02,3,52000,156000,Digital Wallet,Take Away
253,SUN-5612383,10-02-2023,Creamy Maycha Latte,Drinks,DRK-05,4,35000,140000,Debit Card,Dine in
254,SUN-5319858,17-01-2023,Buttermilk Fried Chicken,Food,FOD-01,2,48000,96000,Debit Card,Dine in
255,SUN-8421588,16-03-2023,Espreso Single,Drinks,DRK-01,4,22000,88000,Debit Card,Online Order
256,SUN-2821147,29-05-2023,Grill Chicken Caesar Salad,Food,FOD-04,2,42000,84000,Cash,Dine in
257,SUN-7381352,14-04-2023,Cafe Latte,Drinks,DRK-03,4,32000,128000,Cash,Take Away
258,SUN-2816243,06-03-2023,Cinnamon Roll,Dessert,DST-05,1,28000,28000,Cash,Dine in
259,SUN-7746832,25-04-2023,Beef Carbonara Pasta,Food,FOD-02,2,52000,104000,Debit Card,Dine in
260,SUN-7359141,18-09-2023,Beef Carbonara Pasta,Food,FOD-02,1,52000,52000,Cash,Online Order
261,SUN-1762618,25-04-2023,Caramel Machiato,Drinks,DRK-04,2,38000,76000,Digital Wallet,Dine in
262,SUN-4862565,02-12-2023,Creamy Maycha Latte,Drinks,DRK-05,4,35000,140000,Debit Card,Dine in
263,SUN-2301108,30-07-2023,Grill Chicken Caesar Salad,Food,FOD-04,3,42000,126000,Cash,Take Away
264,SUN-3531137,20-02-2023,Iced Americano,Drinks,DRK-02,4,28000,112000,Cash,Take Away
265,SUN-2674547,21-12-2023,Cafe Latte,Drinks,DRK-03,2,32000,64000,Debit Card,Online Order
266,SUN-6706571,18-11-2023,Grill Chicken Caesar Salad,Food,FOD-04,4,42000,168000,Cash,Take Away
267,SUN-4124414,10-10-2023,Cinnamon Roll,Dessert,DST-05,2,28000,56000,Debit Card,Online Order
268,SUN-3837979,27-02-2023,Creamy Maycha Latte,Drinks,DRK-05,4,35000,140000,Digital Wallet,Dine in
269,SUN-8354539,16-10-2023,Creamy Maycha Latte,Drinks,DRK-05,1,35000,35000,Cash,Take Away
270,SUN-9734873,13-09-2023,Cafe Latte,Drinks,DRK-03,4,32000,128000,Cash,Online Order
271,SUN-7209746,05-10-2023,New York Cheesecake,Dessert,DST-03,4,42000,168000,Cash,Take Away
272,SUN-7429649,18-09-2023,Iced Americano,Drinks,DRK-02,4,28000,112000,Digital Wallet,Take Away
273,SUN-4405617,06-08-2023,Beef Carbonara Pasta,Food,FOD-02,3,52000,156000,Debit Card,Take Away
274,SUN-4871448,05-05-2023,Cinnamon Roll,Dessert,DST-05,4,28000,112000,Digital Wallet,Take Away
275,SUN-1256167,01-12-2023,New York Cheesecake,Dessert,DST-03,4,42000,168000,Digital Wallet,Online Order
276,SUN-1377532,24-12-2023,Classic Tirmaisu,Dessert,DST-01,4,38000,152000,Digital Wallet,Online Order
277,SUN-4857266,09-09-2023,Classic Tirmaisu,Dessert,DST-01,3,38000,114000,Cash,Take Away
278,SUN-1134107,11-05-2023,Choco Lava Cake,Dessert,DST-04,4,35000,140000,Cash,Take Away
279,SUN-8498309,02-07-2023,Espreso Single,Drinks,DRK-01,1,22000,22000,Digital Wallet,Online Order
280,SUN-2556907,24-07-2023,Fudgy Brownies,Dessert,DST-02,2,25000,50000,Debit Card,Online Order
281,SUN-2774642,29-01-2023,Grill Chicken Caesar Salad,Food,FOD-04,4,42000,168000,Cash,Take Away
282,SUN-2083171,02-02-2023,Iced Americano,Drinks,DRK-02,1,28000,28000,Debit Card,Dine in
283,SUN-6770098,28-06-2023,Creamy Maycha Latte,Drinks,DRK-05,1,35000,35000,Digital Wallet,Dine in
284,SUN-9322860,25-07-2023,Cinnamon Roll,Dessert,DST-05,2,28000,56000,Digital Wallet,Dine in
285,SUN-4442015,19-03-2023,Club Sandwich,Food,FOD-05,1,45000,45000,Cash,Dine in
286,SUN-4819487,07-04-2023,Caramel Machiato,Drinks,DRK-04,4,38000,152000,Debit Card,Online Order
287,SUN-7445465,18-02-2023,Choco Lava Cake,Dessert,DST-04,4,35000,140000,Cash,Take Away
288,SUN-8723081,01-12-2023,Fudgy Brownies,Dessert,DST-02,4,25000,100000,Digital Wallet,Online Order
289,SUN-7210372,04-07-2023,Club Sandwich,Food,FOD-05,3,45000,135000,Cash,Dine in
290,SUN-9528763,11-04-2023,Creamy Maycha Latte,Drinks,DRK-05,2,35000,70000,Cash,Online Order
291,SUN-2789774,14-10-2023,Iced Americano,Drinks,DRK-02,3,28000,84000,Debit Card,Online Order
292,SUN-1029409,17-12-2023,Nasi Goreng Kampung,Food,FOD-03,4,38000,152000,Cash,Take Away
293,SUN-9773293,18-04-2023,Club Sandwich,Food,FOD-05,4,45000,180000,Cash,Online Order
294,SUN-8922945,24-11-2023,Nasi Goreng Kampung,Food,FOD-03,1,38000,38000,Debit Card,Take Away
295,SUN-4768606,08-10-2023,Cinnamon Roll,Dessert,DST-05,3,28000,84000,Debit Card,Online Order
296,SUN-4106756,17-10-2023,Fudgy Brownies,Dessert,DST-02,3,25000,75000,Cash,Take Away
297,SUN-5539868,11-07-2023,Grill Chicken Caesar Salad,Food,FOD-04,2,42000,84000,Cash,Take Away
298,SUN-9406923,29-11-2023,Caramel Machiato,Drinks,DRK-04,4,38000,152000,Digital Wallet,Dine in
299,SUN-9997399,24-02-2023,Caramel Machiato,Drinks,DRK-04,3,38000,114000,Debit Card,Dine in
300,SUN-4512124,02-02-2023,Caramel Machiato,Drinks,DRK-04,4,38000,152000,Cash,Dine in
301,SUN-2543859,19-12-2023,Beef Carbonara Pasta,Food,FOD-02,2,52000,104000,Debit Card,Take Away
302,SUN-8239829,28-06-2023,Beef Carbonara Pasta,Food,FOD-02,4,52000,208000,Debit Card,Take Away
303,SUN-6420377,27-05-2023,Buttermilk Fried Chicken,Food,FOD-01,3,48000,144000,Debit Card,Take Away
304,SUN-3543216,24-09-2023,Espreso Single,Drinks,DRK-01,3,22000,66000,Debit Card,Dine in
305,SUN-5729919,18-04-2023,Cinnamon Roll,Dessert,DST-05,1,28000,28000,Debit Card,Online Order
306,SUN-1030767,21-08-2023,Creamy Maycha Latte,Drinks,DRK-05,4,35000,140000,Debit Card,Online Order
307,SUN-3027946,06-11-2023,Espreso Single,Drinks,DRK-01,3,22000,66000,Debit Card,Take Away
308,SUN-7415035,21-10-2023,Creamy Maycha Latte,Drinks,DRK-05,1,35000,35000,Digital Wallet,Dine in
309,SUN-1480325,15-02-2023,Espreso Single,Drinks,DRK-01,1,22000,22000,Debit Card,Online Order
310,SUN-1769805,20-12-2023,Fudgy Brownies,Dessert,DST-02,2,25000,50000,Debit Card,Dine in
311,SUN-4174154,25-09-2023,Club Sandwich,Food,FOD-05,1,45000,45000,Debit Card,Online Order
312,SUN-8558263,12-09-2023,Club Sandwich,Food,FOD-05,4,45000,180000,Digital Wallet,Online Order
313,SUN-1797661,10-03-2023,Fudgy Brownies,Dessert,DST-02,4,25000,100000,Debit Card,Dine in
314,SUN-1847640,03-12-2023,Caramel Machiato,Drinks,DRK-04,2,38000,76000,Cash,Take Away
315,SUN-9268320,24-05-2023,Club Sandwich,Food,FOD-05,3,45000,135000,Debit Card,Take Away
316,SUN-4437789,10-12-2023,Cinnamon Roll,Dessert,DST-05,3,28000,84000,Debit Card,Online Order
317,SUN-8061677,26-03-2023,Cinnamon Roll,Dessert,DST-04,1,28000,28000,Debit Card,Take Away
318,SUN-7979614,04-02-2023,Espreso Single,Drinks,DRK-01,1,22000,22000,Digital Wallet,Online Order
319,SUN-2682731,04-11-2023,Beef Carbonara Pasta,Food,FOD-02,3,52000,156000,Debit Card,Dine in
320,SUN-9618766,01-08-2023,Fudgy Brownies,Dessert,DST-02,4,25000,100000,Digital Wallet,Take Away
321,SUN-2398916,23-05-2023,Caramel Machiato,Drinks,DRK-04,2,38000,76000,Digital Wallet,Dine in
322,SUN-1753518,23-12-2023,Choco Lava Cake,Dessert,DST-04,2,35000,70000,Digital Wallet,Take Away
323,SUN-4498683,22-12-2023,Choco Lava Cake,Dessert,DST-04,1,35000,35000,Debit Card,Dine in
324,SUN-5408520,05-01-2023,Iced Americano,Drinks,DRK-02,1,28000,28000,Cash,Take Away
325,SUN-4045181,17-08-2023,Iced Americano,Drinks,DRK-02,4,28000,112000,Debit Card,Dine in
326,SUN-9771208,22-10-2023,Fudgy Brownies,Dessert,DST-02,4,25000,100000,Cash,Dine in
327,SUN-5523093,11-09-2023,Cinnamon Roll,Dessert,DST-05,1,28000,28000,Debit Card,Dine in
328,SUN-2456469,08-08-2023,Cinnamon Roll,Dessert,DST-05,3,28000,84000,Debit Card,Dine in
329,SUN-4977738,10-07-2023,Choco Lava Cake,Dessert,DST-04,1,35000,35000,Digital Wallet,Take Away
330,SUN-3826687,14-07-2023,Fudgy Brownies,Dessert,DST-02,4,25000,100000,Cash,Dine in
331,SUN-1397063,23-04-2023,Nasi Goreng Kampung,Food,FOD-03,2,38000,76000,Cash,Take Away
332,SUN-6488202,22-02-2023,Caramel Machiato,Drinks,DRK-04,3,38000,114000,Debit Card,Online Order
333,SUN-4165877,25-05-2023,Caramel Machiato,Drinks,DRK-04,1,38000,38000,Digital Wallet,Take Away
334,SUN-2746638,12-09-2023,Creamy Maycha Latte,Drinks,DRK-05,3,35000,105000,Digital Wallet,Online Order
335,SUN-7816474,10-12-2023,Classic Tirmaisu,Dessert,DST-01,1,38000,38000,Digital Wallet,Take Away
336,SUN-1505644,18-12-2023,Nasi Goreng Kampung,Food,FOD-03,4,38000,152000,Digital Wallet,Dine in
337,SUN-7522696,15-03-2023,Cinnamon Roll,Dessert,DST-05,3,28000,84000,Debit Card,Take Away
338,SUN-3544975,11-01-2023,Cinnamon Roll,Dessert,DST-05,2,28000,56000,Cash,Dine in
339,SUN-3637143,27-12-2023,New York Cheesecake,Dessert,DST-03,1,42000,42000,Debit Card,Online Order
340,SUN-6399813,03-09-2023,Espreso Single,Drinks,DRK-01,1,22000,22000,Digital Wallet,Online Order
341,SUN-4152039,04-10-2023,Beef Carbonara Pasta,Food,FOD-02,3,52000,156000,Debit Card,Take Away
342,SUN-7931804,25-10-2023,Nasi Goreng Kampung,Food,FOD-03,3,38000,114000,Digital Wallet,Take Away
343,SUN-1816544,12-05-2023,Choco Lava Cake,Dessert,DST-04,1,35000,35000,Digital Wallet,Online Order
344,SUN-4045362,13-11-2023,Beef Carbonara Pasta,Food,FOD-02,1,52000,52000,Debit Card,Take Away
345,SUN-9796984,23-08-2023,Nasi Goreng Kampung,Food,FOD-03,4,38000,152000,Digital Wallet,Dine in
346,SUN-1726544,23-08-2023,Cinnamon Roll,Dessert,DST-05,2,28000,56000,Digital Wallet,Take Away
347,SUN-7762970,20-05-2023,Espreso Single,Drinks,DRK-01,1,22000,22000,Debit Card,Take Away
348,SUN-9389914,06-05-2023,Grill Chicken Caesar Salad,Food,FOD-04,1,42000,42000,Cash,Dine in
349,SUN-6556153,20-05-2023,Fudgy Brownies,Dessert,DST-02,1,25000,25000,Digital Wallet,Take Away
350,SUN-5426375,18-09-2023,Club Sandwich,Food,FOD-05,4,45000,180000,Debit Card,Take Away
351,SUN-5696946,03-07-2023,Creamy Maycha Latte,Drinks,DRK-05,3,35000,105000,Digital Wallet,Take Away
352,SUN-5399262,08-01-2023,New York Cheesecake,Dessert,DST-03,2,42000,84000,Digital Wallet,Take Away
353,SUN-9376436,07-01-2023,Buttermilk Fried Chicken,Food,FOD-01,2,48000,96000,Debit Card,Online Order
354,SUN-7246805,12-03-2023,New York Cheesecake,Dessert,DST-03,1,42000,42000,Debit Card,Dine in
355,SUN-1955084,30-06-2023,Cafe Latte,Drinks,DRK-03,4,32000,128000,Debit Card,Take Away
356,SUN-3276269,07-08-2023,Iced Americano,Drinks,DRK-02,1,28000,28000,Debit Card,Take Away
357,SUN-2353688,21-12-2023,Club Sandwich,Food,FOD-05,2,45000,90000,Cash,Take Away
358,SUN-2662613,12-10-2023,Cinnamon Roll,Dessert,DST-05,2,28000,56000,Digital Wallet,Online Order
359,SUN-2371872,15-04-2023,Nasi Goreng Kampung,Food,FOD-03,2,38000,76000,Digital Wallet,Dine in
360,SUN-5290536,07-07-2023,Cafe Latte,Drinks,DRK-03,1,32000,32000,Cash,Take Away
361,SUN-6005328,01-10-2023,Caramel Machiato,Drinks,DRK-04,2,38000,76000,Digital Wallet,Take Away
362,SUN-2022653,19-11-2023,Nasi Goreng Kampung,Food,FOD-03,1,38000,38000,Digital Wallet,Online Order
363,SUN-9179409,11-06-2023,Iced Americano,Drinks,DRK-02,2,28000,56000,Cash,Dine in
364,SUN-5206878,19-09-2023,New York Cheesecake,Dessert,DST-03,3,42000,126000,Digital Wallet,Dine in
365,SUN-6121218,18-03-2023,Iced Americano,Drinks,DRK-02,3,28000,84000,Cash,Dine in
366,SUN-3336719,17-06-2023,Nasi Goreng Kampung,Food,FOD-03,3,38000,114000,Debit Card,Take Away
367,SUN-5402441,27-11-2023,Creamy Maycha Latte,Drinks,DRK-05,1,35000,35000,Debit Card,Dine in
368,SUN-3569702,20-05-2023,Club Sandwich,Food,FOD-05,3,45000,135000,Debit Card,Dine in
369,SUN-1381307,07-01-2023,Classic Tirmaisu,Dessert,DST-01,2,38000,76000,Cash,Take Away
370,SUN-8451726,15-10-2023,New York Cheesecake,Dessert,DST-03,1,42000,42000,Debit Card,Online Order
371,SUN-1489974,21-04-2023,Fudgy Brownies,Dessert,DST-02,1,25000,25000,Debit Card,Online Order
372,SUN-3192938,10-06-2023,Choco Lava Cake,Dessert,DST-04,1,35000,35000,Digital Wallet,Take Away
373,SUN-6804505,31-12-2023,Creamy Maycha Latte,Drinks,DRK-05,2,35000,70000,Cash,Dine in
374,SUN-8970521,22-05-2023,Cafe Latte,Drinks,DRK-03,4,32000,128000,Cash,Take Away
375,SUN-9425824,06-04-2023,Cafe Latte,Drinks,DRK-03,4,32000,128000,Digital Wallet,Online Order
376,SUN-7104675,27-03-2023,Caramel Machiato,Drinks,DRK-04,1,38000,38000,Cash,Dine in
377,SUN-1882201,06-11-2023,Caramel Machiato,Drinks,DRK-04,3,38000,114000,Debit Card,Take Away
378,SUN-8215332,20-03-2023,Buttermilk Fried Chicken,Food,FOD-01,4,48000,192000,Digital Wallet,Dine in
379,SUN-2898317,10-08-2023,Cafe Latte,Drinks,DRK-03,4,32000,128000,Cash,Dine in
380,SUN-2416281,28-03-2023,Fudgy Brownies,Dessert,DST-02,2,25000,50000,Cash,Take Away
381,SUN-1841516,22-10-2023,Iced Americano,Drinks,DRK-02,4,28000,112000,Debit Card,Online Order
382,SUN-1118085,20-09-2023,Nasi Goreng Kampung,Food,FOD-03,2,38000,76000,Debit Card,Online Order
383,SUN-2587441,19-08-2023,Club Sandwich,Food,FOD-05,1,45000,45000,Debit Card,Online Order
384,SUN-1128104,05-06-2023,New York Cheesecake,Dessert,DST-03,2,42000,84000,Cash,Dine in
385,SUN-9704849,13-05-2023,Creamy Maycha Latte,Drinks,DRK-05,1,35000,35000,Digital Wallet,Take Away
386,SUN-1185213,13-12-2023,Iced Americano,Drinks,DRK-02,3,28000,84000,Debit Card,Dine in
387,SUN-1873349,05-10-2023,Cinnamon Roll,Dessert,DST-05,4,28000,112000,Debit Card,Online Order
388,SUN-8985896,24-05-2023,Buttermilk Fried Chicken,Food,FOD-01,4,48000,192000,Debit Card,Take Away
389,SUN-4006358,10-01-2023,Beef Carbonara Pasta,Food,FOD-02,1,52000,52000,Digital Wallet,Online Order
390,SUN-7919016,16-02-2023,Buttermilk Fried Chicken,Food,FOD-01,1,48000,48000,Cash,Dine in
391,SUN-4007735,13-06-2023,Nasi Goreng Kampung,Food,FOD-03,4,38000,152000,Digital Wallet,Take Away
392,SUN-8883757,17-06-2023,Nasi Goreng Kampung,Food,FOD-03,1,38000,38000,Cash,Dine in
393,SUN-8018614,16-05-2023,Buttermilk Fried Chicken,Food,FOD-01,1,48000,48000,Debit Card,Online Order
394,SUN-9226217,26-12-2023,Classic Tirmaisu,Dessert,DST-01,1,38000,38000,Digital Wallet,Dine in
395,SUN-5571863,24-06-2023,Iced Americano,Drinks,DRK-02,1,28000,28000,Digital Wallet,Dine in
396,SUN-5709432,17-10-2023,Cafe Latte,Drinks,DRK-03,2,32000,64000,Digital Wallet,Dine in
397,SUN-7472387,16-02-2023,Espreso Single,Drinks,DRK-01,2,22000,44000,Cash,Online Order
398,SUN-8499553,17-05-2023,Fudgy Brownies,Dessert,DST-02,4,25000,100000,Digital Wallet,Take Away
399,SUN-6581890,23-03-2023,Iced Americano,Drinks,DRK-02,3,28000,84000,Debit Card,Take Away
400,SUN-6564866,22-02-2023,Club Sandwich,Food,FOD-05,3,45000,135000,Debit Card,Dine in
401,SUN-8008079,25-07-2023,Creamy Maycha Latte,Drinks,DRK-05,4,35000,140000,Debit Card,Take Away
402,SUN-3078409,21-02-2023,Grill Chicken Caesar Salad,Food,FOD-04,3,42000,126000,Debit Card,Online Order
403,SUN-5938043,22-05-2023,New York Cheesecake,Dessert,DST-03,1,42000,42000,Debit Card,Take Away
404,SUN-3499587,08-09-2023,Espreso Single,Drinks,DRK-01,3,22000,66000,Cash,Dine in
405,SUN-2362000,16-10-2023,Iced Americano,Drinks,DRK-02,1,28000,28000,Digital Wallet,Dine in
406,SUN-9155910,24-07-2023,Classic Tirmaisu,Dessert,DST-01,2,38000,76000,Debit Card,Take Away
407,SUN-3704493,09-08-2023,Buttermilk Fried Chicken,Food,FOD-01,4,48000,192000,Cash,Take Away
408,SUN-5178826,18-04-2023,Beef Carbonara Pasta,Food,FOD-02,4,52000,208000,Digital Wallet,Online Order
409,SUN-4768636,11-11-2023,Creamy Maycha Latte,Drinks,DRK-05,2,35000,70000,Digital Wallet,Dine in
410,SUN-1016205,09-03-2023,New York Cheesecake,Dessert,DST-03,3,42000,126000,Debit Card,Take Away
411,SUN-8935007,25-09-2023,Cafe Latte,Drinks,DRK-03,3,32000,96000,Digital Wallet,Dine in
412,SUN-7951911,02-02-2023,Buttermilk Fried Chicken,Food,FOD-01,4,48000,192000,Digital Wallet,Online Order
413,SUN-1103558,08-08-2023,Classic Tirmaisu,Dessert,DST-01,3,38000,114000,Digital Wallet,Take Away
414,SUN-2197512,02-04-2023,Caramel Machiato,Drinks,DRK-04,2,38000,76000,Debit Card,Online Order
415,SUN-1221935,15-04-2023,Choco Lava Cake,Dessert,DST-04,4,35000,140000,Cash,Dine in
416,SUN-9853177,06-05-2023,Fudgy Brownies,Dessert,DST-02,2,25000,50000,Debit Card,Dine in
417,SUN-7387208,13-10-2023,Choco Lava Cake,Dessert,DST-04,4,35000,140000,Digital Wallet,Take Away
418,SUN-6659749,16-10-2023,Espreso Single,Drinks,DRK-01,3,22000,66000,Debit Card,Online Order
419,SUN-1372525,02-04-2023,Classic Tirmaisu,Dessert,DST-01,3,38000,114000,Digital Wallet,Take Away
420,SUN-4958482,16-07-2023,Creamy Maycha Latte,Drinks,DRK-05,3,35000,105000,Debit Card,Online Order
421,SUN-8118846,28-01-2023,Fudgy Brownies,Dessert,DST-02,2,25000,50000,Debit Card,Dine in
422,SUN-4770221,22-11-2023,Espreso Single,Drinks,DRK-01,4,22000,88000,Debit Card,Take Away
423,SUN-4376420,18-12-2023,Choco Lava Cake,Dessert,DST-04,1,35000,35000,Debit Card,Take Away
424,SUN-4486484,13-05-2023,Cafe Latte,Drinks,DRK-03,4,32000,128000,Debit Card,Online Order
425,SUN-3959123,17-07-2023,Grill Chicken Caesar Salad,Food,FOD-04,1,42000,42000,Debit Card,Take Away
426,SUN-2811084,16-07-2023,Grill Chicken Caesar Salad,Food,FOD-04,3,42000,126000,Cash,Take Away
427,SUN-4387390,10-10-2023,Caramel Machiato,Drinks,DRK-04,3,38000,114000,Debit Card,Online Order
428,SUN-1021619,26-01-2023,Iced Americano,Drinks,DRK-02,1,28000,28000,Cash,Take Away
429,SUN-8974534,13-07-2023,Grill Chicken Caesar Salad,Food,FOD-04,2,42000,84000,Debit Card,Online Order
430,SUN-4943061,04-11-2023,Club Sandwich,Food,FOD-05,1,45000,45000,Cash,Take Away
431,SUN-5283266,12-08-2023,Grill Chicken Caesar Salad,Food,FOD-04,2,42000,84000,Cash,Dine in
432,SUN-7959488,23-07-2023,Club Sandwich,Food,FOD-05,4,45000,180000,Digital Wallet,Online Order
433,SUN-8667313,13-01-2023,Choco Lava Cake,Dessert,DST-04,2,35000,70000,Debit Card,Dine in
434,SUN-8181221,04-12-2023,Cafe Latte,Drinks,DRK-03,3,32000,96000,Cash,Dine in
435,SUN-5290242,10-03-2023,Nasi Goreng Kampung,Food,FOD-03,3,38000,114000,Debit Card,Take Away
436,SUN-8849257,08-05-2023,Caramel Machiato,Drinks,DRK-04,4,38000,152000,Cash,Online Order
437,SUN-4007209,04-09-2023,Buttermilk Fried Chicken,Food,FOD-01,1,48000,48000,Digital Wallet,Take Away
438,SUN-6760631,18-06-2023,Club Sandwich,Food,FOD-05,4,45000,180000,Digital Wallet,Take Away
439,SUN-6991658,28-07-2023,Club Sandwich,Food,FOD-05,4,45000,180000,Cash,Dine in
440,SUN-6215306,04-08-2023,Caramel Machiato,Drinks,DRK-04,4,38000,152000,Debit Card,Take Away
441,SUN-8109579,02-04-2023,Cinnamon Roll,Dessert,DST-05,2,28000,56000,Cash,Take Away
442,SUN-7369332,06-01-2023,Iced Americano,Drinks,DRK-02,2,28000,56000,Digital Wallet,Dine in
443,SUN-8167247,14-12-2023,Beef Carbonara Pasta,Food,FOD-02,3,52000,156000,Cash,Take Away
444,SUN-9276663,23-10-2023,Beef Carbonara Pasta,Food,FOD-02,1,52000,52000,Digital Wallet,Online Order
445,SUN-8452148,26-02-2023,Espreso Single,Drinks,DRK-01,1,22000,22000,Cash,Take Away
446,SUN-9219218,02-09-2023,Grill Chicken Caesar Salad,Food,FOD-04,2,42000,84000,Debit Card,Dine in
447,SUN-6473691,06-07-2023,Creamy Maycha Latte,Drinks,DRK-05,1,35000,35000,Cash,Dine in
448,SUN-3721775,27-09-2023,New York Cheesecake,Dessert,DST-03,3,42000,126000,Debit Card,Online Order
449,SUN-9919718,22-02-2023,Grill Chicken Caesar Salad,Food,FOD-04,1,42000,42000,Debit Card,Dine in
450,SUN-2398984,13-09-2023,Club Sandwich,Food,FOD-05,3,45000,135000,Digital Wallet,Online Order
451,SUN-6660507,19-09-2023,Cinnamon Roll,Dessert,DST-05,2,28000,56000,Debit Card,Dine in
452,SUN-1768333,31-12-2023,Cinnamon Roll,Dessert,DST-05,4,28000,112000,Cash,Dine in
453,SUN-4056073,11-04-2023,Buttermilk Fried Chicken,Food,FOD-01,2,48000,96000,Debit Card,Take Away
454,SUN-3428523,07-06-2023,Iced Americano,Drinks,DRK-02,2,28000,56000,Digital Wallet,Take Away
455,SUN-1125514,18-02-2023,New York Cheesecake,Dessert,DST-03,3,42000,126000,Digital Wallet,Online Order
456,SUN-8324187,06-01-2023,Classic Tirmaisu,Dessert,DST-01,2,38000,76000,Digital Wallet,Take Away
457,SUN-7539745,17-01-2023,New York Cheesecake,Dessert,DST-03,1,42000,42000,Cash,Take Away
458,SUN-6650900,13-06-2023,Nasi Goreng Kampung,Food,FOD-03,3,38000,114000,Digital Wallet,Dine in
459,SUN-2456442,05-03-2023,Buttermilk Fried Chicken,Food,FOD-01,3,48000,144000,Debit Card,Dine in
460,SUN-7994772,29-09-2023,New York Cheesecake,Dessert,DST-03,2,42000,84000,Debit Card,Take Away
461,SUN-8282188,12-03-2023,Buttermilk Fried Chicken,Food,FOD-01,1,48000,48000,Debit Card,Dine in
462,SUN-9572771,17-08-2023,Fudgy Brownies,Dessert,DST-02,2,25000,50000,Cash,Dine in
463,SUN-2028492,15-07-2023,Fudgy Brownies,Dessert,DST-02,2,25000,50000,Debit Card,Dine in
464,SUN-9165958,01-05-2023,Fudgy Brownies,Dessert,DST-02,4,25000,100000,Digital Wallet,Dine in
465,SUN-2152912,14-06-2023,Choco Lava Cake,Dessert,DST-04,4,35000,140000,Debit Card,Online Order
466,SUN-6440272,31-12-2023,Nasi Goreng Kampung,Food,FOD-03,4,38000,152000,Debit Card,Take Away
467,SUN-3298785,16-12-2023,Nasi Goreng Kampung,Food,FOD-03,2,38000,76000,Cash,Take Away
468,SUN-5843575,12-04-2023,Beef Carbonara Pasta,Food,FOD-02,1,52000,52000,Digital Wallet,Take Away
469,SUN-2106667,15-12-2023,New York Cheesecake,Dessert,DST-03,3,42000,126000,Digital Wallet,Online Order
470,SUN-6924098,21-03-2023,Nasi Goreng Kampung,Food,FOD-03,2,38000,76000,Debit Card,Dine in
471,SUN-4548595,18-10-2023,Caramel Machiato,Drinks,DRK-04,1,38000,38000,Digital Wallet,Online Order
472,SUN-6238084,06-05-2023,Caramel Machiato,Drinks,DRK-04,3,38000,114000,Debit Card,Online Order
473,SUN-9732161,03-09-2023,Caramel Machiato,Drinks,DRK-04,3,38000,114000,Debit Card,Dine in
474,SUN-3392444,26-08-2023,Iced Americano,Drinks,DRK-02,1,28000,28000,Debit Card,Online Order
475,SUN-1470270,05-11-2023,Espreso Single,Drinks,DRK-01,4,22000,88000,Digital Wallet,Take Away
476,SUN-6706682,20-05-2023,Cinnamon Roll,Dessert,DST-05,4,28000,112000,Debit Card,Take Away
477,SUN-2322526,09-12-2023,Iced Americano,Drinks,DRK-02,3,28000,84000,Debit Card,Take Away
478,SUN-5083411,18-11-2023,Caramel Machiato,Drinks,DRK-04,1,38000,38000,Debit Card,Online Order
479,SUN-5311525,09-01-2023,Iced Americano,Drinks,DRK-02,4,28000,112000,Digital Wallet,Take Away
480,SUN-2075741,06-02-2023,Espreso Single,Drinks,DRK-01,2,22000,44000,Digital Wallet,Online Order
481,SUN-5180620,13-02-2023,Classic Tirmaisu,Dessert,DST-01,4,38000,152000,Debit Card,Take Away
482,SUN-4840410,24-08-2023,Fudgy Brownies,Dessert,DST-02,2,25000,50000,Debit Card,Online Order
483,SUN-3842470,12-05-2023,Iced Americano,Drinks,DRK-02,4,28000,112000,Debit Card,Online Order
484,SUN-4396865,26-02-2023,Iced Americano,Drinks,DRK-02,1,28000,28000,Debit Card,Take Away
485,SUN-8980260,04-02-2023,Nasi Goreng Kampung,Food,FOD-03,2,38000,76000,Cash,Take Away
486,SUN-3282611,01-12-2023,Club Sandwich,Food,FOD-05,2,45000,90000,Cash,Take Away
487,SUN-7298262,07-08-2023,Cinnamon Roll,Dessert,DST-05,3,28000,84000,Debit Card,Take Away
488,SUN-2390125,13-01-2023,Choco Lava Cake,Dessert,DST-04,2,35000,70000,Debit Card,Dine in
489,SUN-7275832,06-04-2023,Buttermilk Fried Chicken,Food,FOD-01,1,48000,48000,Cash,Take Away
490,SUN-9656174,28-08-2023,Cinnamon Roll,Dessert,DST-05,3,28000,84000,Digital Wallet,Take Away
491,SUN-5787125,07-04-2023,Beef Carbonara Pasta,Food,FOD-02,4,52000,208000,Debit Card,Online Order
492,SUN-9117990,06-10-2023,Iced Americano,Drinks,DRK-02,2,28000,56000,Debit Card,Dine in
493,SUN-9131907,16-04-2023,Caramel Machiato,Drinks,DRK-04,1,38000,38000,Digital Wallet,Dine in
494,SUN-1190552,19-08-2023,Grill Chicken Caesar Salad,Food,FOD-04,4,42000,168000,Cash,Take Away
495,SUN-7070835,05-02-2023,Beef Carbonara Pasta,Food,FOD-02,4,52000,208000,Cash,Take Away
496,SUN-1170595,23-10-2023,Cinnamon Roll,Dessert,DST-05,2,28000,56000,Cash,Dine in
497,SUN-6989509,28-09-2023,Buttermilk Fried Chicken,Food,FOD-01,4,48000,192000,Digital Wallet,Online Order
498,SUN-1334408,16-07-2023,New York Cheesecake,Dessert,DST-03,3,42000,126000,Digital Wallet,Dine in
499,SUN-3331131,26-08-2023,Grill Chicken Caesar Salad,Food,FOD-04,2,42000,84000,Debit Card,Take Away
500,SUN-3585942,24-01-2023,Caramel Machiato,Drinks,DRK-04,3,38000,114000,Cash,Take Away
501,SUN-5750008,10-08-2023,Fudgy Brownies,Dessert,DST-02,4,25000,100000,Cash,Dine in
502,SUN-3985646,16-06-2023,Fudgy Brownies,Dessert,DST-02,1,25000,25000,Debit Card,Online Order
503,SUN-5532495,13-01-2023,New York Cheesecake,Dessert,DST-03,2,42000,84000,Debit Card,Dine in
504,SUN-9133551,11-01-2023,Caramel Machiato,Drinks,DRK-04,4,38000,152000,Cash,Dine in
505,SUN-5178202,06-06-2023,Iced Americano,Drinks,DRK-02,4,28000,112000,Digital Wallet,Take Away
506,SUN-1124016,21-09-2023,Creamy Maycha Latte,Drinks,DRK-05,4,35000,140000,Debit Card,Dine in
507,SUN-1885203,08-09-2023,Choco Lava Cake,Dessert,DST-04,3,35000,105000,Digital Wallet,Take Away
508,SUN-6354140,05-03-2023,Classic Tirmaisu,Dessert,DST-01,4,38000,152000,Digital Wallet,Online Order
509,SUN-9783504,27-02-2023,Creamy Maycha Latte,Drinks,DRK-05,1,35000,35000,Debit Card,Take Away
510,SUN-6406271,02-04-2023,Iced Americano,Drinks,DRK-02,4,28000,112000,Debit Card,Take Away
511,SUN-1895137,21-05-2023,Nasi Goreng Kampung,Food,FOD-03,2,38000,76000,Debit Card,Online Order
512,SUN-6815911,30-05-2023,Espreso Single,Drinks,DRK-01,3,22000,66000,Cash,Take Away
513,SUN-4310135,08-01-2023,New York Cheesecake,Dessert,DST-03,1,42000,42000,Digital Wallet,Take Away
514,SUN-2288703,13-05-2023,Grill Chicken Caesar Salad,Food,FOD-04,1,42000,42000,Digital Wallet,Dine in
515,SUN-8690462,30-01-2023,Beef Carbonara Pasta,Food,FOD-02,3,52000,156000,Debit Card,Online Order
516,SUN-2787346,14-03-2023,Nasi Goreng Kampung,Food,FOD-03,3,38000,114000,Digital Wallet,Dine in
517,SUN-6692806,21-03-2023,Creamy Maycha Latte,Drinks,DRK-05,4,35000,140000,Debit Card,Dine in
518,SUN-2097804,20-05-2023,Club Sandwich,Food,FOD-05,1,45000,45000,Debit Card,Online Order
519,SUN-8353639,01-06-2023,Choco Lava Cake,Dessert,DST-04,4,35000,140000,Digital Wallet,Online Order
520,SUN-3000311,20-01-2023,Iced Americano,Drinks,DRK-02,1,28000,28000,Digital Wallet,Dine in
521,SUN-7084958,19-06-2023,Grill Chicken Caesar Salad,Food,FOD-04,3,42000,126000,Debit Card,Take Away
522,SUN-2871925,28-11-2023,Creamy Maycha Latte,Drinks,DRK-05,3,35000,105000,Cash,Take Away
523,SUN-6628021,19-11-2023,Fudgy Brownies,Dessert,DST-02,2,25000,50000,Digital Wallet,Dine in
524,SUN-5221320,20-02-2023,Grill Chicken Caesar Salad,Food,FOD-04,4,42000,168000,Debit Card,Online Order
525,SUN-5777603,26-04-2023,Fudgy Brownies,Dessert,DST-02,3,25000,75000,Debit Card,Online Order
526,SUN-2654927,28-08-2023,Choco Lava Cake,Dessert,DST-04,2,35000,70000,Cash,Take Away
527,SUN-6347278,08-01-2023,Iced Americano,Drinks,DRK-02,2,28000,56000,Cash,Take Away
528,SUN-8796986,29-07-2023,New York Cheesecake,Dessert,DST-03,2,42000,84000,Cash,Dine in
529,SUN-4177594,29-10-2023,Caramel Machiato,Drinks,DRK-04,2,38000,76000,Debit Card,Online Order
530,SUN-6487325,15-10-2023,New York Cheesecake,Dessert,DST-03,2,42000,84000,Digital Wallet,Take Away
531,SUN-2977261,23-01-2023,Nasi Goreng Kampung,Food,FOD-03,4,38000,152000,Cash,Take Away
532,SUN-8895931,11-04-2023,Classic Tirmaisu,Dessert,DST-01,1,38000,38000,Digital Wallet,Online Order
533,SUN-8072233,03-02-2023,Club Sandwich,Food,FOD-05,2,45000,90000,Debit Card,Online Order
534,SUN-9296803,03-07-2023,Nasi Goreng Kampung,Food,FOD-03,4,38000,152000,Digital Wallet,Dine in
535,SUN-9126527,18-12-2023,Grill Chicken Caesar Salad,Food,FOD-04,4,42000,168000,Cash,Take Away
536,SUN-1965121,19-10-2023,Classic Tirmaisu,Dessert,DST-01,1,38000,38000,Cash,Dine in
537,SUN-7045122,02-10-2023,Fudgy Brownies,Dessert,DST-02,3,25000,75000,Debit Card,Dine in
538,SUN-7128024,02-10-2023,Fudgy Brownies,Dessert,DST-02,1,25000,25000,Digital Wallet,Dine in
539,SUN-4824265,04-05-2023,Club Sandwich,Food,FOD-05,4,45000,180000,Debit Card,Online Order
540,SUN-3944598,23-12-2023,Club Sandwich,Food,FOD-05,4,45000,180000,Debit Card,Take Away
541,SUN-3976495,18-02-2023,Cinnamon Roll,Dessert,DST-04,3,28000,84000,Digital Wallet,Take Away
542,SUN-8460476,16-06-2023,Choco Lava Cake,Dessert,DST-04,1,35000,35000,Debit Card,Dine in
543,SUN-1496273,22-05-2023,Beef Carbonara Pasta,Food,FOD-02,2,52000,104000,Cash,Take Away
544,SUN-2103960,18-06-2023,Cafe Latte,Drinks,DRK-03,2,32000,64000,Debit Card,Online Order
545,SUN-5232957,04-05-2023,Nasi Goreng Kampung,Food,FOD-03,3,38000,114000,Debit Card,Take Away
546,SUN-4642156,21-06-2023,Fudgy Brownies,Dessert,DST-02,4,25000,100000,Debit Card,Online Order
547,SUN-2361219,16-11-2023,Classic Tirmaisu,Dessert,DST-01,3,38000,114000,Cash,Take Away
548,SUN-4420069,19-06-2023,Creamy Maycha Latte,Drinks,DRK-05,1,35000,35000,Digital Wallet,Take Away
549,SUN-1738839,02-06-2023,New York Cheesecake,Dessert,DST-03,4,42000,168000,Digital Wallet,Dine in
550,SUN-1091734,21-08-2023,Buttermilk Fried Chicken,Food,FOD-01,3,48000,144000,Digital Wallet,Dine in
551,SUN-3073383,30-01-2023,Creamy Maycha Latte,Drinks,DRK-05,2,35000,70000,Debit Card,Dine in
552,SUN-9193911,22-11-2023,Choco Lava Cake,Dessert,DST-04,2,35000,70000,Cash,Online Order
553,SUN-3985207,05-12-2023,New York Cheesecake,Dessert,DST-03,3,42000,126000,Debit Card,Take Away
554,SUN-2020376,08-01-2023,Club Sandwich,Food,FOD-05,1,45000,45000,Cash,Dine in
555,SUN-2716666,16-08-2023,Iced Americano,Drinks,DRK-02,4,28000,112000,Debit Card,Take Away
556,SUN-2012318,30-12-2023,Club Sandwich,Food,FOD-05,1,45000,45000,Digital Wallet,Dine in
557,SUN-6498910,12-02-2023,Iced Americano,Drinks,DRK-02,3,28000,84000,Digital Wallet,Online Order
558,SUN-1078513,25-02-2023,Espreso Single,Drinks,DRK-01,3,22000,66000,Cash,Take Away
559,SUN-4876866,11-02-2023,Nasi Goreng Kampung,Food,FOD-03,3,38000,114000,Debit Card,Dine in
560,SUN-7067415,02-12-2023,Grill Chicken Caesar Salad,Food,FOD-04,4,42000,168000,Cash,Dine in
561,SUN-4910016,20-06-2023,New York Cheesecake,Dessert,DST-03,1,42000,42000,Cash,Take Away
562,SUN-7631407,16-12-2023,Iced Americano,Drinks,DRK-02,4,28000,112000,Debit Card,Online Order
563,SUN-6480960,03-02-2023,New York Cheesecake,Dessert,DST-03,4,42000,168000,Digital Wallet,Take Away
564,SUN-2243805,08-09-2023,Beef Carbonara Pasta,Food,FOD-02,1,52000,52000,Cash,Online Order
565,SUN-4539484,19-08-2023,Choco Lava Cake,Dessert,DST-04,3,35000,105000,Cash,Take Away
566,SUN-7766140,16-07-2023,Iced Americano,Drinks,DRK-02,4,28000,112000,Cash,Take Away
567,SUN-5264074,13-08-2023,Club Sandwich,Food,FOD-05,3,45000,135000,Debit Card,Online Order
568,SUN-1607097,16-02-2023,Espreso Single,Drinks,DRK-01,2,22000,44000,Debit Card,Online Order
569,SUN-5257382,18-03-2023,Fudgy Brownies,Dessert,DST-02,3,25000,75000,Debit Card,Take Away
570,SUN-5446022,14-08-2023,Choco Lava Cake,Dessert,DST-04,1,35000,35000,Digital Wallet,Dine in
571,SUN-4737796,22-10-2023,Choco Lava Cake,Dessert,DST-04,4,35000,140000,Digital Wallet,Online Order
572,SUN-2867914,25-11-2023,Grill Chicken Caesar Salad,Food,FOD-04,2,42000,84000,Cash,Dine in
573,SUN-3835532,15-10-2023,Choco Lava Cake,Dessert,DST-04,1,35000,35000,Cash,Dine in
574,SUN-6080909,18-06-2023,Beef Carbonara Pasta,Food,FOD-02,2,52000,104000,Debit Card,Dine in
575,SUN-1242131,01-12-2023,Caramel Machiato,Drinks,DRK-04,2,38000,76000,Debit Card,Take Away
576,SUN-8079228,13-01-2023,Iced Americano,Drinks,DRK-02,2,28000,56000,Debit Card,Dine in
577,SUN-1931557,02-09-2023,Grill Chicken Caesar Salad,Food,FOD-04,3,42000,126000,Debit Card,Take Away
578,SUN-1788058,07-07-2023,Fudgy Brownies,Dessert,DST-02,1,25000,25000,Cash,Dine in
579,SUN-8277389,10-09-2023,Cinnamon Roll,Dessert,DST-05,4,28000,112000,Cash,Dine in
580,SUN-3201156,14-11-2023,New York Cheesecake,Dessert,DST-03,2,42000,84000,Debit Card,Dine in
581,SUN-1621894,01-03-2023,Classic Tirmaisu,Dessert,DST-01,3,38000,114000,Cash,Dine in
582,SUN-5497219,12-10-2023,Choco Lava Cake,Dessert,DST-04,3,35000,105000,Digital Wallet,Dine in
583,SUN-7491467,09-01-2023,Classic Tirmaisu,Dessert,DST-01,1,38000,38000,Digital Wallet,Online Order
584,SUN-7771752,17-06-2023,Espreso Single,Drinks,DRK-01,3,22000,66000,Digital Wallet,Dine in
585,SUN-4404363,24-01-2023,Club Sandwich,Food,FOD-05,4,45000,180000,Cash,Take Away
586,SUN-4310943,31-03-2023,Choco Lava Cake,Dessert,DST-04,4,35000,140000,Cash,Dine in
587,SUN-1693197,19-12-2023,Creamy Maycha Latte,Drinks,DRK-05,3,35000,105000,Cash,Online Order
588,SUN-3784440,29-05-2023,Espreso Single,Drinks,DRK-01,2,22000,44000,Digital Wallet,Take Away
589,SUN-2464798,24-08-2023,Nasi Goreng Kampung,Food,FOD-03,1,38000,38000,Cash,Dine in
590,SUN-5318810,15-12-2023,Caramel Machiato,Drinks,DRK-04,4,38000,152000,Debit Card,Dine in
591,SUN-1838134,12-12-2023,Beef Carbonara Pasta,Food,FOD-02,2,52000,104000,Debit Card,Take Away
592,SUN-2579270,02-02-2023,Creamy Maycha Latte,Drinks,DRK-05,4,35000,140000,Debit Card,Dine in
593,SUN-4008256,08-05-2023,Choco Lava Cake,Dessert,DST-04,4,35000,140000,Digital Wallet,Dine in
594,SUN-8366078,29-12-2023,Caramel Machiato,Drinks,DRK-04,1,38000,38000,Digital Wallet,Online Order
595,SUN-6049874,03-10-2023,Classic Tirmaisu,Dessert,DST-01,2,38000,76000,Debit Card,Take Away
596,SUN-3254109,03-06-2023,Iced Americano,Drinks,DRK-02,4,28000,112000,Digital Wallet,Online Order
597,SUN-9245262,24-01-2023,Fudgy Brownies,Dessert,DST-02,3,25000,75000,Cash,Take Away
598,SUN-6472750,25-08-2023,New York Cheesecake,Dessert,DST-03,2,42000,84000,Cash,Online Order
599,SUN-2437520,02-03-2023,Grill Chicken Caesar Salad,Food,FOD-04,2,42000,84000,Cash,Dine in
600,SUN-6032128,27-11-2023,Grill Chicken Caesar Salad,Food,FOD-04,2,42000,84000,Cash,Take Away
601,SUN-3946202,12-04-2023,Choco Lava Cake,Dessert,DST-04,3,35000,105000,Digital Wallet,Dine in
602,SUN-1157734,13-06-2023,Buttermilk Fried Chicken,Food,FOD-01,4,48000,192000,Debit Card,Dine in
603,SUN-6264480,20-07-2023,New York Cheesecake,Dessert,DST-03,2,42000,84000,Debit Card,Online Order
604,SUN-6075222,29-06-2023,Buttermilk Fried Chicken,Food,FOD-01,3,48000,144000,Debit Card,Take Away
605,SUN-5497940,23-07-2023,Buttermilk Fried Chicken,Food,FOD-01,2,48000,96000,Debit Card,Online Order
606,SUN-4193677,22-10-2023,Cafe Latte,Drinks,DRK-03,4,32000,128000,Debit Card,Dine in
607,SUN-1921825,02-07-2023,Espreso Single,Drinks,DRK-01,1,22000,22000,Digital Wallet,Online Order
608,SUN-8577143,04-05-2023,Cafe Latte,Drinks,DRK-03,2,32000,64000,Debit Card,Dine in
609,SUN-7292384,04-06-2023,Cinnamon Roll,Dessert,DST-04,2,28000,56000,Debit Card,Dine in
610,SUN-4751461,18-10-2023,Fudgy Brownies,Dessert,DST-02,3,25000,75000,Debit Card,Dine in
611,SUN-5830990,30-07-2023,Cinnamon Roll,Dessert,DST-05,3,28000,84000,Digital Wallet,Dine in
612,SUN-2243966,19-06-2023,Grill Chicken Caesar Salad,Food,FOD-04,2,42000,84000,Debit Card,Online Order
613,SUN-1240401,19-12-2023,Cafe Latte,Drinks,DRK-03,3,32000,96000,Cash,Take Away
614,SUN-5457839,03-04-2023,Grill Chicken Caesar Salad,Food,FOD-04,1,42000,42000,Cash,Take Away
615,SUN-9152954,17-06-2023,Choco Lava Cake,Dessert,DST-04,2,35000,70000,Debit Card,Take Away
616,SUN-3882377,16-12-2023,Espreso Single,Drinks,DRK-01,4,22000,88000,Digital Wallet,Take Away
617,SUN-3651522,02-11-2023,Creamy Maycha Latte,Drinks,DRK-05,3,35000,105000,Digital Wallet,Online Order
618,SUN-1770664,29-07-2023,Iced Americano,Drinks,DRK-02,4,28000,112000,Cash,Take Away
619,SUN-5128106,21-01-2023,Iced Americano,Drinks,DRK-02,2,28000,56000,Cash,Dine in
620,SUN-3986666,23-07-2023,Cinnamon Roll,Dessert,DST-05,3,28000,84000,Digital Wallet,Dine in
621,SUN-2045480,21-05-2023,Cinnamon Roll,Dessert,DST-05,3,28000,84000,Digital Wallet,Take Away
622,SUN-5789834,20-12-2023,Classic Tirmaisu,Dessert,DST-01,3,38000,114000,Digital Wallet,Take Away
623,SUN-7581831,24-07-2023,New York Cheesecake,Dessert,DST-03,3,42000,126000,Digital Wallet,Take Away
624,SUN-1744971,29-07-2023,Caramel Machiato,Drinks,DRK-04,4,38000,152000,Digital Wallet,Dine in
625,SUN-3765242,15-08-2023,Choco Lava Cake,Dessert,DST-04,3,35000,105000,Cash,Take Away
626,SUN-3761142,29-05-2023,Club Sandwich,Food,FOD-05,2,45000,90000,Cash,Take Away
627,SUN-5884930,02-04-2023,Classic Tirmaisu,Dessert,DST-01,4,38000,152000,Cash,Take Away
628,SUN-1034085,06-07-2023,Iced Americano,Drinks,DRK-02,4,28000,112000,Cash,Take Away
629,SUN-3304160,26-05-2023,Choco Lava Cake,Dessert,DST-04,1,35000,35000,Debit Card,Online Order
630,SUN-8828098,30-10-2023,Classic Tirmaisu,Dessert,DST-01,3,38000,114000,Debit Card,Take Away
631,SUN-5916429,12-12-2023,Cafe Latte,Drinks,DRK-03,4,32000,128000,Cash,Dine in
632,SUN-1871245,12-11-2023,Buttermilk Fried Chicken,Food,FOD-01,1,48000,48000,Debit Card,Online Order
633,SUN-2758454,25-08-2023,Espreso Single,Drinks,DRK-01,4,22000,88000,Digital Wallet,Online Order
634,SUN-4089438,13-03-2023,Espreso Single,Drinks,DRK-01,4,22000,88000,Cash,Dine in
635,SUN-3700009,10-09-2023,Caramel Machiato,Drinks,DRK-04,4,38000,152000,Cash,Take Away
636,SUN-5674238,26-02-2023,Choco Lava Cake,Dessert,DST-04,2,35000,70000,Cash,Online Order
637,SUN-4221282,24-01-2023,Fudgy Brownies,Dessert,DST-02,3,25000,75000,Digital Wallet,Online Order
638,SUN-9668260,16-03-2023,Classic Tirmaisu,Dessert,DST-01,3,38000,114000,Digital Wallet,Take Away
639,SUN-4779307,20-01-2023,Choco Lava Cake,Dessert,DST-04,1,35000,35000,Cash,Online Order
640,SUN-1509421,12-11-2023,Nasi Goreng Kampung,Food,FOD-03,2,38000,76000,Digital Wallet,Online Order
641,SUN-8522576,19-03-2023,Espreso Single,Drinks,DRK-01,4,22000,88000,Debit Card,Online Order
642,SUN-4482325,30-11-2023,Grill Chicken Caesar Salad,Food,FOD-04,2,42000,84000,Digital Wallet,Online Order
643,SUN-8532221,20-02-2023,Cinnamon Roll,Dessert,DST-05,3,28000,84000,Cash,Dine in
644,SUN-5971538,02-09-2023,Club Sandwich,Food,FOD-05,3,45000,135000,Digital Wallet,Online Order
645,SUN-9793458,26-12-2023,Fudgy Brownies,Dessert,DST-02,1,25000,25000,Cash,Take Away
646,SUN-1660564,10-02-2023,Caramel Machiato,Drinks,DRK-04,4,38000,152000,Digital Wallet,Dine in
647,SUN-4547332,02-01-2023,Caramel Machiato,Drinks,DRK-04,1,38000,38000,Digital Wallet,Dine in
648,SUN-8320688,14-04-2023,Caramel Machiato,Drinks,DRK-04,1,38000,38000,Cash,Dine in
649,SUN-3569260,14-05-2023,Club Sandwich,Food,FOD-05,2,45000,90000,Debit Card,Online Order
650,SUN-4795443,27-06-2023,Espreso Single,Drinks,DRK-01,2,22000,44000,Debit Card,Online Order
651,SUN-2533701,22-01-2023,New York Cheesecake,Dessert,DST-03,2,42000,84000,Debit Card,Dine in
652,SUN-9850892,26-01-2023,Iced Americano,Drinks,DRK-02,3,28000,84000,Digital Wallet,Dine in
653,SUN-3313150,22-08-2023,Beef Carbonara Pasta,Food,FOD-02,2,52000,104000,Digital Wallet,Take Away
654,SUN-7402043,02-02-2023,Espreso Single,Drinks,DRK-01,3,22000,66000,Debit Card,Dine in
655,SUN-8957084,17-01-2023,Caramel Machiato,Drinks,DRK-04,3,38000,114000,Digital Wallet,Online Order
656,SUN-2445224,20-05-2023,Beef Carbonara Pasta,Food,FOD-02,4,52000,208000,Debit Card,Dine in
657,SUN-1056149,25-01-2023,Caramel Machiato,Drinks,DRK-04,4,38000,152000,Cash,Take Away
658,SUN-5052250,23-02-2023,Cafe Latte,Drinks,DRK-03,1,32000,32000,Cash,Take Away
659,SUN-4364140,30-01-2023,New York Cheesecake,Dessert,DST-03,2,42000,84000,Digital Wallet,Dine in
660,SUN-6813923,27-06-2023,Espreso Single,Drinks,DRK-01,3,22000,66000,Debit Card,Online Order
661,SUN-1115969,10-04-2023,Cinnamon Roll,Dessert,DST-05,1,28000,28000,Debit Card,Online Order
662,SUN-9413963,31-10-2023,Caramel Machiato,Drinks,DRK-04,2,38000,76000,Digital Wallet,Online Order
663,SUN-4937657,30-07-2023,Espreso Single,Drinks,DRK-01,3,22000,66000,Debit Card,Dine in
664,SUN-5584391,02-05-2023,Club Sandwich,Food,FOD-05,4,45000,180000,Cash,Online Order
665,SUN-6882928,21-10-2023,Choco Lava Cake,Dessert,DST-04,1,35000,35000,Cash,Dine in
666,SUN-7863771,14-03-2023,Espreso Single,Drinks,DRK-01,2,22000,44000,Digital Wallet,Dine in
667,SUN-2467865,08-04-2023,Fudgy Brownies,Dessert,DST-02,1,25000,25000,Digital Wallet,Dine in
668,SUN-8118947,20-02-2023,Choco Lava Cake,Dessert,DST-04,4,35000,140000,Debit Card,Online Order
669,SUN-5074460,14-04-2023,Nasi Goreng Kampung,Food,FOD-03,3,38000,114000,Debit Card,Dine in
670,SUN-7187321,30-05-2023,Classic Tirmaisu,Dessert,DST-01,1,38000,38000,Cash,Take Away
671,SUN-6497466,28-10-2023,Grill Chicken Caesar Salad,Food,FOD-04,3,42000,126000,Cash,Dine in
672,SUN-6297953,12-05-2023,Fudgy Brownies,Dessert,DST-02,1,25000,25000,Debit Card,Online Order
673,SUN-3961823,30-09-2023,Nasi Goreng Kampung,Food,FOD-03,4,38000,152000,Digital Wallet,Online Order
674,SUN-3204540,05-11-2023,Caramel Machiato,Drinks,DRK-04,2,38000,76000,Cash,Dine in
675,SUN-2300328,16-02-2023,Iced Americano,Drinks,DRK-02,4,28000,112000,Cash,Take Away
676,SUN-5421267,23-09-2023,Buttermilk Fried Chicken,Food,FOD-01,1,48000,48000,Debit Card,Online Order
677,SUN-6785391,22-10-2023,Choco Lava Cake,Dessert,DST-04,2,35000,70000,Cash,Dine in
678,SUN-3661350,09-05-2023,Classic Tirmaisu,Dessert,DST-01,3,38000,114000,Debit Card,Online Order
679,SUN-3024426,31-10-2023,Grill Chicken Caesar Salad,Food,FOD-04,3,42000,126000,Debit Card,Dine in
680,SUN-1189151,22-10-2023,Club Sandwich,Food,FOD-05,3,45000,135000,Digital Wallet,Online Order
681,SUN-5783733,06-03-2023,Choco Lava Cake,Dessert,DST-04,4,35000,140000,Debit Card,Online Order
682,SUN-6826839,01-03-2023,Beef Carbonara Pasta,Food,FOD-02,3,52000,156000,Cash,Dine in
683,SUN-3326714,17-08-2023,Iced Americano,Drinks,DRK-02,4,28000,112000,Digital Wallet,Online Order
684,SUN-6560452,02-06-2023,Fudgy Brownies,Dessert,DST-02,1,25000,25000,Digital Wallet,Online Order
685,SUN-2299593,07-05-2023,Iced Americano,Drinks,DRK-02,4,28000,112000,Debit Card,Take Away
686,SUN-1227917,22-12-2023,Club Sandwich,Food,FOD-05,4,45000,180000,Cash,Dine in
687,SUN-7303566,30-03-2023,Cafe Latte,Drinks,DRK-03,3,32000,96000,Digital Wallet,Dine in
688,SUN-1353154,04-03-2023,Espreso Single,Drinks,DRK-01,3,22000,66000,Cash,Take Away
689,SUN-3291266,30-06-2023,Fudgy Brownies,Dessert,DST-02,4,25000,100000,Debit Card,Online Order
690,SUN-8009056,14-05-2023,Grill Chicken Caesar Salad,Food,FOD-04,1,42000,42000,Debit Card,Online Order
691,SUN-8198633,10-07-2023,Creamy Maycha Latte,Drinks,DRK-05,1,35000,35000,Digital Wallet,Take Away
692,SUN-4429583,28-04-2023,Classic Tirmaisu,Dessert,DST-01,3,38000,114000,Debit Card,Online Order
693,SUN-6567119,24-06-2023,New York Cheesecake,Dessert,DST-03,3,42000,126000,Digital Wallet,Dine in
694,SUN-3779991,19-06-2023,Creamy Maycha Latte,Drinks,DRK-05,3,35000,105000,Debit Card,Dine in
695,SUN-6620442,17-07-2023,Espreso Single,Drinks,DRK-01,3,22000,66000,Digital Wallet,Online Order
696,SUN-3852405,29-11-2023,Creamy Maycha Latte,Drinks,DRK-05,1,35000,35000,Debit Card,Online Order
697,SUN-4528119,19-03-2023,Creamy Maycha Latte,Drinks,DRK-05,1,35000,35000,Debit Card,Online Order
698,SUN-7795267,02-06-2023,Classic Tirmaisu,Dessert,DST-01,4,38000,152000,Debit Card,Dine in
699,SUN-1975904,12-10-2023,Buttermilk Fried Chicken,Food,FOD-01,4,48000,192000,Cash,Take Away
700,SUN-1774311,28-11-2023,Choco Lava Cake,Dessert,DST-04,4,35000,140000,Cash,Take Away
701,SUN-1091792,12-04-2023,Club Sandwich,Food,FOD-05,2,45000,90000,Cash,Dine in
702,SUN-6147423,13-12-2023,Creamy Maycha Latte,Drinks,DRK-05,1,35000,35000,Debit Card,Online Order
703,SUN-4279974,30-11-2023,Club Sandwich,Food,FOD-05,2,45000,90000,Debit Card,Dine in
704,SUN-1023102,12-04-2023,Cinnamon Roll,Dessert,DST-05,4,28000,112000,Digital Wallet,Dine in
705,SUN-2085441,08-07-2023,Classic Tirmaisu,Dessert,DST-01,3,38000,114000,Cash,Dine in
706,SUN-6324055,18-09-2023,Club Sandwich,Food,FOD-05,3,45000,135000,Digital Wallet,Take Away
707,SUN-7901065,21-04-2023,Cinnamon Roll,Dessert,DST-05,3,28000,84000,Digital Wallet,Take Away
708,SUN-9441071,23-03-2023,Iced Americano,Drinks,DRK-02,4,28000,112000,Digital Wallet,Dine in
709,SUN-3030596,05-03-2023,Cinnamon Roll,Dessert,DST-05,2,28000,56000,Digital Wallet,Online Order
710,SUN-1501831,20-06-2023,Club Sandwich,Food,FOD-05,4,45000,180000,Debit Card,Online Order
711,SUN-1943113,27-06-2023,Iced Americano,Drinks,DRK-02,3,28000,84000,Digital Wallet,Online Order
712,SUN-5142355,21-09-2023,Choco Lava Cake,Dessert,DST-04,3,35000,105000,Cash,Take Away
713,SUN-2530011,18-05-2023,Grill Chicken Caesar Salad,Food,FOD-04,2,42000,84000,Debit Card,Dine in
714,SUN-8136745,29-06-2023,Club Sandwich,Food,FOD-05,1,45000,45000,Debit Card,Take Away
715,SUN-3388134,16-08-2023,Espreso Single,Drinks,DRK-01,3,22000,66000,Debit Card,Dine in
716,SUN-3129445,29-09-2023,Beef Carbonara Pasta,Food,FOD-02,2,52000,104000,Debit Card,Dine in
717,SUN-3540384,01-07-2023,Club Sandwich,Food,FOD-05,1,45000,45000,Cash,Take Away
718,SUN-7856166,08-03-2023,Espreso Single,Drinks,DRK-01,1,22000,22000,Debit Card,Online Order
719,SUN-4155641,14-01-2023,Iced Americano,Drinks,DRK-02,1,28000,28000,Cash,Take Away
720,SUN-5316321,02-07-2023,Cafe Latte,Drinks,DRK-03,3,32000,96000,Debit Card,Online Order
721,SUN-6163135,01-11-2023,New York Cheesecake,Dessert,DST-03,1,42000,42000,Digital Wallet,Online Order
722,SUN-5449594,29-07-2023,Caramel Machiato,Drinks,DRK-04,3,38000,114000,Debit Card,Online Order
723,SUN-1867136,19-01-2023,Creamy Maycha Latte,Drinks,DRK-05,3,35000,105000,Debit Card,Dine in
724,SUN-3004853,07-02-2023,Beef Carbonara Pasta,Food,FOD-02,4,52000,208000,Digital Wallet,Online Order
725,SUN-8729255,30-10-2023,Espreso Single,Drinks,DRK-01,3,22000,66000,Cash,Dine in
726,SUN-1956505,24-04-2023,Cinnamon Roll,Dessert,DST-04,4,28000,112000,Digital Wallet,Dine in
727,SUN-8969390,24-10-2023,Cafe Latte,Drinks,DRK-03,2,32000,64000,Digital Wallet,Take Away
728,SUN-1802380,02-03-2023,Beef Carbonara Pasta,Food,FOD-02,2,52000,104000,Cash,Dine in
729,SUN-7230469,04-12-2023,Espreso Single,Drinks,DRK-01,1,22000,22000,Cash,Dine in
730,SUN-3297406,05-03-2023,Grill Chicken Caesar Salad,Food,FOD-04,1,42000,42000,Digital Wallet,Take Away
731,SUN-9038013,31-08-2023,New York Cheesecake,Dessert,DST-03,4,42000,168000,Digital Wallet,Online Order
732,SUN-6844923,13-06-2023,Club Sandwich,Food,FOD-05,1,45000,45000,Digital Wallet,Dine in
733,SUN-9134710,28-02-2023,Buttermilk Fried Chicken,Food,FOD-01,3,48000,144000,Digital Wallet,Online Order
734,SUN-8286805,03-05-2023,Cinnamon Roll,Dessert,DST-05,2,28000,56000,Digital Wallet,Online Order
735,SUN-1366277,11-06-2023,Espreso Single,Drinks,DRK-01,2,22000,44000,Digital Wallet,Online Order
736,SUN-1946883,24-03-2023,Choco Lava Cake,Dessert,DST-04,1,35000,35000,Debit Card,Online Order
737,SUN-3190564,10-06-2023,Classic Tirmaisu,Dessert,DST-01,2,38000,76000,Debit Card,Dine in
738,SUN-4111319,14-02-2023,Cinnamon Roll,Dessert,DST-05,3,28000,84000,Debit Card,Dine in
739,SUN-9356423,19-08-2023,Club Sandwich,Food,FOD-05,4,45000,180000,Digital Wallet,Dine in
740,SUN-9219003,15-12-2023,Creamy Maycha Latte,Drinks,DRK-05,4,35000,140000,Debit Card,Dine in
741,SUN-3597648,20-05-2023,Beef Carbonara Pasta,Food,FOD-02,2,52000,104000,Digital Wallet,Dine in
742,SUN-7055730,14-06-2023,New York Cheesecake,Dessert,DST-03,2,42000,84000,Cash,Dine in
743,SUN-6721418,04-09-2023,Cinnamon Roll,Dessert,DST-05,3,28000,84000,Cash,Dine in
744,SUN-3981926,07-12-2023,Classic Tirmaisu,Dessert,DST-01,2,38000,76000,Digital Wallet,Dine in
745,SUN-7420114,16-03-2023,Club Sandwich,Food,FOD-05,3,45000,135000,Digital Wallet,Online Order
746,SUN-4274504,26-02-2023,Classic Tirmaisu,Dessert,DST-01,3,38000,114000,Debit Card,Dine in
747,SUN-8247079,09-05-2023,Nasi Goreng Kampung,Food,FOD-03,1,38000,38000,Debit Card,Dine in
748,SUN-3124959,16-12-2023,Grill Chicken Caesar Salad,Food,FOD-04,4,42000,168000,Cash,Dine in
749,SUN-2627834,18-07-2023,Espreso Single,Drinks,DRK-01,3,22000,66000,Digital Wallet,Take Away
750,SUN-4414369,25-01-2023,Club Sandwich,Food,FOD-05,3,45000,135000,Cash,Dine in
751,SUN-3079972,06-06-2023,Nasi Goreng Kampung,Food,FOD-03,1,38000,38000,Debit Card,Dine in
752,SUN-8167227,22-12-2023,Club Sandwich,Food,FOD-05,1,45000,45000,Digital Wallet,Dine in
753,SUN-3529322,14-02-2023,Beef Carbonara Pasta,Food,FOD-02,4,52000,208000,Debit Card,Dine in
754,SUN-5432512,26-03-2023,Grill Chicken Caesar Salad,Food,FOD-04,3,42000,126000,Debit Card,Dine in
755,SUN-7001292,19-12-2023,Fudgy Brownies,Dessert,DST-02,2,25000,50000,Debit Card,Online Order
756,SUN-5094713,19-01-2023,Nasi Goreng Kampung,Food,FOD-03,4,38000,152000,Debit Card,Online Order
757,SUN-3492417,10-09-2023,Nasi Goreng Kampung,Food,FOD-03,4,38000,152000,Cash,Take Away
758,SUN-9938573,14-07-2023,Espreso Single,Drinks,DRK-01,4,22000,88000,Debit Card,Take Away
759,SUN-4635661,01-11-2023,Cinnamon Roll,Dessert,DST-05,1,28000,28000,Digital Wallet,Dine in
760,SUN-4882325,01-12-2023,Buttermilk Fried Chicken,Food,FOD-01,4,48000,192000,Debit Card,Dine in
761,SUN-8877207,11-05-2023,Grill Chicken Caesar Salad,Food,FOD-04,3,42000,126000,Debit Card,Online Order
762,SUN-3578835,20-04-2023,New York Cheesecake,Dessert,DST-03,3,42000,126000,Digital Wallet,Dine in
763,SUN-1120499,11-12-2023,Cinnamon Roll,Dessert,DST-05,2,28000,56000,Debit Card,Online Order
764,SUN-5302953,09-08-2023,Nasi Goreng Kampung,Food,FOD-03,3,38000,114000,Debit Card,Dine in
765,SUN-9827540,24-10-2023,Fudgy Brownies,Dessert,DST-02,2,25000,50000,Debit Card,Online Order
766,SUN-9812106,11-01-2023,Cafe Latte,Drinks,DRK-03,2,32000,64000,Cash,Dine in
767,SUN-6386293,24-12-2023,Iced Americano,Drinks,DRK-02,1,28000,28000,Debit Card,Online Order
768,SUN-9689503,04-08-2023,Iced Americano,Drinks,DRK-02,2,28000,56000,Debit Card,Dine in
769,SUN-6534324,14-03-2023,Beef Carbonara Pasta,Food,FOD-02,1,52000,52000,Digital Wallet,Dine in
770,SUN-5762482,26-08-2023,Beef Carbonara Pasta,Food,FOD-02,2,52000,104000,Digital Wallet,Take Away
771,SUN-6790462,24-06-2023,Espreso Single,Drinks,DRK-01,4,22000,88000,Debit Card,Online Order
772,SUN-1927100,26-09-2023,Classic Tirmaisu,Dessert,DST-01,3,38000,114000,Digital Wallet,Take Away
773,SUN-8214562,21-05-2023,Buttermilk Fried Chicken,Food,FOD-01,1,48000,48000,Digital Wallet,Dine in
774,SUN-6078744,17-04-2023,Espreso Single,Drinks,DRK-01,2,22000,44000,Cash,Dine in
775,SUN-7205832,13-08-2023,Caramel Machiato,Drinks,DRK-04,1,38000,38000,Cash,Dine in
776,SUN-3604075,01-12-2023,Club Sandwich,Food,FOD-05,3,45000,135000,Debit Card,Online Order
777,SUN-1918747,02-04-2023,Cinnamon Roll,Dessert,DST-05,3,28000,84000,Debit Card,Online Order
778,SUN-8818528,20-08-2023,Cafe Latte,Drinks,DRK-03,4,32000,128000,Debit Card,Take Away
779,SUN-5855008,06-02-2023,Caramel Machiato,Drinks,DRK-04,1,38000,38000,Cash,Take Away
780,SUN-6262943,12-02-2023,Cinnamon Roll,Dessert,DST-05,2,28000,56000,Digital Wallet,Dine in
781,SUN-3210035,23-06-2023,Classic Tirmaisu,Dessert,DST-01,2,38000,76000,Debit Card,Take Away
782,SUN-1578887,23-01-2023,Beef Carbonara Pasta,Food,FOD-02,4,52000,208000,Cash,Dine in
783,SUN-4569405,22-08-2023,Club Sandwich,Food,FOD-05,4,45000,180000,Debit Card,Take Away
784,SUN-8811930,31-07-2023,Cinnamon Roll,Dessert,DST-05,2,28000,56000,Digital Wallet,Online Order
785,SUN-6140875,21-05-2023,Creamy Maycha Latte,Drinks,DRK-05,3,35000,105000,Cash,Dine in
786,SUN-2616692,01-10-2023,Cafe Latte,Drinks,DRK-03,2,32000,64000,Cash,Online Order
787,SUN-6787523,27-12-2023,Choco Lava Cake,Dessert,DST-04,1,35000,35000,Debit Card,Take Away
788,SUN-8115369,03-12-2023,Fudgy Brownies,Dessert,DST-02,1,25000,25000,Cash,Dine in
789,SUN-9214845,29-05-2023,Club Sandwich,Food,FOD-05,1,45000,45000,Debit Card,Dine in
790,SUN-8840337,05-05-2023,Espreso Single,Drinks,DRK-01,2,22000,44000,Digital Wallet,Online Order
791,SUN-1538317,20-04-2023,Creamy Maycha Latte,Drinks,DRK-05,3,35000,105000,Digital Wallet,Online Order
792,SUN-3907040,02-02-2023,Choco Lava Cake,Dessert,DST-04,3,35000,105000,Digital Wallet,Online Order
793,SUN-4967151,25-10-2023,Caramel Machiato,Drinks,DRK-04,4,38000,152000,Cash,Online Order
794,SUN-7315405,27-05-2023,Cinnamon Roll,Dessert,DST-05,3,28000,84000,Cash,Online Order
795,SUN-1605165,20-06-2023,Creamy Maycha Latte,Drinks,DRK-05,2,35000,70000,Debit Card,Online Order
796,SUN-8879133,31-05-2023,Club Sandwich,Food,FOD-05,4,45000,180000,Digital Wallet,Dine in
797,SUN-7190155,10-04-2023,Grill Chicken Caesar Salad,Food,FOD-04,3,42000,126000,Debit Card,Online Order
798,SUN-2654387,14-09-2023,Creamy Maycha Latte,Drinks,DRK-05,1,35000,35000,Digital Wallet,Dine in
799,SUN-6722990,15-04-2023,New York Cheesecake,Dessert,DST-03,4,42000,168000,Digital Wallet,Online Order
800,SUN-1218521,08-01-2023,Beef Carbonara Pasta,Food,FOD-02,4,52000,208000,Digital Wallet,Take Away
801,SUN-4153046,12-12-2023,Classic Tirmaisu,Dessert,DST-01,1,38000,38000,Debit Card,Take Away
802,SUN-3481740,16-09-2023,Iced Americano,Drinks,DRK-02,3,28000,84000,Debit Card,Take Away
803,SUN-5276648,18-12-2023,Grill Chicken Caesar Salad,Food,FOD-04,3,42000,126000,Debit Card,Take Away
804,SUN-6893033,31-10-2023,Cinnamon Roll,Dessert,DST-05,2,28000,56000,Digital Wallet,Take Away
805,SUN-3770178,24-08-2023,Cinnamon Roll,Dessert,DST-05,4,28000,112000,Debit Card,Dine in
806,SUN-8622899,28-12-2023,Cafe Latte,Drinks,DRK-03,2,32000,64000,Digital Wallet,Online Order
807,SUN-6135414,12-04-2023,Espreso Single,Drinks,DRK-01,3,22000,66000,Cash,Dine in
808,SUN-4880452,28-02-2023,Cinnamon Roll,Dessert,DST-05,4,28000,112000,Debit Card,Online Order
809,SUN-3197683,17-09-2023,Beef Carbonara Pasta,Food,FOD-02,3,52000,156000,Digital Wallet,Online Order
810,SUN-4354732,08-09-2023,Fudgy Brownies,Dessert,DST-02,2,25000,50000,Digital Wallet,Online Order
811,SUN-3551988,21-03-2023,Cinnamon Roll,Dessert,DST-05,1,28000,28000,Cash,Take Away
812,SUN-9016868,26-12-2023,Grill Chicken Caesar Salad,Food,FOD-04,1,42000,42000,Cash,Take Away
813,SUN-4137143,28-04-2023,Fudgy Brownies,Dessert,DST-02,1,25000,25000,Debit Card,Online Order
814,SUN-3191590,23-12-2023,Caramel Machiato,Drinks,DRK-04,2,38000,76000,Digital Wallet,Online Order
815,SUN-6994327,17-07-2023,Espreso Single,Drinks,DRK-01,1,22000,22000,Digital Wallet,Online Order
816,SUN-6243491,08-03-2023,Buttermilk Fried Chicken,Food,FOD-01,4,48000,192000,Digital Wallet,Take Away
817,SUN-2628398,27-05-2023,Fudgy Brownies,Dessert,DST-02,3,25000,75000,Digital Wallet,Dine in
818,SUN-5197802,17-02-2023,Creamy Maycha Latte,Drinks,DRK-05,3,35000,105000,Debit Card,Dine in
820,SUN-4329688,21-07-2023,Cafe Latte,Drinks,DRK-03,3,32000,96000,Digital Wallet,Take Away
821,SUN-2242505,22-12-2023,Cafe Latte,Drinks,DRK-03,1,32000,32000,Digital Wallet,Dine in
822,SUN-2600447,20-12-2023,New York Cheesecake,Dessert,DST-03,1,42000,42000,Cash,Dine in
823,SUN-8304065,04-03-2023,Grill Chicken Caesar Salad,Food,FOD-04,1,42000,42000,Digital Wallet,Dine in
824,SUN-5628375,03-09-2023,Grill Chicken Caesar Salad,Food,FOD-04,3,42000,126000,Debit Card,Dine in
825,SUN-4034573,13-08-2023,Cinnamon Roll,Dessert,DST-05,2,28000,56000,Digital Wallet,Online Order
826,SUN-7936967,18-05-2023,Creamy Maycha Latte,Drinks,DRK-05,1,35000,35000,Debit Card,Online Order
827,SUN-7333617,15-01-2023,Cinnamon Roll,Dessert,DST-05,1,28000,28000,Digital Wallet,Dine in
828,SUN-6078202,21-07-2023,Classic Tirmaisu,Dessert,DST-01,4,38000,152000,Digital Wallet,Online Order
829,SUN-9459571,27-04-2023,Cinnamon Roll,Dessert,DST-05,2,28000,56000,Debit Card,Online Order
830,SUN-4821540,25-10-2023,Cinnamon Roll,Dessert,DST-05,2,28000,56000,Digital Wallet,Online Order
831,SUN-2253537,18-03-2023,Espreso Single,Drinks,DRK-01,4,22000,88000,Digital Wallet,Online Order
832,SUN-2318982,11-10-2023,Classic Tirmaisu,Dessert,DST-01,2,38000,76000,Debit Card,Dine in
833,SUN-1484739,28-12-2023,Caramel Machiato,Drinks,DRK-04,1,38000,38000,Digital Wallet,Online Order
834,SUN-2360211,29-06-2023,Nasi Goreng Kampung,Food,FOD-03,3,38000,114000,Debit Card,Dine in
835,SUN-2543211,23-09-2023,Iced Americano,Drinks,DRK-02,3,28000,84000,Digital Wallet,Take Away
836,SUN-3754437,30-05-2023,Fudgy Brownies,Dessert,DST-02,1,25000,25000,Debit Card,Online Order
837,SUN-7355017,13-11-2023,Cafe Latte,Drinks,DRK-03,1,32000,32000,Debit Card,Take Away
838,SUN-2824563,12-09-2023,Classic Tirmaisu,Dessert,DST-01,3,38000,114000,Debit Card,Dine in
839,SUN-1949260,19-01-2023,Fudgy Brownies,Dessert,DST-02,4,25000,100000,Cash,Take Away
840,SUN-5629303,19-05-2023,Nasi Goreng Kampung,Food,FOD-03,1,38000,38000,Debit Card,Take Away
841,SUN-8850461,06-09-2023,Espreso Single,Drinks,DRK-01,4,22000,88000,Cash,Take Away
842,SUN-7493074,30-06-2023,Grill Chicken Caesar Salad,Food,FOD-04,2,42000,84000,Digital Wallet,Online Order
843,SUN-1892566,10-06-2023,New York Cheesecake,Dessert,DST-03,1,42000,42000,Cash,Take Away
844,SUN-1832213,13-06-2023,Cinnamon Roll,Dessert,DST-05,4,28000,112000,Debit Card,Online Order
845,SUN-5292255,01-06-2023,Caramel Machiato,Drinks,DRK-04,1,38000,38000,Debit Card,Online Order
846,SUN-6133726,13-07-2023,New York Cheesecake,Dessert,DST-03,2,42000,84000,Debit Card,Dine in
847,SUN-6607273,30-10-2023,Creamy Maycha Latte,Drinks,DRK-05,3,35000,105000,Debit Card,Dine in
848,SUN-2024791,15-04-2023,New York Cheesecake,Dessert,DST-03,3,42000,126000,Cash,Take Away
849,SUN-8220043,23-04-2023,Buttermilk Fried Chicken,Food,FOD-01,1,48000,48000,Digital Wallet,Online Order
850,SUN-1449959,01-07-2023,Espreso Single,Drinks,DRK-01,1,22000,22000,Digital Wallet,Dine in
851,SUN-7399691,07-07-2023,Espreso Single,Drinks,DRK-01,2,22000,44000,Digital Wallet,Online Order
852,SUN-8892105,29-06-2023,Cafe Latte,Drinks,DRK-03,4,32000,128000,Debit Card,Dine in
853,SUN-3831627,06-04-2023,Choco Lava Cake,Dessert,DST-04,4,35000,140000,Digital Wallet,Online Order
854,SUN-5226047,19-09-2023,Cinnamon Roll,Dessert,DST-05,3,28000,84000,Cash,Dine in
855,SUN-3699085,23-05-2023,Cinnamon Roll,Dessert,DST-05,3,28000,84000,Debit Card,Dine in
856,SUN-3724073,09-08-2023,Cafe Latte,Drinks,DRK-03,3,32000,96000,Digital Wallet,Dine in
857,SUN-6257590,14-07-2023,Nasi Goreng Kampung,Food,FOD-03,3,38000,114000,Debit Card,Online Order
858,SUN-6256088,19-10-2023,Cafe Latte,Drinks,DRK-03,2,32000,64000,Debit Card,Dine in
859,SUN-8268678,27-02-2023,Club Sandwich,Food,FOD-05,1,45000,45000,Digital Wallet,Take Away
860,SUN-4139066,28-02-2023,Beef Carbonara Pasta,Food,FOD-02,4,52000,208000,Debit Card,Online Order
861,SUN-6129467,11-04-2023,Fudgy Brownies,Dessert,DST-02,1,25000,25000,Digital Wallet,Take Away
862,SUN-7394980,21-12-2023,Creamy Maycha Latte,Drinks,DRK-05,1,35000,35000,Digital Wallet,Dine in
863,SUN-7808113,03-06-2023,Classic Tirmaisu,Dessert,DST-01,1,38000,38000,Debit Card,Online Order
864,SUN-4249306,11-01-2023,Buttermilk Fried Chicken,Food,FOD-01,2,48000,96000,Digital Wallet,Dine in
865,SUN-7011367,22-06-2023,Nasi Goreng Kampung,Food,FOD-03,3,38000,114000,Debit Card,Dine in
866,SUN-1430989,12-04-2023,Buttermilk Fried Chicken,Food,FOD-01,3,48000,144000,Debit Card,Online Order
867,SUN-3368822,20-10-2023,Grill Chicken Caesar Salad,Food,FOD-04,3,42000,126000,Digital Wallet,Dine in
868,SUN-1138698,08-01-2023,Creamy Maycha Latte,Drinks,DRK-05,4,35000,140000,Debit Card,Take Away
869,SUN-3464471,23-08-2023,Creamy Maycha Latte,Drinks,DRK-05,2,35000,70000,Debit Card,Online Order
870,SUN-4844826,14-01-2023,Grill Chicken Caesar Salad,Food,FOD-04,2,42000,84000,Digital Wallet,Online Order
871,SUN-3503241,25-07-2023,Grill Chicken Caesar Salad,Food,FOD-04,4,42000,168000,Debit Card,Take Away
872,SUN-4651177,19-10-2023,Choco Lava Cake,Dessert,DST-04,1,35000,35000,Debit Card,Dine in
873,SUN-6701756,14-11-2023,Nasi Goreng Kampung,Food,FOD-03,1,38000,38000,Debit Card,Online Order
874,SUN-3869218,13-02-2023,Espreso Single,Drinks,DRK-01,4,22000,88000,Debit Card,Take Away
875,SUN-6490364,14-03-2023,Choco Lava Cake,Dessert,DST-04,1,35000,35000,Debit Card,Take Away
876,SUN-8987159,27-02-2023,Club Sandwich,Food,FOD-05,3,45000,135000,Debit Card,Online Order
877,SUN-7382701,07-02-2023,Beef Carbonara Pasta,Food,FOD-02,1,52000,52000,Digital Wallet,Dine in
878,SUN-5531235,10-01-2023,Caramel Machiato,Drinks,DRK-04,3,38000,114000,Debit Card,Online Order
879,SUN-8414996,24-05-2023,Club Sandwich,Food,FOD-05,2,45000,90000,Cash,Dine in
880,SUN-5736249,17-06-2023,Creamy Maycha Latte,Drinks,DRK-05,4,35000,140000,Digital Wallet,Take Away
881,SUN-8411924,20-02-2023,Choco Lava Cake,Dessert,DST-04,1,35000,35000,Debit Card,Take Away
882,SUN-2497272,03-11-2023,Fudgy Brownies,Dessert,DST-02,2,25000,50000,Debit Card,Online Order
883,SUN-2555001,22-07-2023,New York Cheesecake,Dessert,DST-03,4,42000,168000,Cash,Take Away
884,SUN-2224008,16-10-2023,Caramel Machiato,Drinks,DRK-04,2,38000,76000,Cash,Take Away
885,SUN-7136749,10-10-2023,Grill Chicken Caesar Salad,Food,FOD-04,1,42000,42000,Digital Wallet,Online Order
886,SUN-3046808,16-07-2023,Cafe Latte,Drinks,DRK-03,3,32000,96000,Debit Card,Dine in
887,SUN-8425833,18-02-2023,Caramel Machiato,Drinks,DRK-04,4,38000,152000,Debit Card,Online Order
888,SUN-6119445,23-05-2023,Beef Carbonara Pasta,Food,FOD-02,2,52000,104000,Debit Card,Dine in
889,SUN-9708541,19-09-2023,Club Sandwich,Food,FOD-05,1,45000,45000,Digital Wallet,Take Away
890,SUN-2809547,31-03-2023,Buttermilk Fried Chicken,Food,FOD-01,3,48000,144000,Cash,Take Away
891,SUN-6616282,23-07-2023,Creamy Maycha Latte,Drinks,DRK-05,1,35000,35000,Debit Card,Online Order
892,SUN-2876745,24-08-2023,Iced Americano,Drinks,DRK-02,2,28000,56000,Debit Card,Online Order
893,SUN-8469885,04-06-2023,Choco Lava Cake,Dessert,DST-04,2,35000,70000,Debit Card,Take Away
894,SUN-5944908,30-12-2023,Espreso Single,Drinks,DRK-01,4,22000,88000,Digital Wallet,Online Order
895,SUN-5176996,01-12-2023,Buttermilk Fried Chicken,Food,FOD-01,1,48000,48000,Cash,Take Away
896,SUN-4336486,15-08-2023,Grill Chicken Caesar Salad,Food,FOD-04,1,42000,42000,Debit Card,Dine in
897,SUN-8766783,09-11-2023,Grill Chicken Caesar Salad,Food,FOD-04,4,42000,168000,Debit Card,Dine in
898,SUN-8169070,18-10-2023,Buttermilk Fried Chicken,Food,FOD-01,4,48000,192000,Digital Wallet,Take Away
899,SUN-8515380,22-03-2023,Fudgy Brownies,Dessert,DST-02,3,25000,75000,Debit Card,Take Away
900,SUN-9112934,30-03-2023,Iced Americano,Drinks,DRK-02,2,28000,56000,Debit Card,Dine in
901,SUN-2850069,02-03-2023,Creamy Maycha Latte,Drinks,DRK-05,2,35000,70000,Digital Wallet,Take Away
902,SUN-9958552,10-02-2023,Iced Americano,Drinks,DRK-02,4,28000,112000,Cash,Dine in
903,SUN-8593733,01-12-2023,Grill Chicken Caesar Salad,Food,FOD-04,4,42000,168000,Cash,Take Away
904,SUN-1671584,27-05-2023,Espreso Single,Drinks,DRK-01,2,22000,44000,Cash,Online Order
905,SUN-3857141,27-02-2023,Cinnamon Roll,Dessert,DST-05,3,28000,84000,Digital Wallet,Take Away
906,SUN-1753762,17-04-2023,Grill Chicken Caesar Salad,Food,FOD-04,1,42000,42000,Cash,Dine in
907,SUN-9889597,04-10-2023,Fudgy Brownies,Dessert,DST-02,1,25000,25000,Digital Wallet,Dine in
908,SUN-2086005,11-05-2023,Beef Carbonara Pasta,Food,FOD-02,1,52000,52000,Digital Wallet,Online Order
909,SUN-5808498,25-04-2023,Cinnamon Roll,Dessert,DST-05,2,28000,56000,Debit Card,Dine in
910,SUN-5604090,01-08-2023,Iced Americano,Drinks,DRK-02,3,28000,84000,Debit Card,Online Order
911,SUN-7797344,12-05-2023,Iced Americano,Drinks,DRK-02,1,28000,28000,Digital Wallet,Online Order
912,SUN-3961877,03-06-2023,Club Sandwich,Food,FOD-05,4,45000,180000,Debit Card,Dine in
913,SUN-1577207,22-07-2023,Classic Tirmaisu,Dessert,DST-01,4,38000,152000,Debit Card,Dine in
914,SUN-2401067,09-05-2023,Choco Lava Cake,Dessert,DST-04,1,35000,35000,Debit Card,Take Away
915,SUN-5520693,04-12-2023,Grill Chicken Caesar Salad,Food,FOD-04,1,42000,42000,Digital Wallet,Dine in
916,SUN-5445879,11-09-2023,Nasi Goreng Kampung,Food,FOD-03,4,38000,152000,Debit Card,Online Order
917,SUN-4403641,01-01-2023,Classic Tirmaisu,Dessert,DST-01,2,38000,76000,Cash,Dine in
918,SUN-5997606,24-10-2023,Choco Lava Cake,Dessert,DST-04,4,35000,140000,Digital Wallet,Take Away
919,SUN-4561453,01-03-2023,Iced Americano,Drinks,DRK-02,3,28000,84000,Digital Wallet,Dine in
920,SUN-3133750,16-07-2023,Choco Lava Cake,Dessert,DST-04,4,35000,140000,Digital Wallet,Dine in
921,SUN-9013292,20-09-2023,Classic Tirmaisu,Dessert,DST-01,3,38000,114000,Digital Wallet,Online Order
922,SUN-9951060,31-03-2023,Cafe Latte,Drinks,DRK-03,2,32000,64000,Digital Wallet,Take Away
923,SUN-8854667,24-05-2023,Cafe Latte,Drinks,DRK-03,4,32000,128000,Debit Card,Online Order
924,SUN-4416315,27-11-2023,Buttermilk Fried Chicken,Food,FOD-01,2,48000,96000,Digital Wallet,Dine in
925,SUN-5248799,16-04-2023,Grill Chicken Caesar Salad,Food,FOD-04,4,42000,168000,Digital Wallet,Dine in
926,SUN-8628808,13-02-2023,Club Sandwich,Food,FOD-05,4,45000,180000,Digital Wallet,Take Away
927,SUN-1278607,18-12-2023,Choco Lava Cake,Dessert,DST-04,4,35000,140000,Digital Wallet,Online Order
928,SUN-3614491,24-05-2023,Nasi Goreng Kampung,Food,FOD-03,3,38000,114000,Cash,Dine in
929,SUN-6386274,07-04-2023,New York Cheesecake,Dessert,DST-03,3,42000,126000,Digital Wallet,Online Order
930,SUN-3275978,05-12-2023,Buttermilk Fried Chicken,Food,FOD-01,3,48000,144000,Digital Wallet,Take Away
931,SUN-5096334,18-09-2023,Grill Chicken Caesar Salad,Food,FOD-04,2,42000,84000,Cash,Take Away
932,SUN-5757345,19-09-2023,Cinnamon Roll,Dessert,DST-05,1,28000,28000,Cash,Take Away
933,SUN-4100264,18-12-2023,Grill Chicken Caesar Salad,Food,FOD-04,1,42000,42000,Digital Wallet,Dine in
934,SUN-9609655,29-01-2023,Cinnamon Roll,Dessert,DST-05,1,28000,28000,Digital Wallet,Dine in
935,SUN-6909759,06-10-2023,Fudgy Brownies,Dessert,DST-02,1,25000,25000,Debit Card,Dine in
936,SUN-7970706,08-08-2023,Iced Americano,Drinks,DRK-02,4,28000,112000,Debit Card,Online Order
937,SUN-1441201,16-09-2023,Cinnamon Roll,Dessert,DST-05,1,28000,28000,Debit Card,Online Order
938,SUN-8077290,02-08-2023,Club Sandwich,Food,FOD-05,3,45000,135000,Cash,Online Order
939,SUN-3709209,21-09-2023,Classic Tirmaisu,Dessert,DST-01,1,38000,38000,Debit Card,Online Order
940,SUN-6216389,22-09-2023,Fudgy Brownies,Dessert,DST-02,2,25000,50000,Debit Card,Dine in
941,SUN-1712935,21-10-2023,Creamy Maycha Latte,Drinks,DRK-05,1,35000,35000,Digital Wallet,Online Order
942,SUN-8746358,05-05-2023,Buttermilk Fried Chicken,Food,FOD-01,1,48000,48000,Cash,Online Order
943,SUN-3993213,09-04-2023,Cafe Latte,Drinks,DRK-03,2,32000,64000,Cash,Dine in
944,SUN-8451528,24-06-2023,Espreso Single,Drinks,DRK-01,4,22000,88000,Digital Wallet,Online Order
945,SUN-1264656,17-08-2023,Club Sandwich,Food,FOD-05,1,45000,45000,Cash,Take Away
946,SUN-1171675,03-05-2023,Iced Americano,Drinks,DRK-02,4,28000,112000,Debit Card,Take Away
947,SUN-1251343,21-10-2023,Choco Lava Cake,Dessert,DST-04,2,35000,70000,Digital Wallet,Online Order
948,SUN-8396291,16-09-2023,Nasi Goreng Kampung,Food,FOD-03,1,38000,38000,Cash,Dine in
949,SUN-4477708,21-11-2023,Choco Lava Cake,Dessert,DST-04,2,35000,70000,Digital Wallet,Take Away
950,SUN-5796544,18-08-2023,New York Cheesecake,Dessert,DST-03,3,42000,126000,Digital Wallet,Dine in
951,SUN-7618903,27-11-2023,Classic Tirmaisu,Dessert,DST-01,2,38000,76000,Cash,Take Away
952,SUN-4875778,07-06-2023,Nasi Goreng Kampung,Food,FOD-03,1,38000,38000,Debit Card,Dine in
953,SUN-4058117,26-11-2023,Choco Lava Cake,Dessert,DST-04,3,35000,105000,Digital Wallet,Take Away
954,SUN-2228058,08-09-2023,New York Cheesecake,Dessert,DST-03,2,42000,84000,Cash,Dine in
955,SUN-4648492,05-02-2023,Classic Tirmaisu,Dessert,DST-01,2,38000,76000,Digital Wallet,Online Order
956,SUN-7229963,21-04-2023,Buttermilk Fried Chicken,Food,FOD-01,1,48000,48000,Digital Wallet,Online Order
957,SUN-2390508,18-05-2023,Classic Tirmaisu,Dessert,DST-01,1,38000,38000,Cash,Take Away
958,SUN-9566856,29-09-2023,Beef Carbonara Pasta,Food,FOD-02,3,52000,156000,Cash,Online Order
959,SUN-5061287,16-06-2023,Caramel Machiato,Drinks,DRK-04,3,38000,114000,Cash,Dine in
960,SUN-8287377,11-05-2023,Club Sandwich,Food,FOD-05,3,45000,135000,Debit Card,Take Away
961,SUN-6990177,22-11-2023,Buttermilk Fried Chicken,Food,FOD-01,1,48000,48000,Cash,Online Order
962,SUN-2646282,14-02-2023,Creamy Maycha Latte,Drinks,DRK-05,4,35000,140000,Debit Card,Online Order
963,SUN-2717350,03-06-2023,Fudgy Brownies,Dessert,DST-02,2,25000,50000,Cash,Dine in
964,SUN-5011642,30-03-2023,Buttermilk Fried Chicken,Food,FOD-01,4,48000,192000,Debit Card,Online Order
965,SUN-4368323,07-04-2023,Classic Tirmaisu,Dessert,DST-01,1,38000,38000,Digital Wallet,Dine in
966,SUN-2882856,05-04-2023,Buttermilk Fried Chicken,Food,FOD-01,3,48000,144000,Cash,Take Away
967,SUN-8205217,08-01-2023,Cafe Latte,Drinks,DRK-03,1,32000,32000,Cash,Online Order
968,SUN-9803926,27-07-2023,Espreso Single,Drinks,DRK-01,2,22000,44000,Digital Wallet,Take Away
969,SUN-9232424,16-04-2023,Grill Chicken Caesar Salad,Food,FOD-04,4,42000,168000,Cash,Take Away
970,SUN-6979167,17-08-2023,New York Cheesecake,Dessert,DST-03,1,42000,42000,Cash,Online Order
971,SUN-2341557,12-10-2023,Club Sandwich,Food,FOD-05,4,45000,180000,Debit Card,Take Away
972,SUN-1630669,19-04-2023,New York Cheesecake,Dessert,DST-03,4,42000,168000,Debit Card,Take Away
973,SUN-2192213,08-01-2023,Caramel Machiato,Drinks,DRK-04,4,38000,152000,Debit Card,Online Order
974,SUN-2404019,30-07-2023,Cafe Latte,Drinks,DRK-03,3,32000,96000,Digital Wallet,Take Away
975,SUN-5519639,02-03-2023,Espreso Single,Drinks,DRK-01,3,22000,66000,Digital Wallet,Take Away
976,SUN-2144002,17-08-2023,Grill Chicken Caesar Salad,Food,FOD-04,1,42000,42000,Cash,Take Away
977,SUN-9430054,24-04-2023,Cafe Latte,Drinks,DRK-03,4,32000,128000,Debit Card,Take Away
978,SUN-4784969,08-11-2023,Cinnamon Roll,Dessert,DST-05,3,28000,84000,Debit Card,Dine in
979,SUN-2721898,14-07-2023,Grill Chicken Caesar Salad,Food,FOD-04,2,42000,84000,Debit Card,Dine in
980,SUN-5510405,05-09-2023,Espreso Single,Drinks,DRK-01,2,22000,44000,Cash,Online Order
981,SUN-7708930,13-05-2023,Nasi Goreng Kampung,Food,FOD-03,2,38000,76000,Cash,Take Away
982,SUN-5738477,01-06-2023,Classic Tirmaisu,Dessert,DST-01,2,38000,76000,Debit Card,Online Order
983,SUN-9963933,19-11-2023,Caramel Machiato,Drinks,DRK-04,2,38000,76000,Debit Card,Online Order
984,SUN-6272559,28-07-2023,Grill Chicken Caesar Salad,Food,FOD-04,3,42000,126000,Debit Card,Online Order
985,SUN-8529143,17-03-2023,Nasi Goreng Kampung,Food,FOD-03,1,38000,38000,Cash,Dine in
986,SUN-9385929,09-02-2023,Creamy Maycha Latte,Drinks,DRK-05,4,35000,140000,Debit Card,Dine in
987,SUN-3937317,24-07-2023,Caramel Machiato,Drinks,DRK-04,4,38000,152000,Debit Card,Take Away
988,SUN-2474568,28-10-2023,Cafe Latte,Drinks,DRK-03,1,32000,32000,Cash,Dine in
989,SUN-5797497,11-10-2023,Creamy Maycha Latte,Drinks,DRK-05,4,35000,140000,Digital Wallet,Dine in
990,SUN-8724416,19-01-2023,Beef Carbonara Pasta,Food,FOD-02,1,52000,52000,Cash,Dine in
991,SUN-8086523,06-12-2023,Nasi Goreng Kampung,Food,FOD-03,4,38000,152000,Debit Card,Take Away
992,SUN-2129837,14-09-2023,Classic Tirmaisu,Dessert,DST-01,3,38000,114000,Debit Card,Online Order
993,SUN-6701954,15-11-2023,Beef Carbonara Pasta,Food,FOD-02,4,52000,208000,Cash,Take Away
994,SUN-9123587,27-12-2023,Espreso Single,Drinks,DRK-01,2,22000,44000,Debit Card,Take Away
995,SUN-5390482,19-02-2023,New York Cheesecake,Dessert,DST-03,4,42000,168000,Digital Wallet,Online Order
996,SUN-6728401,18-01-2023,Classic Tirmaisu,Dessert,DST-01,4,38000,152000,Debit Card,Online Order
997,SUN-3548836,17-10-2023,Fudgy Brownies,Dessert,DST-02,4,25000,100000,Debit Card,Dine in
998,SUN-8030733,20-12-2023,Buttermilk Fried Chicken,Food,FOD-01,2,48000,96000,Digital Wallet,Take Away
999,SUN-7295613,04-09-2023,Creamy Maycha Latte,Drinks,DRK-05,2,35000,70000,Debit Card,Online Order
1000,SUN-7516116,08-11-2023,Buttermilk Fried Chicken,Food,FOD-01,2,48000,96000,Debit Card,Online Order
1001,SUN-1792045,03-06-2023,Espreso Single,Drinks,DRK-01,1,22000,22000,Debit Card,Take Away
1002,SUN-6608286,24-11-2023,Cinnamon Roll,Dessert,DST-04,1,28000,28000,Debit Card,Online Order
1003,SUN-6645025,10-01-2023,Cinnamon Roll,Dessert,DST-05,3,28000,84000,Debit Card,Take Away
1004,SUN-9939462,05-02-2023,Creamy Maycha Latte,Drinks,DRK-05,1,35000,35000,Cash,Take Away
1005,SUN-4435920,03-03-2023,Cafe Latte,Drinks,DRK-03,4,32000,128000,Debit Card,Online Order
1006,SUN-2576351,20-04-2023,New York Cheesecake,Dessert,DST-03,4,42000,168000,Debit Card,Online Order
1007,SUN-3215198,01-10-2023,Cinnamon Roll,Dessert,DST-05,4,28000,112000,Cash,Take Away
1008,SUN-6790650,23-04-2023,Caramel Machiato,Drinks,DRK-04,1,38000,38000,Digital Wallet,Take Away
1009,SUN-1446539,31-01-2023,Cinnamon Roll,Dessert,DST-05,2,28000,56000,Digital Wallet,Online Order
1010,SUN-8928587,03-12-2023,Creamy Maycha Latte,Drinks,DRK-05,2,35000,70000,Cash,Dine in
1011,SUN-2800361,25-04-2023,Classic Tirmaisu,Dessert,DST-01,2,38000,76000,Digital Wallet,Online Order
1012,SUN-8982861,06-12-2023,Iced Americano,Drinks,DRK-02,4,28000,112000,Digital Wallet,Dine in
1013,SUN-6478446,04-04-2023,New York Cheesecake,Dessert,DST-03,4,42000,168000,Debit Card,Online Order
1014,SUN-4788764,12-09-2023,Creamy Maycha Latte,Drinks,DRK-05,1,35000,35000,Cash,Online Order
1015,SUN-1125198,30-09-2023,Grill Chicken Caesar Salad,Food,FOD-04,4,42000,168000,Debit Card,Dine in
1016,SUN-1440458,15-08-2023,Nasi Goreng Kampung,Food,FOD-03,3,38000,114000,Cash,Take Away
1017,SUN-1989833,12-05-2023,Iced Americano,Drinks,DRK-02,1,28000,28000,Digital Wallet,Take Away
1018,SUN-7907379,23-08-2023,Cafe Latte,Drinks,DRK-03,3,32000,96000,Cash,Take Away
1019,SUN-4653970,01-02-2023,Club Sandwich,Food,FOD-05,4,45000,180000,Cash,Take Away
1020,SUN-5836612,13-05-2023,New York Cheesecake,Dessert,DST-03,3,42000,126000,Cash,Online Order
1021,SUN-3148687,16-05-2023,Choco Lava Cake,Dessert,DST-04,1,35000,35000,Cash,Online Order
1022,SUN-9999568,11-11-2023,Cafe Latte,Drinks,DRK-03,2,32000,64000,Digital Wallet,Dine in
1023,SUN-2809197,30-04-2023,Fudgy Brownies,Dessert,DST-02,1,25000,25000,Debit Card,Dine in
1024,SUN-2822342,04-03-2023,Espreso Single,Drinks,DRK-01,3,22000,66000,Digital Wallet,Online Order
1025,SUN-8129221,19-09-2023,Grill Chicken Caesar Salad,Food,FOD-04,1,42000,42000,Cash,Online Order
1026,SUN-8783747,23-06-2023,Iced Americano,Drinks,DRK-02,3,28000,84000,Debit Card,Online Order
1027,SUN-1169595,27-04-2023,Beef Carbonara Pasta,Food,FOD-02,1,52000,52000,Digital Wallet,Take Away
1028,SUN-8515711,05-11-2023,Cinnamon Roll,Dessert,DST-05,1,28000,28000,Cash,Take Away
1029,SUN-7589665,11-09-2023,Nasi Goreng Kampung,Food,FOD-03,2,38000,76000,Cash,Take Away
1030,SUN-8372781,22-04-2023,New York Cheesecake,Dessert,DST-03,3,42000,126000,Digital Wallet,Online Order
1031,SUN-6578048,16-07-2023,Creamy Maycha Latte,Drinks,DRK-05,3,35000,105000,Digital Wallet,Take Away
1032,SUN-3656952,16-12-2023,Caramel Machiato,Drinks,DRK-04,1,38000,38000,Debit Card,Dine in
1033,SUN-2910208,21-11-2023,Cinnamon Roll,Dessert,DST-05,4,28000,112000,Cash,Dine in
1034,SUN-5996881,14-06-2023,Fudgy Brownies,Dessert,DST-02,4,25000,100000,Cash,Dine in
1035,SUN-4644415,25-09-2023,Caramel Machiato,Drinks,DRK-04,2,38000,76000,Debit Card,Online Order
1036,SUN-5817504,15-08-2023,Iced Americano,Drinks,DRK-02,3,28000,84000,Debit Card,Take Away
1037,SUN-2240942,29-05-2023,Classic Tirmaisu,Dessert,DST-01,1,38000,38000,Digital Wallet,Online Order
1038,SUN-9787096,08-03-2023,Beef Carbonara Pasta,Food,FOD-02,3,52000,156000,Debit Card,Dine in
1039,SUN-2593743,26-06-2023,Cafe Latte,Drinks,DRK-03,2,32000,64000,Debit Card,Online Order
1040,SUN-2223115,03-06-2023,Iced Americano,Drinks,DRK-02,3,28000,84000,Debit Card,Online Order
1041,SUN-4541137,22-06-2023,Buttermilk Fried Chicken,Food,FOD-01,1,48000,48000,Debit Card,Online Order
1042,SUN-5745970,10-03-2023,Choco Lava Cake,Dessert,DST-04,1,35000,35000,Debit Card,Take Away
1043,SUN-7655186,15-11-2023,Cinnamon Roll,Dessert,DST-05,4,28000,112000,Debit Card,Dine in
1044,SUN-2194940,04-03-2023,Caramel Machiato,Drinks,DRK-04,4,38000,152000,Cash,Online Order
1045,SUN-7472806,20-02-2023,Fudgy Brownies,Dessert,DST-02,2,25000,50000,Cash,Take Away
1046,SUN-2652028,13-05-2023,Cafe Latte,Drinks,DRK-03,2,32000,64000,Debit Card,Take Away
1047,SUN-9089823,04-06-2023,Espreso Single,Drinks,DRK-01,3,22000,66000,Debit Card,Online Order
1048,SUN-6722092,13-02-2023,Cinnamon Roll,Dessert,DST-05,1,28000,28000,Cash,Take Away
1049,SUN-5239643,15-07-2023,Caramel Machiato,Drinks,DRK-04,4,38000,152000,Digital Wallet,Take Away
1050,SUN-5967145,27-03-2023,Beef Carbonara Pasta,Food,FOD-02,4,52000,208000,Digital Wallet,Online Order
1051,SUN-1765824,09-06-2023,Grill Chicken Caesar Salad,Food,FOD-04,3,42000,126000,Cash,Online Order
1052,SUN-2376054,18-02-2023,Choco Lava Cake,Dessert,DST-04,1,35000,35000,Cash,Take Away
1053,SUN-7430108,07-08-2023,Iced Americano,Drinks,DRK-02,2,28000,56000,Debit Card,Online Order
1054,SUN-5373555,31-08-2023,Beef Carbonara Pasta,Food,FOD-02,4,52000,208000,Debit Card,Take Away
1055,SUN-9661257,02-07-2023,Choco Lava Cake,Dessert,DST-04,3,35000,105000,Digital Wallet,Online Order
1056,SUN-2372238,25-03-2023,Creamy Maycha Latte,Drinks,DRK-05,2,35000,70000,Debit Card,Dine in
1057,SUN-6619135,31-05-2023,Cinnamon Roll,Dessert,DST-05,4,28000,112000,Digital Wallet,Online Order
1058,SUN-4636462,08-11-2023,Nasi Goreng Kampung,Food,FOD-03,1,38000,38000,Cash,Dine in
1059,SUN-9996285,08-09-2023,Classic Tirmaisu,Dessert,DST-01,1,38000,38000,Digital Wallet,Take Away
1060,SUN-1823070,21-01-2023,Fudgy Brownies,Dessert,DST-02,3,25000,75000,Digital Wallet,Take Away
1061,SUN-2677593,01-05-2023,Nasi Goreng Kampung,Food,FOD-03,3,38000,114000,Digital Wallet,Take Away
1062,SUN-7293725,14-08-2023,Classic Tirmaisu,Dessert,DST-01,2,38000,76000,Digital Wallet,Dine in
1063,SUN-4343475,10-08-2023,Choco Lava Cake,Dessert,DST-04,2,35000,70000,Debit Card,Online Order
1064,SUN-8448102,10-01-2023,Choco Lava Cake,Dessert,DST-04,1,35000,35000,Debit Card,Take Away
1065,SUN-3675296,23-09-2023,Nasi Goreng Kampung,Food,FOD-03,1,38000,38000,Debit Card,Take Away
1066,SUN-2897476,25-01-2023,Club Sandwich,Food,FOD-05,3,45000,135000,Digital Wallet,Dine in
1067,SUN-6874049,17-02-2023,Fudgy Brownies,Dessert,DST-02,4,25000,100000,Digital Wallet,Online Order
1068,SUN-2259985,04-09-2023,Fudgy Brownies,Dessert,DST-02,4,25000,100000,Debit Card,Online Order
1069,SUN-9828157,30-04-2023,Nasi Goreng Kampung,Food,FOD-03,4,38000,152000,Digital Wallet,Dine in
1070,SUN-3109223,05-09-2023,Cafe Latte,Drinks,DRK-03,2,32000,64000,Digital Wallet,Take Away
1071,SUN-5752992,11-12-2023,Club Sandwich,Food,FOD-05,1,45000,45000,Debit Card,Online Order
1072,SUN-9933351,28-04-2023,Espreso Single,Drinks,DRK-01,2,22000,44000,Debit Card,Take Away
1073,SUN-3466455,19-12-2023,New York Cheesecake,Dessert,DST-03,2,42000,84000,Cash,Take Away
1074,SUN-7070975,02-08-2023,Nasi Goreng Kampung,Food,FOD-03,3,38000,114000,Cash,Dine in
1075,SUN-3183370,29-12-2023,Fudgy Brownies,Dessert,DST-02,4,25000,100000,Digital Wallet,Online Order
1076,SUN-6398928,14-10-2023,Beef Carbonara Pasta,Food,FOD-02,3,52000,156000,Debit Card,Take Away
1077,SUN-2758284,16-01-2023,Iced Americano,Drinks,DRK-02,3,28000,84000,Cash,Online Order
1078,SUN-4516791,02-05-2023,Caramel Machiato,Drinks,DRK-04,4,38000,152000,Digital Wallet,Dine in
1079,SUN-8946301,29-10-2023,Beef Carbonara Pasta,Food,FOD-02,2,52000,104000,Debit Card,Online Order
1080,SUN-3143679,12-10-2023,Buttermilk Fried Chicken,Food,FOD-01,2,48000,96000,Digital Wallet,Dine in
1081,SUN-9896096,08-12-2023,Cafe Latte,Drinks,DRK-03,1,32000,32000,Debit Card,Online Order
1082,SUN-6220572,05-11-2023,Choco Lava Cake,Dessert,DST-04,3,35000,105000,Digital Wallet,Online Order
1083,SUN-4045698,26-11-2023,Cafe Latte,Drinks,DRK-03,4,32000,128000,Digital Wallet,Online Order
1084,SUN-2329566,04-01-2023,Buttermilk Fried Chicken,Food,FOD-01,3,48000,144000,Digital Wallet,Online Order
1085,SUN-5564060,18-09-2023,Choco Lava Cake,Dessert,DST-04,3,35000,105000,Digital Wallet,Online Order
1086,SUN-2057260,01-04-2023,Iced Americano,Drinks,DRK-02,2,28000,56000,Digital Wallet,Online Order
1087,SUN-5912252,04-09-2023,New York Cheesecake,Dessert,DST-03,2,42000,84000,Cash,Take Away
1088,SUN-9045367,21-10-2023,Classic Tirmaisu,Dessert,DST-01,3,38000,114000,Debit Card,Online Order
1089,SUN-1525134,20-09-2023,Choco Lava Cake,Dessert,DST-04,2,35000,70000,Digital Wallet,Take Away
1090,SUN-6130936,16-11-2023,Beef Carbonara Pasta,Food,FOD-02,2,52000,104000,Debit Card,Take Away
1091,SUN-1412918,29-07-2023,Cafe Latte,Drinks,DRK-03,4,32000,128000,Debit Card,Online Order
1092,SUN-9852850,09-06-2023,Iced Americano,Drinks,DRK-02,3,28000,84000,Cash,Dine in
1093,SUN-9416812,15-10-2023,Iced Americano,Drinks,DRK-02,3,28000,84000,Debit Card,Online Order
1094,SUN-6176195,21-03-2023,Beef Carbonara Pasta,Food,FOD-02,3,52000,156000,Digital Wallet,Online Order
1095,SUN-6886521,03-07-2023,Espreso Single,Drinks,DRK-01,1,22000,22000,Digital Wallet,Online Order
1096,SUN-2175384,22-12-2023,Choco Lava Cake,Dessert,DST-04,3,35000,105000,Debit Card,Take Away
1097,SUN-8252598,24-03-2023,Buttermilk Fried Chicken,Food,FOD-01,3,48000,144000,Debit Card,Online Order
1098,SUN-7067295,10-09-2023,Buttermilk Fried Chicken,Food,FOD-01,4,48000,192000,Digital Wallet,Dine in
1099,SUN-5063785,04-02-2023,Nasi Goreng Kampung,Food,FOD-03,4,38000,152000,Debit Card,Online Order
1100,SUN-4314023,27-12-2023,Cafe Latte,Drinks,DRK-03,4,32000,128000,Cash,Take Away
1101,SUN-8825594,28-11-2023,New York Cheesecake,Dessert,DST-03,3,42000,126000,Debit Card,Online Order
1102,SUN-8387880,25-07-2023,Choco Lava Cake,Dessert,DST-04,2,35000,70000,Debit Card,Online Order
1103,SUN-8228467,03-10-2023,Club Sandwich,Food,FOD-05,1,45000,45000,Digital Wallet,Online Order
1104,SUN-1039973,28-07-2023,Caramel Machiato,Drinks,DRK-04,3,38000,114000,Digital Wallet,Take Away
1105,SUN-3680955,06-03-2023,Cafe Latte,Drinks,DRK-03,2,32000,64000,Debit Card,Online Order
1106,SUN-6462038,06-06-2023,Grill Chicken Caesar Salad,Food,FOD-04,3,42000,126000,Digital Wallet,Take Away
1107,SUN-4179611,28-10-2023,Choco Lava Cake,Dessert,DST-04,2,35000,70000,Debit Card,Online Order
1108,SUN-7870486,09-04-2023,Nasi Goreng Kampung,Food,FOD-03,3,38000,114000,Debit Card,Take Away
1109,SUN-7899403,20-04-2023,Beef Carbonara Pasta,Food,FOD-02,3,52000,156000,Digital Wallet,Take Away
1110,SUN-5982531,30-09-2023,Club Sandwich,Food,FOD-05,3,45000,135000,Digital Wallet,Take Away
1111,SUN-9798216,21-08-2023,New York Cheesecake,Dessert,DST-03,1,42000,42000,Digital Wallet,Dine in
1112,SUN-1806012,29-05-2023,Creamy Maycha Latte,Drinks,DRK-05,2,35000,70000,Digital Wallet,Dine in
1113,SUN-3608522,10-05-2023,Caramel Machiato,Drinks,DRK-04,2,38000,76000,Debit Card,Online Order
1114,SUN-4381825,20-10-2023,Fudgy Brownies,Dessert,DST-02,3,25000,75000,Debit Card,Take Away
1115,SUN-3506376,20-03-2023,Cafe Latte,Drinks,DRK-03,2,32000,64000,Debit Card,Take Away
1116,SUN-4725655,04-05-2023,Caramel Machiato,Drinks,DRK-04,4,38000,152000,Cash,Dine in
1117,SUN-5767246,06-03-2023,Beef Carbonara Pasta,Food,FOD-02,1,52000,52000,Digital Wallet,Dine in
1118,SUN-1205178,16-04-2023,Cinnamon Roll,Dessert,DST-05,2,28000,56000,Digital Wallet,Dine in
1119,SUN-2631462,26-01-2023,Fudgy Brownies,Dessert,DST-02,1,25000,25000,Digital Wallet,Take Away
1120,SUN-7742959,11-04-2023,Beef Carbonara Pasta,Food,FOD-02,4,52000,208000,Debit Card,Dine in
1121,SUN-2913723,28-01-2023,Classic Tirmaisu,Dessert,DST-01,1,38000,38000,Digital Wallet,Online Order
1122,SUN-8718311,28-07-2023,Caramel Machiato,Drinks,DRK-04,1,38000,38000,Digital Wallet,Online Order
1123,SUN-1200465,26-01-2023,Fudgy Brownies,Dessert,DST-02,3,25000,75000,Digital Wallet,Online Order
1124,SUN-9290931,02-01-2023,Nasi Goreng Kampung,Food,FOD-03,3,38000,114000,Debit Card,Online Order
1125,SUN-8896079,02-02-2023,Nasi Goreng Kampung,Food,FOD-03,1,38000,38000,Digital Wallet,Dine in
1126,SUN-9170660,28-02-2023,Buttermilk Fried Chicken,Food,FOD-01,2,48000,96000,Digital Wallet,Take Away
1127,SUN-2923608,01-11-2023,Fudgy Brownies,Dessert,DST-02,1,25000,25000,Digital Wallet,Take Away
1128,SUN-4566777,09-09-2023,Beef Carbonara Pasta,Food,FOD-02,3,52000,156000,Cash,Dine in
1129,SUN-7241406,09-07-2023,Iced Americano,Drinks,DRK-02,2,28000,56000,Debit Card,Online Order
1130,SUN-6614117,09-05-2023,Club Sandwich,Food,FOD-05,2,45000,90000,Debit Card,Take Away
1131,SUN-3572003,16-02-2023,Caramel Machiato,Drinks,DRK-04,2,38000,76000,Digital Wallet,Take Away
1132,SUN-9793310,12-07-2023,Cinnamon Roll,Dessert,DST-05,1,28000,28000,Debit Card,Online Order
1133,SUN-7966283,11-07-2023,Fudgy Brownies,Dessert,DST-02,2,25000,50000,Cash,Dine in
1134,SUN-1984536,06-07-2023,Nasi Goreng Kampung,Food,FOD-03,1,38000,38000,Digital Wallet,Dine in
1135,SUN-4842707,18-07-2023,Creamy Maycha Latte,Drinks,DRK-05,2,35000,70000,Debit Card,Online Order
1136,SUN-5471121,16-07-2023,Espreso Single,Drinks,DRK-01,3,22000,66000,Debit Card,Online Order
1137,SUN-8136533,01-07-2023,New York Cheesecake,Dessert,DST-03,1,42000,42000,Debit Card,Online Order
1138,SUN-7615718,06-02-2023,Espreso Single,Drinks,DRK-01,4,22000,88000,Digital Wallet,Take Away
1139,SUN-3778248,17-03-2023,Caramel Machiato,Drinks,DRK-04,4,38000,152000,Digital Wallet,Online Order
1140,SUN-5802185,30-01-2023,New York Cheesecake,Dessert,DST-03,4,42000,168000,Digital Wallet,Online Order
1141,SUN-6072796,08-06-2023,Club Sandwich,Food,FOD-05,4,45000,180000,Debit Card,Online Order
1142,SUN-7880122,04-08-2023,Iced Americano,Drinks,DRK-02,3,28000,84000,Debit Card,Online Order
1143,SUN-2067426,14-11-2023,Beef Carbonara Pasta,Food,FOD-02,2,52000,104000,Cash,Dine in
1144,SUN-7212883,27-05-2023,Classic Tirmaisu,Dessert,DST-01,2,38000,76000,Digital Wallet,Dine in
1145,SUN-2756530,18-03-2023,Fudgy Brownies,Dessert,DST-02,4,25000,100000,Debit Card,Online Order
1146,SUN-6225494,22-12-2023,New York Cheesecake,Dessert,DST-03,4,42000,168000,Cash,Dine in
1147,SUN-6966168,03-07-2023,Choco Lava Cake,Dessert,DST-04,4,35000,140000,Digital Wallet,Dine in
1148,SUN-8256690,19-05-2023,Caramel Machiato,Drinks,DRK-04,3,38000,114000,Digital Wallet,Online Order
1149,SUN-9364067,06-12-2023,Choco Lava Cake,Dessert,DST-04,4,35000,140000,Cash,Take Away
1150,SUN-6272118,20-08-2023,Caramel Machiato,Drinks,DRK-04,4,38000,152000,Digital Wallet,Dine in
1151,SUN-4173768,26-03-2023,Espreso Single,Drinks,DRK-01,2,22000,44000,Debit Card,Dine in
1152,SUN-8825499,30-10-2023,Classic Tirmaisu,Dessert,DST-01,1,38000,38000,Digital Wallet,Online Order
1153,SUN-4379643,22-09-2023,Espreso Single,Drinks,DRK-01,3,22000,66000,Debit Card,Dine in
1154,SUN-1664091,23-02-2023,Buttermilk Fried Chicken,Food,FOD-01,1,48000,48000,Debit Card,Online Order
1155,SUN-1093868,26-06-2023,New York Cheesecake,Dessert,DST-03,4,42000,168000,Debit Card,Online Order
1156,SUN-9937670,17-07-2023,Iced Americano,Drinks,DRK-02,2,28000,56000,Cash,Dine in
1157,SUN-3863333,15-10-2023,Club Sandwich,Food,FOD-05,3,45000,135000,Debit Card,Dine in
1158,SUN-2652483,01-06-2023,New York Cheesecake,Dessert,DST-03,4,42000,168000,Digital Wallet,Take Away
1159,SUN-2534204,12-05-2023,Choco Lava Cake,Dessert,DST-04,4,35000,140000,Debit Card,Online Order
1160,SUN-1078903,03-08-2023,Fudgy Brownies,Dessert,DST-02,2,25000,50000,Debit Card,Online Order
1161,SUN-1003275,17-07-2023,Classic Tirmaisu,Dessert,DST-01,3,38000,114000,Cash,Dine in
1162,SUN-1115039,24-07-2023,Grill Chicken Caesar Salad,Food,FOD-04,1,42000,42000,Debit Card,Online Order
1163,SUN-2453148,15-05-2023,Creamy Maycha Latte,Drinks,DRK-05,4,35000,140000,Digital Wallet,Dine in
1164,SUN-8963445,15-03-2023,Cafe Latte,Drinks,DRK-03,2,32000,64000,Cash,Online Order
1165,SUN-6043393,13-11-2023,Caramel Machiato,Drinks,DRK-04,3,38000,114000,Cash,Dine in
1166,SUN-9683904,17-11-2023,Cinnamon Roll,Dessert,DST-05,3,28000,84000,Debit Card,Online Order
1167,SUN-8378731,30-11-2023,Choco Lava Cake,Dessert,DST-04,4,35000,140000,Digital Wallet,Dine in
1168,SUN-8755635,26-01-2023,Creamy Maycha Latte,Drinks,DRK-05,4,35000,140000,Cash,Dine in
1169,SUN-2950713,19-08-2023,Nasi Goreng Kampung,Food,FOD-03,1,38000,38000,Digital Wallet,Dine in
1170,SUN-1668108,28-04-2023,Nasi Goreng Kampung,Food,FOD-03,4,38000,152000,Debit Card,Online Order
1171,SUN-1465379,25-12-2023,Choco Lava Cake,Dessert,DST-04,3,35000,105000,Digital Wallet,Dine in
1172,SUN-3318141,24-08-2023,Caramel Machiato,Drinks,DRK-04,3,38000,114000,Debit Card,Online Order
1173,SUN-5727207,25-09-2023,Cafe Latte,Drinks,DRK-03,1,32000,32000,Cash,Dine in
1174,SUN-2457245,15-08-2023,Creamy Maycha Latte,Drinks,DRK-05,1,35000,35000,Debit Card,Online Order
1175,SUN-8185815,31-10-2023,Cinnamon Roll,Dessert,DST-05,3,28000,84000,Debit Card,Take Away
1176,SUN-6181129,19-03-2023,Caramel Machiato,Drinks,DRK-04,1,38000,38000,Debit Card,Take Away
1177,SUN-5541378,23-11-2023,Nasi Goreng Kampung,Food,FOD-03,3,38000,114000,Debit Card,Take Away
1178,SUN-9313203,19-05-2023,Cinnamon Roll,Dessert,DST-05,2,28000,56000,Debit Card,Dine in
1179,SUN-8899710,10-04-2023,Cafe Latte,Drinks,DRK-03,4,32000,128000,Cash,Dine in
1180,SUN-7711869,25-05-2023,Espreso Single,Drinks,DRK-01,4,22000,88000,Debit Card,Dine in
1181,SUN-2766937,27-12-2023,Creamy Maycha Latte,Drinks,DRK-05,1,35000,35000,Digital Wallet,Online Order
1182,SUN-4168858,27-02-2023,Espreso Single,Drinks,DRK-01,1,22000,22000,Digital Wallet,Online Order
1183,SUN-4036884,23-05-2023,Creamy Maycha Latte,Drinks,DRK-05,4,35000,140000,Cash,Dine in
1184,SUN-1470507,07-11-2023,New York Cheesecake,Dessert,DST-03,3,42000,126000,Digital Wallet,Take Away
1185,SUN-7849592,01-07-2023,Buttermilk Fried Chicken,Food,FOD-01,4,48000,192000,Debit Card,Online Order
1186,SUN-7349684,09-03-2023,Beef Carbonara Pasta,Food,FOD-02,4,52000,208000,Digital Wallet,Online Order
1187,SUN-6266423,07-03-2023,Espreso Single,Drinks,DRK-01,3,22000,66000,Digital Wallet,Dine in
1188,SUN-4998900,12-12-2023,Cinnamon Roll,Dessert,DST-05,2,28000,56000,Debit Card,Online Order
1189,SUN-1825060,27-10-2023,Beef Carbonara Pasta,Food,FOD-02,1,52000,52000,Digital Wallet,Online Order
1190,SUN-2202331,27-09-2023,Espreso Single,Drinks,DRK-01,1,22000,22000,Debit Card,Take Away
1191,SUN-1268502,03-05-2023,Caramel Machiato,Drinks,DRK-04,4,38000,152000,Digital Wallet,Online Order
1192,SUN-8798688,14-01-2023,Club Sandwich,Food,FOD-05,2,45000,90000,Digital Wallet,Take Away
1193,SUN-2451672,09-09-2023,Beef Carbonara Pasta,Food,FOD-02,3,52000,156000,Debit Card,Online Order
1194,SUN-4230031,10-11-2023,New York Cheesecake,Dessert,DST-03,2,42000,84000,Debit Card,Online Order
1195,SUN-6972356,21-03-2023,Iced Americano,Drinks,DRK-02,2,28000,56000,Digital Wallet,Dine in
1196,SUN-7533107,08-02-2023,Iced Americano,Drinks,DRK-02,3,28000,84000,Cash,Take Away
1197,SUN-2839303,09-05-2023,Beef Carbonara Pasta,Food,FOD-02,3,52000,156000,Debit Card,Dine in
1198,SUN-5482208,03-04-2023,Grill Chicken Caesar Salad,Food,FOD-04,4,42000,168000,Cash,Take Away
1199,SUN-5721138,21-05-2023,Beef Carbonara Pasta,Food,FOD-02,2,52000,104000,Debit Card,Online Order
1200,SUN-9817846,28-05-2023,Beef Carbonara Pasta,Food,FOD-02,4,52000,208000,Debit Card,Online Order
1201,SUN-1069304,28-03-2023,Beef Carbonara Pasta,Food,FOD-02,1,52000,52000,Digital Wallet,Take Away
1202,SUN-7363199,21-12-2023,Cafe Latte,Drinks,DRK-03,4,32000,128000,Cash,Dine in
1203,SUN-2780161,13-01-2023,Club Sandwich,Food,FOD-05,2,45000,90000,Digital Wallet,Take Away
1204,SUN-3883254,22-09-2023,Cafe Latte,Drinks,DRK-03,4,32000,128000,Digital Wallet,Dine in
1205,SUN-6117186,09-10-2023,Choco Lava Cake,Dessert,DST-04,1,35000,35000,Debit Card,Dine in
1206,SUN-2677880,06-06-2023,Creamy Maycha Latte,Drinks,DRK-05,3,35000,105000,Cash,Take Away
1207,SUN-8168968,13-12-2023,Grill Chicken Caesar Salad,Food,FOD-04,1,42000,42000,Cash,Dine in
1208,SUN-4094801,29-12-2023,Choco Lava Cake,Dessert,DST-04,2,35000,70000,Cash,Take Away
1209,SUN-6984161,24-03-2023,Creamy Maycha Latte,Drinks,DRK-05,4,35000,140000,Cash,Take Away
1210,SUN-4483388,14-03-2023,Nasi Goreng Kampung,Food,FOD-03,3,38000,114000,Digital Wallet,Take Away
1211,SUN-6433752,01-03-2023,Nasi Goreng Kampung,Food,FOD-03,2,38000,76000,Cash,Take Away
1212,SUN-8740912,08-02-2023,Buttermilk Fried Chicken,Food,FOD-01,1,48000,48000,Cash,Take Away
1213,SUN-2722429,07-05-2023,Cafe Latte,Drinks,DRK-03,4,32000,128000,Digital Wallet,Dine in
1214,SUN-4166431,22-03-2023,Creamy Maycha Latte,Drinks,DRK-05,4,35000,140000,Digital Wallet,Dine in
1215,SUN-2278636,31-01-2023,Choco Lava Cake,Dessert,DST-04,4,35000,140000,Debit Card,Dine in
1216,SUN-8060811,16-07-2023,New York Cheesecake,Dessert,DST-03,1,42000,42000,Cash,Dine in
1217,SUN-8843831,26-08-2023,Nasi Goreng Kampung,Food,FOD-03,1,38000,38000,Debit Card,Dine in
1218,SUN-4951923,27-10-2023,Caramel Machiato,Drinks,DRK-04,3,38000,114000,Digital Wallet,Dine in
1219,SUN-5952994,15-05-2023,Choco Lava Cake,Dessert,DST-04,3,35000,105000,Debit Card,Dine in
1220,SUN-5518256,12-04-2023,Club Sandwich,Food,FOD-05,1,45000,45000,Debit Card,Online Order
1221,SUN-8068725,25-07-2023,Beef Carbonara Pasta,Food,FOD-02,4,52000,208000,Debit Card,Take Away
1222,SUN-7236792,09-07-2023,Caramel Machiato,Drinks,DRK-04,4,38000,152000,Digital Wallet,Online Order
1223,SUN-3059618,27-11-2023,Nasi Goreng Kampung,Food,FOD-03,1,38000,38000,Digital Wallet,Online Order
1224,SUN-4490274,05-07-2023,Creamy Maycha Latte,Drinks,DRK-05,4,35000,140000,Debit Card,Online Order
1225,SUN-7667216,11-11-2023,Beef Carbonara Pasta,Food,FOD-02,2,52000,104000,Debit Card,Dine in
1226,SUN-2869053,01-02-2023,Cafe Latte,Drinks,DRK-03,4,32000,128000,Debit Card,Dine in
1227,SUN-6774194,03-12-2023,Choco Lava Cake,Dessert,DST-04,4,35000,140000,Digital Wallet,Dine in
1228,SUN-7761990,29-05-2023,New York Cheesecake,Dessert,DST-03,3,42000,126000,Cash,Dine in
1229,SUN-1774789,08-12-2023,Buttermilk Fried Chicken,Food,FOD-01,2,48000,96000,Cash,Dine in
1230,SUN-4088409,13-02-2023,Cafe Latte,Drinks,DRK-03,4,32000,128000,Debit Card,Online Order
1231,SUN-6280388,04-08-2023,Fudgy Brownies,Dessert,DST-02,2,25000,50000,Cash,Dine in
1232,SUN-8797549,21-07-2023,Cinnamon Roll,Dessert,DST-05,4,28000,112000,Cash,Dine in
1233,SUN-8556687,03-07-2023,Grill Chicken Caesar Salad,Food,FOD-04,2,42000,84000,Cash,Take Away
1234,SUN-8808309,31-03-2023,Buttermilk Fried Chicken,Food,FOD-01,3,48000,144000,Digital Wallet,Online Order
1235,SUN-6889023,14-01-2023,Grill Chicken Caesar Salad,Food,FOD-04,4,42000,168000,Digital Wallet,Take Away
1236,SUN-5913336,19-02-2023,Club Sandwich,Food,FOD-05,3,45000,135000,Digital Wallet,Online Order
1237,SUN-3113163,07-02-2023,Choco Lava Cake,Dessert,DST-04,3,35000,105000,Digital Wallet,Dine in
1238,SUN-3553110,06-08-2023,Cinnamon Roll,Dessert,DST-05,1,28000,28000,Digital Wallet,Online Order
1239,SUN-3796924,11-07-2023,Grill Chicken Caesar Salad,Food,FOD-04,2,42000,84000,Digital Wallet,Dine in
1240,SUN-4516970,30-05-2023,Cinnamon Roll,Dessert,DST-05,1,28000,28000,Digital Wallet,Online Order
1241,SUN-4809006,09-11-2023,Iced Americano,Drinks,DRK-02,4,28000,112000,Debit Card,Take Away
1242,SUN-9982022,18-05-2023,Club Sandwich,Food,FOD-05,3,45000,135000,Cash,Dine in
1243,SUN-4679047,07-06-2023,Buttermilk Fried Chicken,Food,FOD-01,4,48000,192000,Digital Wallet,Online Order
1244,SUN-7970920,21-01-2023,Nasi Goreng Kampung,Food,FOD-03,4,38000,152000,Cash,Take Away
1245,SUN-4693310,02-01-2023,Grill Chicken Caesar Salad,Food,FOD-04,3,42000,126000,Debit Card,Take Away
1246,SUN-5121168,12-12-2023,Nasi Goreng Kampung,Food,FOD-03,3,38000,114000,Cash,Dine in
1247,SUN-5397504,19-03-2023,Espreso Single,Drinks,DRK-01,1,22000,22000,Cash,Dine in
1248,SUN-6307329,08-03-2023,Buttermilk Fried Chicken,Food,FOD-01,3,48000,144000,Debit Card,Take Away
1249,SUN-5715691,05-10-2023,Choco Lava Cake,Dessert,DST-04,3,35000,105000,Digital Wallet,Take Away
1250,SUN-1876281,01-11-2023,Cafe Latte,Drinks,DRK-03,2,32000,64000,Debit Card,Take Away
1251,SUN-1897229,27-02-2023,Club Sandwich,Food,FOD-05,2,45000,90000,Digital Wallet,Online Order
1252,SUN-3078987,20-07-2023,Nasi Goreng Kampung,Food,FOD-03,1,38000,38000,Cash,Take Away
1253,SUN-4513626,14-03-2023,Classic Tirmaisu,Dessert,DST-01,3,38000,114000,Debit Card,Online Order
1254,SUN-6649617,01-08-2023,Buttermilk Fried Chicken,Food,FOD-01,3,48000,144000,Digital Wallet,Online Order
1255,SUN-3934314,15-04-2023,Classic Tirmaisu,Dessert,DST-01,3,38000,114000,Debit Card,Online Order
1256,SUN-5004386,30-04-2023,Grill Chicken Caesar Salad,Food,FOD-04,4,42000,168000,Digital Wallet,Take Away
1257,SUN-7078306,11-08-2023,Buttermilk Fried Chicken,Food,FOD-01,4,48000,192000,Digital Wallet,Online Order
1258,SUN-4763803,07-12-2023,Buttermilk Fried Chicken,Food,FOD-01,1,48000,48000,Cash,Take Away
1259,SUN-6620903,02-11-2023,Creamy Maycha Latte,Drinks,DRK-05,3,35000,105000,Digital Wallet,Online Order
1260,SUN-5255113,06-01-2023,Cinnamon Roll,Dessert,DST-05,1,28000,28000,Digital Wallet,Online Order
1261,SUN-4705664,05-12-2023,Fudgy Brownies,Dessert,DST-02,3,25000,75000,Debit Card,Dine in
1262,SUN-7124946,23-11-2023,Cafe Latte,Drinks,DRK-03,2,32000,64000,Digital Wallet,Take Away
1263,SUN-4463692,07-08-2023,Fudgy Brownies,Dessert,DST-02,4,25000,100000,Digital Wallet,Dine in
1264,SUN-6460717,15-04-2023,Espreso Single,Drinks,DRK-01,1,22000,22000,Digital Wallet,Dine in
1265,SUN-2193425,13-07-2023,Cafe Latte,Drinks,DRK-03,2,32000,64000,Digital Wallet,Online Order
1266,SUN-5739781,23-12-2023,Beef Carbonara Pasta,Food,FOD-02,2,52000,104000,Debit Card,Dine in
1267,SUN-7529558,12-06-2023,Choco Lava Cake,Dessert,DST-04,4,35000,140000,Debit Card,Dine in
1268,SUN-1391075,11-01-2023,New York Cheesecake,Dessert,DST-03,1,42000,42000,Digital Wallet,Dine in
1269,SUN-8539016,31-07-2023,New York Cheesecake,Dessert,DST-03,2,42000,84000,Debit Card,Dine in
1270,SUN-8882800,24-10-2023,Espreso Single,Drinks,DRK-01,2,22000,44000,Digital Wallet,Dine in
1271,SUN-2121850,25-10-2023,Cafe Latte,Drinks,DRK-03,1,32000,32000,Digital Wallet,Online Order
1272,SUN-9210562,15-09-2023,Cafe Latte,Drinks,DRK-03,2,32000,64000,Digital Wallet,Dine in
1273,SUN-6519720,21-03-2023,Choco Lava Cake,Dessert,DST-04,4,35000,140000,Debit Card,Take Away
1274,SUN-6294405,25-06-2023,Fudgy Brownies,Dessert,DST-02,4,25000,100000,Digital Wallet,Online Order
1275,SUN-8891046,01-07-2023,Nasi Goreng Kampung,Food,FOD-03,3,38000,114000,Digital Wallet,Online Order
1276,SUN-3415955,23-09-2023,Choco Lava Cake,Dessert,DST-04,4,35000,140000,Cash,Dine in
1277,SUN-1859339,05-02-2023,Fudgy Brownies,Dessert,DST-02,1,25000,25000,Digital Wallet,Online Order
1278,SUN-5421945,06-02-2023,Espreso Single,Drinks,DRK-01,2,22000,44000,Debit Card,Dine in
1279,SUN-3633467,07-07-2023,Grill Chicken Caesar Salad,Food,FOD-04,4,42000,168000,Digital Wallet,Online Order
1280,SUN-8564617,26-01-2023,Grill Chicken Caesar Salad,Food,FOD-04,4,42000,168000,Digital Wallet,Dine in
1281,SUN-9394611,16-10-2023,Grill Chicken Caesar Salad,Food,FOD-04,3,42000,126000,Debit Card,Online Order
1282,SUN-3473402,24-06-2023,Buttermilk Fried Chicken,Food,FOD-01,3,48000,144000,Digital Wallet,Take Away
1283,SUN-1039465,31-12-2023,Fudgy Brownies,Dessert,DST-02,1,25000,25000,Cash,Dine in
1284,SUN-9341271,26-03-2023,Fudgy Brownies,Dessert,DST-02,3,25000,75000,Digital Wallet,Dine in
1285,SUN-3419007,23-06-2023,Nasi Goreng Kampung,Food,FOD-03,2,38000,76000,Cash,Take Away
1286,SUN-4673439,21-11-2023,Caramel Machiato,Drinks,DRK-04,1,38000,38000,Digital Wallet,Dine in
1287,SUN-3671025,19-04-2023,Cafe Latte,Drinks,DRK-03,4,32000,128000,Cash,Take Away
1288,SUN-3603105,01-04-2023,Beef Carbonara Pasta,Food,FOD-02,2,52000,104000,Debit Card,Dine in
1289,SUN-5308734,31-07-2023,Nasi Goreng Kampung,Food,FOD-03,2,38000,76000,Debit Card,Online Order
1290,SUN-4222315,19-08-2023,Cafe Latte,Drinks,DRK-03,1,32000,32000,Debit Card,Online Order
1291,SUN-8341744,16-05-2023,Beef Carbonara Pasta,Food,FOD-02,4,52000,208000,Digital Wallet,Online Order
1292,SUN-7094782,28-10-2023,Choco Lava Cake,Dessert,DST-04,2,35000,70000,Debit Card,Dine in
1293,SUN-3980704,12-02-2023,Creamy Maycha Latte,Drinks,DRK-05,2,35000,70000,Debit Card,Dine in
1294,SUN-1595833,02-09-2023,Beef Carbonara Pasta,Food,FOD-02,3,52000,156000,Cash,Take Away
1295,SUN-2811222,11-07-2023,Buttermilk Fried Chicken,Food,FOD-01,4,48000,192000,Digital Wallet,Take Away
1296,SUN-9062827,08-12-2023,New York Cheesecake,Dessert,DST-03,4,42000,168000,Cash,Dine in
1297,SUN-6325532,19-10-2023,Cafe Latte,Drinks,DRK-03,4,32000,128000,Debit Card,Online Order
1298,SUN-7183228,03-11-2023,Beef Carbonara Pasta,Food,FOD-02,1,52000,52000,Cash,Dine in
1299,SUN-6263136,22-11-2023,Iced Americano,Drinks,DRK-02,3,28000,84000,Digital Wallet,Dine in
1300,SUN-2660753,10-01-2023,Choco Lava Cake,Dessert,DST-04,2,35000,70000,Cash,Take Away
1301,SUN-2414142,24-12-2023,Beef Carbonara Pasta,Food,FOD-02,3,52000,156000,Debit Card,Online Order
1302,SUN-9027437,10-02-2023,Espreso Single,Drinks,DRK-01,2,22000,44000,Digital Wallet,Online Order
1303,SUN-3323355,15-05-2023,Choco Lava Cake,Dessert,DST-04,4,35000,140000,Debit Card,Take Away
1304,SUN-5113319,03-04-2023,Cinnamon Roll,Dessert,DST-05,1,28000,28000,Digital Wallet,Online Order
1305,SUN-5880975,02-04-2023,Cinnamon Roll,Dessert,DST-05,2,28000,56000,Digital Wallet,Online Order
1306,SUN-9447476,06-02-2023,Club Sandwich,Food,FOD-05,2,45000,90000,Debit Card,Online Order
1307,SUN-4811684,10-02-2023,Classic Tirmaisu,Dessert,DST-01,2,38000,76000,Digital Wallet,Dine in
1308,SUN-4236151,10-04-2023,Fudgy Brownies,Dessert,DST-02,3,25000,75000,Digital Wallet,Dine in
1309,SUN-7237403,09-06-2023,Caramel Machiato,Drinks,DRK-04,2,38000,76000,Debit Card,Online Order
1310,SUN-5036935,31-03-2023,Club Sandwich,Food,FOD-05,4,45000,180000,Cash,Take Away
1311,SUN-6672869,22-10-2023,Espreso Single,Drinks,DRK-01,4,22000,88000,Debit Card,Dine in
1312,SUN-6153497,09-01-2023,Cafe Latte,Drinks,DRK-03,3,32000,96000,Debit Card,Dine in
1313,SUN-5885450,27-03-2023,Nasi Goreng Kampung,Food,FOD-03,4,38000,152000,Cash,Take Away
1314,SUN-7013762,21-12-2023,Club Sandwich,Food,FOD-05,4,45000,180000,Debit Card,Dine in
1315,SUN-1618007,07-11-2023,Buttermilk Fried Chicken,Food,FOD-01,1,48000,48000,Debit Card,Online Order
1316,SUN-7238268,19-11-2023,Nasi Goreng Kampung,Food,FOD-03,1,38000,38000,Digital Wallet,Online Order
1317,SUN-5287202,17-09-2023,Espreso Single,Drinks,DRK-01,4,22000,88000,Digital Wallet,Online Order
1318,SUN-7181226,11-07-2023,Fudgy Brownies,Dessert,DST-02,2,25000,50000,Digital Wallet,Dine in
1319,SUN-2079404,15-03-2023,Club Sandwich,Food,FOD-05,2,45000,90000,Cash,Take Away
1320,SUN-8784657,20-10-2023,Club Sandwich,Food,FOD-05,3,45000,135000,Debit Card,Dine in
1321,SUN-5478819,19-08-2023,Buttermilk Fried Chicken,Food,FOD-01,2,48000,96000,Digital Wallet,Online Order
1322,SUN-1021954,20-11-2023,Classic Tirmaisu,Dessert,DST-01,2,38000,76000,Digital Wallet,Online Order
1323,SUN-5687151,27-10-2023,Creamy Maycha Latte,Drinks,DRK-05,1,35000,35000,Debit Card,Dine in
1324,SUN-4774592,24-11-2023,Cafe Latte,Drinks,DRK-03,2,32000,64000,Debit Card,Dine in
1325,SUN-2011266,07-12-2023,Choco Lava Cake,Dessert,DST-04,3,35000,105000,Debit Card,Online Order
1326,SUN-5106537,02-01-2023,Espreso Single,Drinks,DRK-01,4,22000,88000,Cash,Take Away
1327,SUN-8248469,01-03-2023,Beef Carbonara Pasta,Food,FOD-02,3,52000,156000,Debit Card,Dine in
1328,SUN-9978075,26-07-2023,Espreso Single,Drinks,DRK-01,4,22000,88000,Digital Wallet,Online Order
1329,SUN-4238412,28-10-2023,Beef Carbonara Pasta,Food,FOD-02,2,52000,104000,Debit Card,Dine in
1330,SUN-2640321,14-11-2023,Creamy Maycha Latte,Drinks,DRK-05,2,35000,70000,Digital Wallet,Online Order
1331,SUN-7055599,11-10-2023,Grill Chicken Caesar Salad,Food,FOD-04,2,42000,84000,Debit Card,Take Away
1332,SUN-1948783,19-11-2023,Cafe Latte,Drinks,DRK-03,2,32000,64000,Cash,Take Away
1333,SUN-9294641,30-03-2023,Choco Lava Cake,Dessert,DST-04,4,35000,140000,Digital Wallet,Online Order
1334,SUN-2882860,30-10-2023,Grill Chicken Caesar Salad,Food,FOD-04,2,42000,84000,Digital Wallet,Take Away
1335,SUN-4502717,18-04-2023,Grill Chicken Caesar Salad,Food,FOD-04,1,42000,42000,Cash,Dine in
1336,SUN-5096476,18-01-2023,New York Cheesecake,Dessert,DST-03,3,42000,126000,Debit Card,Take Away
1337,SUN-2484441,16-12-2023,Beef Carbonara Pasta,Food,FOD-02,2,52000,104000,Digital Wallet,Dine in
1338,SUN-7212822,26-07-2023,Caramel Machiato,Drinks,DRK-04,3,38000,114000,Cash,Dine in
1339,SUN-7571440,13-05-2023,Club Sandwich,Food,FOD-05,3,45000,135000,Digital Wallet,Online Order
1340,SUN-7346469,18-05-2023,Grill Chicken Caesar Salad,Food,FOD-04,3,42000,126000,Debit Card,Take Away
1341,SUN-1104215,16-04-2023,Grill Chicken Caesar Salad,Food,FOD-04,4,42000,168000,Cash,Take Away
1342,SUN-6303730,28-09-2023,Beef Carbonara Pasta,Food,FOD-02,1,52000,52000,Digital Wallet,Dine in
1343,SUN-7786848,20-09-2023,Grill Chicken Caesar Salad,Food,FOD-04,4,42000,168000,Debit Card,Take Away
1344,SUN-7909908,15-05-2023,Classic Tirmaisu,Dessert,DST-01,3,38000,114000,Debit Card,Take Away
1345,SUN-5239850,18-02-2023,Espreso Single,Drinks,DRK-01,2,22000,44000,Digital Wallet,Online Order
1346,SUN-5656381,28-04-2023,Iced Americano,Drinks,DRK-02,4,28000,112000,Debit Card,Take Away
1347,SUN-1943535,26-06-2023,Club Sandwich,Food,FOD-05,1,45000,45000,Digital Wallet,Take Away
1348,SUN-5167195,21-10-2023,Classic Tirmaisu,Dessert,DST-01,3,38000,114000,Debit Card,Take Away
1349,SUN-8354994,11-05-2023,Club Sandwich,Food,FOD-05,1,45000,45000,Digital Wallet,Online Order
1350,SUN-6656723,30-06-2023,Grill Chicken Caesar Salad,Food,FOD-04,2,42000,84000,Digital Wallet,Take Away
1351,SUN-5409856,18-07-2023,Iced Americano,Drinks,DRK-02,1,28000,28000,Digital Wallet,Take Away
1352,SUN-8345613,23-02-2023,Nasi Goreng Kampung,Food,FOD-03,4,38000,152000,Debit Card,Online Order
1353,SUN-4294178,09-08-2023,Creamy Maycha Latte,Drinks,DRK-05,2,35000,70000,Cash,Take Away
1354,SUN-3170166,06-06-2023,Iced Americano,Drinks,DRK-02,2,28000,56000,Cash,Dine in
1355,SUN-7170589,22-08-2023,Espreso Single,Drinks,DRK-01,1,22000,22000,Digital Wallet,Dine in
1356,SUN-8590144,28-09-2023,Grill Chicken Caesar Salad,Food,FOD-04,1,42000,42000,Debit Card,Online Order
1357,SUN-7676467,07-06-2023,Buttermilk Fried Chicken,Food,FOD-01,1,48000,48000,Digital Wallet,Dine in
1358,SUN-4530677,12-05-2023,Cinnamon Roll,Dessert,DST-05,1,28000,28000,Digital Wallet,Online Order
1359,SUN-4735698,20-11-2023,Classic Tirmaisu,Dessert,DST-01,4,38000,152000,Debit Card,Online Order
1360,SUN-6681366,02-10-2023,Cafe Latte,Drinks,DRK-03,3,32000,96000,Digital Wallet,Online Order
1361,SUN-2612539,02-11-2023,Club Sandwich,Food,FOD-05,4,45000,180000,Debit Card,Dine in
1362,SUN-4012992,22-09-2023,Creamy Maycha Latte,Drinks,DRK-05,4,35000,140000,Digital Wallet,Take Away
1363,SUN-9984679,07-12-2023,Creamy Maycha Latte,Drinks,DRK-05,1,35000,35000,Debit Card,Dine in
1364,SUN-1562056,15-11-2023,Creamy Maycha Latte,Drinks,DRK-05,3,35000,105000,Cash,Take Away
1365,SUN-2399608,12-06-2023,Creamy Maycha Latte,Drinks,DRK-05,2,35000,70000,Cash,Dine in
1366,SUN-7720587,09-12-2023,Choco Lava Cake,Dessert,DST-04,1,35000,35000,Digital Wallet,Online Order
1367,SUN-2208867,24-09-2023,New York Cheesecake,Dessert,DST-03,4,42000,168000,Digital Wallet,Dine in
1368,SUN-3662561,09-10-2023,Cafe Latte,Drinks,DRK-03,1,32000,32000,Debit Card,Take Away
1369,SUN-9019287,07-06-2023,Club Sandwich,Food,FOD-05,4,45000,180000,Debit Card,Dine in
1370,SUN-8962984,26-05-2023,Nasi Goreng Kampung,Food,FOD-03,3,38000,114000,Cash,Take Away
1371,SUN-4166992,12-04-2023,Creamy Maycha Latte,Drinks,DRK-05,3,35000,105000,Cash,Dine in
1372,SUN-6116755,28-01-2023,Classic Tirmaisu,Dessert,DST-01,1,38000,38000,Debit Card,Take Away
1373,SUN-7107911,26-08-2023,Classic Tirmaisu,Dessert,DST-01,2,38000,76000,Cash,Take Away
1374,SUN-7522052,11-12-2023,Creamy Maycha Latte,Drinks,DRK-05,4,35000,140000,Debit Card,Take Away
1375,SUN-2760644,12-12-2023,Club Sandwich,Food,FOD-05,3,45000,135000,Cash,Take Away
1376,SUN-9120134,28-05-2023,Beef Carbonara Pasta,Food,FOD-02,3,52000,156000,Digital Wallet,Take Away
1377,SUN-7972110,21-10-2023,Choco Lava Cake,Dessert,DST-04,4,35000,140000,Digital Wallet,Online Order
1378,SUN-9711647,09-09-2023,Fudgy Brownies,Dessert,DST-02,1,25000,25000,Cash,Dine in
1379,SUN-3179749,15-04-2023,Grill Chicken Caesar Salad,Food,FOD-04,1,42000,42000,Debit Card,Online Order
1380,SUN-1896934,08-08-2023,Cafe Latte,Drinks,DRK-03,1,32000,32000,Cash,Take Away
1381,SUN-4689390,25-03-2023,Grill Chicken Caesar Salad,Food,FOD-04,1,42000,42000,Debit Card,Take Away
1382,SUN-1198637,29-11-2023,Cinnamon Roll,Dessert,DST-05,4,28000,112000,Debit Card,Take Away
1383,SUN-5577099,09-10-2023,Club Sandwich,Food,FOD-05,1,45000,45000,Cash,Take Away
1384,SUN-8944354,29-08-2023,Nasi Goreng Kampung,Food,FOD-03,3,38000,114000,Debit Card,Take Away
1385,SUN-4674391,15-09-2023,Cafe Latte,Drinks,DRK-03,2,32000,64000,Debit Card,Online Order
1386,SUN-1767518,07-12-2023,Fudgy Brownies,Dessert,DST-02,3,25000,75000,Debit Card,Online Order
1387,SUN-5636990,12-11-2023,Club Sandwich,Food,FOD-05,4,45000,180000,Digital Wallet,Take Away
1388,SUN-2655643,17-06-2023,Cinnamon Roll,Dessert,DST-05,4,28000,112000,Digital Wallet,Take Away
1389,SUN-9460969,23-02-2023,Buttermilk Fried Chicken,Food,FOD-01,1,48000,48000,Digital Wallet,Online Order
1390,SUN-2710304,02-12-2023,New York Cheesecake,Dessert,DST-03,2,42000,84000,Debit Card,Online Order
1391,SUN-4045635,11-11-2023,Choco Lava Cake,Dessert,DST-04,3,35000,105000,Debit Card,Take Away
1392,SUN-8533260,03-08-2023,Iced Americano,Drinks,DRK-02,4,28000,112000,Debit Card,Online Order
1393,SUN-6208592,07-06-2023,Beef Carbonara Pasta,Food,FOD-02,4,52000,208000,Cash,Dine in
1394,SUN-9254205,17-03-2023,Creamy Maycha Latte,Drinks,DRK-05,2,35000,70000,Debit Card,Take Away
1395,SUN-7007427,10-04-2023,Choco Lava Cake,Dessert,DST-04,2,35000,70000,Digital Wallet,Take Away
1396,SUN-7729151,07-12-2023,Buttermilk Fried Chicken,Food,FOD-01,4,48000,192000,Debit Card,Online Order
1397,SUN-4856943,06-05-2023,Choco Lava Cake,Dessert,DST-04,4,35000,140000,Digital Wallet,Online Order
1398,SUN-9926293,08-03-2023,Cinnamon Roll,Dessert,DST-05,3,28000,84000,Cash,Dine in
1399,SUN-5763656,29-12-2023,New York Cheesecake,Dessert,DST-03,2,42000,84000,Digital Wallet,Online Order
1400,SUN-2897417,19-11-2023,Cafe Latte,Drinks,DRK-03,4,32000,128000,Cash,Take Away
1401,SUN-6938960,15-12-2023,Espreso Single,Drinks,DRK-01,4,22000,88000,Debit Card,Dine in
1402,SUN-8957722,23-07-2023,Caramel Machiato,Drinks,DRK-04,1,38000,38000,Cash,Dine in
1403,SUN-4795668,31-01-2023,Beef Carbonara Pasta,Food,FOD-02,1,52000,52000,Cash,Dine in
1404,SUN-7964080,03-12-2023,New York Cheesecake,Dessert,DST-03,3,42000,126000,Cash,Dine in
1405,SUN-2153307,26-04-2023,Cafe Latte,Drinks,DRK-03,3,32000,96000,Cash,Take Away
1406,SUN-1545823,15-10-2023,Nasi Goreng Kampung,Food,FOD-03,4,38000,152000,Debit Card,Online Order
1407,SUN-7067397,20-09-2023,Creamy Maycha Latte,Drinks,DRK-05,1,35000,35000,Digital Wallet,Dine in
1408,SUN-1283630,26-12-2023,Creamy Maycha Latte,Drinks,DRK-05,1,35000,35000,Cash,Dine in
1409,SUN-4300488,13-01-2023,Classic Tirmaisu,Dessert,DST-01,2,38000,76000,Debit Card,Take Away
1410,SUN-9160184,17-12-2023,Club Sandwich,Food,FOD-05,2,45000,90000,Cash,Take Away
1411,SUN-7636731,14-01-2023,Creamy Maycha Latte,Drinks,DRK-05,3,35000,105000,Digital Wallet,Online Order
1412,SUN-3846090,26-02-2023,Fudgy Brownies,Dessert,DST-02,4,25000,100000,Cash,Dine in
1413,SUN-9305910,17-01-2023,Nasi Goreng Kampung,Food,FOD-03,3,38000,114000,Digital Wallet,Dine in
1414,SUN-3013827,23-03-2023,Classic Tirmaisu,Dessert,DST-01,3,38000,114000,Digital Wallet,Online Order
1415,SUN-3808365,13-11-2023,Fudgy Brownies,Dessert,DST-02,4,25000,100000,Debit Card,Online Order
1416,SUN-9882493,16-12-2023,Caramel Machiato,Drinks,DRK-04,1,38000,38000,Digital Wallet,Dine in
1417,SUN-6081444,02-05-2023,Cafe Latte,Drinks,DRK-03,4,32000,128000,Digital Wallet,Online Order
1418,SUN-1165436,08-09-2023,Buttermilk Fried Chicken,Food,FOD-01,3,48000,144000,Cash,Dine in
1419,SUN-9641658,27-04-2023,Choco Lava Cake,Dessert,DST-04,1,35000,35000,Cash,Take Away
1420,SUN-2937331,23-11-2023,Buttermilk Fried Chicken,Food,FOD-01,1,48000,48000,Digital Wallet,Dine in
1421,SUN-9344634,17-10-2023,Club Sandwich,Food,FOD-05,3,45000,135000,Debit Card,Dine in
1422,SUN-9603868,02-07-2023,Fudgy Brownies,Dessert,DST-02,4,25000,100000,Digital Wallet,Take Away
1423,SUN-2566044,27-04-2023,Club Sandwich,Food,FOD-05,1,45000,45000,Cash,Dine in
1424,SUN-8919406,20-02-2023,Buttermilk Fried Chicken,Food,FOD-01,2,48000,96000,Cash,Take Away
1425,SUN-5294520,27-09-2023,Classic Tirmaisu,Dessert,DST-01,2,38000,76000,Debit Card,Online Order
1426,SUN-1106346,29-07-2023,Grill Chicken Caesar Salad,Food,FOD-04,2,42000,84000,Debit Card,Take Away
1427,SUN-7038457,15-05-2023,Creamy Maycha Latte,Drinks,DRK-05,1,35000,35000,Cash,Dine in
1428,SUN-3193691,22-11-2023,Cinnamon Roll,Dessert,DST-05,3,28000,84000,Debit Card,Dine in
1429,SUN-9506291,19-04-2023,Iced Americano,Drinks,DRK-02,1,28000,28000,Digital Wallet,Dine in
1430,SUN-6057468,16-01-2023,New York Cheesecake,Dessert,DST-03,1,42000,42000,Debit Card,Dine in
1431,SUN-1400134,22-05-2023,Beef Carbonara Pasta,Food,FOD-02,3,52000,156000,Digital Wallet,Online Order
1432,SUN-5841003,04-07-2023,Grill Chicken Caesar Salad,Food,FOD-04,1,42000,42000,Cash,Dine in
1433,SUN-3257565,03-03-2023,Classic Tirmaisu,Dessert,DST-01,2,38000,76000,Digital Wallet,Take Away
1434,SUN-1804814,24-03-2023,Cafe Latte,Drinks,DRK-03,3,32000,96000,Debit Card,Take Away
1435,SUN-8083173,28-01-2023,Fudgy Brownies,Dessert,DST-02,4,25000,100000,Digital Wallet,Take Away
1436,SUN-1195355,17-12-2023,Iced Americano,Drinks,DRK-02,1,28000,28000,Debit Card,Take Away
1437,SUN-8505868,14-11-2023,Espreso Single,Drinks,DRK-01,3,22000,66000,Debit Card,Online Order
1438,SUN-5406951,27-06-2023,Caramel Machiato,Drinks,DRK-04,1,38000,38000,Cash,Dine in
1439,SUN-8109772,13-11-2023,Choco Lava Cake,Dessert,DST-04,4,35000,140000,Cash,Dine in
1440,SUN-1501187,24-11-2023,Caramel Machiato,Drinks,DRK-04,4,38000,152000,Cash,Take Away
1441,SUN-4890382,18-06-2023,Cinnamon Roll,Dessert,DST-05,4,28000,112000,Debit Card,Online Order
1442,SUN-2819795,31-10-2023,New York Cheesecake,Dessert,DST-03,2,42000,84000,Cash,Dine in
1443,SUN-8448573,09-09-2023,Buttermilk Fried Chicken,Food,FOD-01,4,48000,192000,Digital Wallet,Dine in
1444,SUN-1747318,03-10-2023,Classic Tirmaisu,Dessert,DST-01,4,38000,152000,Debit Card,Dine in
1445,SUN-7587990,11-11-2023,Beef Carbonara Pasta,Food,FOD-02,2,52000,104000,Digital Wallet,Online Order
1446,SUN-5269207,07-04-2023,Iced Americano,Drinks,DRK-02,3,28000,84000,Debit Card,Dine in
1447,SUN-1041365,23-05-2023,Cafe Latte,Drinks,DRK-03,3,32000,96000,Cash,Take Away
1448,SUN-3003787,18-07-2023,Creamy Maycha Latte,Drinks,DRK-05,3,35000,105000,Digital Wallet,Dine in
1449,SUN-9787143,17-09-2023,Iced Americano,Drinks,DRK-02,1,28000,28000,Debit Card,Take Away
1450,SUN-3095980,31-08-2023,Iced Americano,Drinks,DRK-02,3,28000,84000,Debit Card,Online Order
1451,SUN-5345688,03-10-2023,Nasi Goreng Kampung,Food,FOD-03,3,38000,114000,Debit Card,Take Away
1452,SUN-3319605,24-09-2023,Nasi Goreng Kampung,Food,FOD-03,3,38000,114000,Digital Wallet,Online Order
1453,SUN-5439294,29-01-2023,Caramel Machiato,Drinks,DRK-04,2,38000,76000,Cash,Online Order
1454,SUN-4418022,05-05-2023,Espreso Single,Drinks,DRK-01,3,22000,66000,Debit Card,Take Away
1455,SUN-2722688,20-02-2023,Nasi Goreng Kampung,Food,FOD-03,4,38000,152000,Cash,Dine in
1456,SUN-6903079,26-12-2023,Iced Americano,Drinks,DRK-02,2,28000,56000,Debit Card,Take Away
1457,SUN-8745811,01-10-2023,Buttermilk Fried Chicken,Food,FOD-01,3,48000,144000,Debit Card,Online Order
1458,SUN-5962977,05-07-2023,Cafe Latte,Drinks,DRK-03,4,32000,128000,Debit Card,Take Away
1459,SUN-1471527,15-09-2023,Buttermilk Fried Chicken,Food,FOD-01,3,48000,144000,Digital Wallet,Online Order
1460,SUN-1421073,12-02-2023,Espreso Single,Drinks,DRK-01,4,22000,88000,Digital Wallet,Online Order
1461,SUN-3498834,09-03-2023,Espreso Single,Drinks,DRK-01,4,22000,88000,Cash,Dine in
1462,SUN-2896206,27-08-2023,Espreso Single,Drinks,DRK-01,2,22000,44000,Digital Wallet,Take Away
1463,SUN-8638019,29-10-2023,Cinnamon Roll,Dessert,DST-05,4,28000,112000,Cash,Online Order
1464,SUN-5403362,12-09-2023,Iced Americano,Drinks,DRK-02,3,28000,84000,Debit Card,Take Away
1465,SUN-8150450,20-10-2023,Beef Carbonara Pasta,Food,FOD-02,3,52000,156000,Digital Wallet,Online Order
1466,SUN-5066573,27-05-2023,Classic Tirmaisu,Dessert,DST-01,2,38000,76000,Cash,Dine in
1467,SUN-4043067,02-05-2023,New York Cheesecake,Dessert,DST-03,1,42000,42000,Digital Wallet,Online Order
1468,SUN-2839349,06-07-2023,Grill Chicken Caesar Salad,Food,FOD-04,1,42000,42000,Debit Card,Dine in
1469,SUN-3017358,05-05-2023,Nasi Goreng Kampung,Food,FOD-03,2,38000,76000,Debit Card,Take Away
1470,SUN-3833299,23-03-2023,Cinnamon Roll,Dessert,DST-05,2,28000,56000,Digital Wallet,Online Order
1471,SUN-2633591,10-02-2023,Club Sandwich,Food,FOD-05,4,45000,180000,Cash,Dine in
1472,SUN-6782100,29-10-2023,New York Cheesecake,Dessert,DST-03,3,42000,126000,Debit Card,Online Order
1473,SUN-7263015,12-06-2023,Choco Lava Cake,Dessert,DST-04,3,35000,105000,Digital Wallet,Take Away
1474,SUN-2523566,28-05-2023,Iced Americano,Drinks,DRK-02,3,28000,84000,Cash,Take Away
1475,SUN-1158326,10-02-2023,Nasi Goreng Kampung,Food,FOD-03,3,38000,114000,Debit Card,Online Order
1476,SUN-6395443,20-09-2023,Buttermilk Fried Chicken,Food,FOD-01,2,48000,96000,Debit Card,Take Away
1477,SUN-7444402,18-07-2023,Fudgy Brownies,Dessert,DST-02,1,25000,25000,Debit Card,Dine in
1478,SUN-3173463,03-08-2023,Buttermilk Fried Chicken,Food,FOD-01,3,48000,144000,Digital Wallet,Dine in
1479,SUN-7511156,16-08-2023,Buttermilk Fried Chicken,Food,FOD-01,4,48000,192000,Digital Wallet,Dine in
1480,SUN-7389438,17-02-2023,Cafe Latte,Drinks,DRK-03,4,32000,128000,Debit Card,Take Away
1481,SUN-8135975,01-08-2023,New York Cheesecake,Dessert,DST-03,1,42000,42000,Cash,Dine in
1482,SUN-8362335,25-08-2023,Creamy Maycha Latte,Drinks,DRK-05,4,35000,140000,Cash,Take Away
1483,SUN-8696101,27-01-2023,Buttermilk Fried Chicken,Food,FOD-01,1,48000,48000,Cash,Dine in
1484,SUN-6765282,30-09-2023,Choco Lava Cake,Dessert,DST-04,3,35000,105000,Debit Card,Dine in
1485,SUN-6329481,15-08-2023,Espreso Single,Drinks,DRK-01,1,22000,22000,Debit Card,Dine in
1486,SUN-5259231,21-02-2023,Nasi Goreng Kampung,Food,FOD-03,4,38000,152000,Debit Card,Dine in
1487,SUN-8842204,02-10-2023,Cafe Latte,Drinks,DRK-03,3,32000,96000,Debit Card,Dine in
1488,SUN-4721918,08-05-2023,Cinnamon Roll,Dessert,DST-05,3,28000,84000,Debit Card,Dine in
1489,SUN-1905312,21-02-2023,Club Sandwich,Food,FOD-05,2,45000,90000,Digital Wallet,Take Away
1490,SUN-9080959,09-11-2023,Beef Carbonara Pasta,Food,FOD-02,2,52000,104000,Cash,Online Order
1491,SUN-6307183,06-08-2023,Classic Tirmaisu,Dessert,DST-01,4,38000,152000,Digital Wallet,Dine in
1492,SUN-1622578,05-10-2023,Iced Americano,Drinks,DRK-02,4,28000,112000,Digital Wallet,Online Order
1493,SUN-7451214,26-10-2023,Caramel Machiato,Drinks,DRK-04,3,38000,114000,Cash,Dine in
1494,SUN-6049551,06-08-2023,Cinnamon Roll,Dessert,DST-05,2,28000,56000,Digital Wallet,Online Order
1495,SUN-8574360,12-03-2023,Creamy Maycha Latte,Drinks,DRK-05,3,35000,105000,Cash,Dine in
1496,SUN-9669507,02-07-2023,Creamy Maycha Latte,Drinks,DRK-05,3,35000,105000,Debit Card,Online Order
1497,SUN-4220498,30-11-2023,Classic Tirmaisu,Dessert,DST-01,1,38000,38000,Debit Card,Dine in
1498,SUN-7883493,13-03-2023,Grill Chicken Caesar Salad,Food,FOD-04,1,42000,42000,Debit Card,Dine in
1499,SUN-1863441,21-12-2023,Caramel Machiato,Drinks,DRK-04,4,38000,152000,Digital Wallet,Online Order
1500,SUN-6671933,21-02-2023,Espreso Single,Drinks,DRK-01,3,22000,66000,Digital Wallet,Dine in
1501,SUN-2117997,28-05-2023,Cafe Latte,Drinks,DRK-03,2,32000,64000,Debit Card,Dine in
1502,SUN-9352871,10-08-2023,New York Cheesecake,Dessert,DST-03,4,42000,168000,Debit Card,Online Order
1503,SUN-1464836,15-11-2023,Espreso Single,Drinks,DRK-01,2,22000,44000,Digital Wallet,Online Order
1504,SUN-7886373,04-04-2023,Cinnamon Roll,Dessert,DST-05,1,28000,28000,Cash,Take Away
1505,SUN-7038640,10-04-2023,Classic Tirmaisu,Dessert,DST-01,2,38000,76000,Debit Card,Dine in
1506,SUN-5011915,13-03-2023,Cafe Latte,Drinks,DRK-03,4,32000,128000,Debit Card,Online Order
1507,SUN-8465117,31-08-2023,Beef Carbonara Pasta,Food,FOD-02,4,52000,208000,Debit Card,Online Order
1508,SUN-1747380,11-04-2023,Iced Americano,Drinks,DRK-02,2,28000,56000,Digital Wallet,Dine in
1509,SUN-1847499,05-12-2023,Classic Tirmaisu,Dessert,DST-01,4,38000,152000,Digital Wallet,Dine in
1510,SUN-8711125,15-04-2023,Caramel Machiato,Drinks,DRK-04,4,38000,152000,Debit Card,Online Order
1511,SUN-5025948,17-01-2023,Creamy Maycha Latte,Drinks,DRK-05,1,35000,35000,Cash,Take Away
1512,SUN-3946981,05-04-2023,New York Cheesecake,Dessert,DST-03,4,42000,168000,Cash,Dine in
1513,SUN-4247031,27-10-2023,Choco Lava Cake,Dessert,DST-04,3,35000,105000,Debit Card,Dine in
1514,SUN-8055234,08-03-2023,Fudgy Brownies,Dessert,DST-02,1,25000,25000,Debit Card,Take Away
1515,SUN-8213164,28-03-2023,Creamy Maycha Latte,Drinks,DRK-05,2,35000,70000,Debit Card,Dine in
1516,SUN-2686085,19-02-2023,Cinnamon Roll,Dessert,DST-05,1,28000,28000,Cash,Dine in
1517,SUN-7325690,20-10-2023,Grill Chicken Caesar Salad,Food,FOD-04,1,42000,42000,Cash,Dine in
1518,SUN-9128215,01-09-2023,Cafe Latte,Drinks,DRK-03,4,32000,128000,Cash,Dine in
1519,SUN-3875502,23-08-2023,Creamy Maycha Latte,Drinks,DRK-05,3,35000,105000,Digital Wallet,Dine in
1520,SUN-2153141,06-05-2023,Choco Lava Cake,Dessert,DST-04,2,35000,70000,Debit Card,Take Away
1521,SUN-9078658,20-10-2023,Buttermilk Fried Chicken,Food,FOD-01,1,48000,48000,Digital Wallet,Dine in
1522,SUN-2935456,12-03-2023,Choco Lava Cake,Dessert,DST-04,4,35000,140000,Debit Card,Dine in
1523,SUN-3565067,27-05-2023,Caramel Machiato,Drinks,DRK-04,3,38000,114000,Cash,Take Away
1524,SUN-9679772,15-03-2023,Cinnamon Roll,Dessert,DST-05,2,28000,56000,Digital Wallet,Online Order
1525,SUN-1452986,14-06-2023,Fudgy Brownies,Dessert,DST-02,3,25000,75000,Debit Card,Dine in
1526,SUN-2691988,26-05-2023,Club Sandwich,Food,FOD-05,4,45000,180000,Cash,Dine in
1527,SUN-5382163,04-12-2023,Creamy Maycha Latte,Drinks,DRK-05,1,35000,35000,Digital Wallet,Dine in
1528,SUN-9568920,03-07-2023,Iced Americano,Drinks,DRK-02,1,28000,28000,Debit Card,Dine in
1529,SUN-1989916,27-01-2023,Cinnamon Roll,Dessert,DST-05,1,28000,28000,Digital Wallet,Online Order
1530,SUN-4848014,25-03-2023,Espreso Single,Drinks,DRK-01,4,22000,88000,Debit Card,Dine in
1531,SUN-5185667,27-02-2023,Nasi Goreng Kampung,Food,FOD-03,3,38000,114000,Debit Card,Take Away
1532,SUN-8162398,20-08-2023,Cafe Latte,Drinks,DRK-03,3,32000,96000,Cash,Take Away
1533,SUN-3886036,22-12-2023,Cafe Latte,Drinks,DRK-03,3,32000,96000,Cash,Online Order
1534,SUN-1399945,18-03-2023,Iced Americano,Drinks,DRK-02,1,28000,28000,Debit Card,Online Order
1535,SUN-6372271,30-11-2023,Classic Tirmaisu,Dessert,DST-01,2,38000,76000,Digital Wallet,Take Away
1536,SUN-2742290,05-12-2023,Creamy Maycha Latte,Drinks,DRK-05,2,35000,70000,Digital Wallet,Online Order
1537,SUN-5957542,23-02-2023,Fudgy Brownies,Dessert,DST-02,2,25000,50000,Debit Card,Take Away
1538,SUN-5273701,21-01-2023,Cinnamon Roll,Dessert,DST-05,1,28000,28000,Digital Wallet,Take Away
1539,SUN-6517806,22-12-2023,Iced Americano,Drinks,DRK-02,3,28000,84000,Cash,Dine in
1540,SUN-6193019,02-12-2023,Buttermilk Fried Chicken,Food,FOD-01,4,48000,192000,Debit Card,Online Order
1541,SUN-8392806,07-04-2023,Creamy Maycha Latte,Drinks,DRK-05,3,35000,105000,Digital Wallet,Online Order
1542,SUN-1893536,01-03-2023,Cinnamon Roll,Dessert,DST-05,1,28000,28000,Digital Wallet,Dine in
1543,SUN-4237395,22-11-2023,Cinnamon Roll,Dessert,DST-05,2,28000,56000,Debit Card,Online Order
1544,SUN-6318164,09-09-2023,Classic Tirmaisu,Dessert,DST-01,2,38000,76000,Digital Wallet,Take Away
1545,SUN-9725876,27-11-2023,Grill Chicken Caesar Salad,Food,FOD-04,2,42000,84000,Digital Wallet,Dine in
1546,SUN-2196814,14-02-2023,Espreso Single,Drinks,DRK-01,2,22000,44000,Debit Card,Dine in
1547,SUN-1549405,09-01-2023,Choco Lava Cake,Dessert,DST-04,4,35000,140000,Cash,Take Away
1548,SUN-5861892,31-07-2023,Classic Tirmaisu,Dessert,DST-01,4,38000,152000,Debit Card,Dine in
1549,SUN-4991774,04-01-2023,Choco Lava Cake,Dessert,DST-04,1,35000,35000,Cash,Dine in
1550,SUN-5467012,04-04-2023,Creamy Maycha Latte,Drinks,DRK-05,4,35000,140000,Digital Wallet,Dine in
1551,SUN-7246568,30-04-2023,Club Sandwich,Food,FOD-05,4,45000,180000,Cash,Dine in
1552,SUN-3690745,25-12-2023,Choco Lava Cake,Dessert,DST-04,2,35000,70000,Debit Card,Dine in
1553,SUN-1724516,06-12-2023,Caramel Machiato,Drinks,DRK-04,2,38000,76000,Digital Wallet,Dine in
1554,SUN-6577723,11-05-2023,Beef Carbonara Pasta,Food,FOD-02,4,52000,208000,Cash,Take Away
1555,SUN-2376465,16-10-2023,Iced Americano,Drinks,DRK-02,1,28000,28000,Debit Card,Online Order
1556,SUN-1058922,29-11-2023,New York Cheesecake,Dessert,DST-03,3,42000,126000,Cash,Take Away
1557,SUN-2961029,22-05-2023,Classic Tirmaisu,Dessert,DST-01,3,38000,114000,Debit Card,Dine in
1558,SUN-5708223,23-12-2023,Nasi Goreng Kampung,Food,FOD-03,4,38000,152000,Digital Wallet,Take Away
1559,SUN-7998357,10-11-2023,Creamy Maycha Latte,Drinks,DRK-05,1,35000,35000,Cash,Dine in
1560,SUN-1000595,08-08-2023,Creamy Maycha Latte,Drinks,DRK-05,1,35000,35000,Digital Wallet,Online Order
1561,SUN-1871904,23-04-2023,Beef Carbonara Pasta,Food,FOD-02,2,52000,104000,Digital Wallet,Online Order
1562,SUN-2512619,31-03-2023,Buttermilk Fried Chicken,Food,FOD-01,1,48000,48000,Digital Wallet,Dine in
1563,SUN-3486674,07-05-2023,Fudgy Brownies,Dessert,DST-02,2,25000,50000,Debit Card,Dine in
1564,SUN-9971923,23-11-2023,Fudgy Brownies,Dessert,DST-02,2,25000,50000,Cash,Dine in
1565,SUN-6578827,11-03-2023,Classic Tirmaisu,Dessert,DST-01,4,38000,152000,Digital Wallet,Take Away
1566,SUN-3990777,10-05-2023,Choco Lava Cake,Dessert,DST-04,4,35000,140000,Digital Wallet,Take Away
1567,SUN-6483075,17-12-2023,Choco Lava Cake,Dessert,DST-04,3,35000,105000,Digital Wallet,Online Order
1568,SUN-3611059,03-09-2023,Fudgy Brownies,Dessert,DST-02,1,25000,25000,Digital Wallet,Dine in
1569,SUN-2636290,21-10-2023,Caramel Machiato,Drinks,DRK-04,4,38000,152000,Cash,Take Away
1570,SUN-2972132,05-02-2023,Cafe Latte,Drinks,DRK-03,2,32000,64000,Debit Card,Dine in
1571,SUN-6156429,18-06-2023,Nasi Goreng Kampung,Food,FOD-03,4,38000,152000,Cash,Dine in
1572,SUN-9085968,11-10-2023,Fudgy Brownies,Dessert,DST-02,1,25000,25000,Debit Card,Take Away
1573,SUN-8197849,07-04-2023,Cafe Latte,Drinks,DRK-03,3,32000,96000,Digital Wallet,Dine in
1574,SUN-8170020,15-11-2023,Fudgy Brownies,Dessert,DST-02,1,25000,25000,Debit Card,Take Away
1575,SUN-1071885,19-12-2023,Cinnamon Roll,Dessert,DST-05,4,28000,112000,Debit Card,Online Order
1576,SUN-4025830,25-06-2023,Classic Tirmaisu,Dessert,DST-01,1,38000,38000,Digital Wallet,Online Order
1577,SUN-6802292,25-05-2023,Iced Americano,Drinks,DRK-02,1,28000,28000,Debit Card,Dine in
1578,SUN-2688126,21-06-2023,Creamy Maycha Latte,Drinks,DRK-05,1,35000,35000,Digital Wallet,Take Away
1579,SUN-2736052,18-03-2023,Iced Americano,Drinks,DRK-02,4,28000,112000,Debit Card,Online Order
1580,SUN-4552008,30-01-2023,Club Sandwich,Food,FOD-05,1,45000,45000,Debit Card,Dine in
1581,SUN-1979116,04-06-2023,Buttermilk Fried Chicken,Food,FOD-01,3,48000,144000,Cash,Online Order
1582,SUN-3892637,16-05-2023,Fudgy Brownies,Dessert,DST-02,2,25000,50000,Digital Wallet,Online Order
1583,SUN-7292079,20-09-2023,Cinnamon Roll,Dessert,DST-05,4,28000,112000,Cash,Take Away
1584,SUN-1669717,27-02-2023,Buttermilk Fried Chicken,Food,FOD-01,2,48000,96000,Debit Card,Online Order
1585,SUN-9071510,09-10-2023,New York Cheesecake,Dessert,DST-03,3,42000,126000,Cash,Take Away
1586,SUN-3565960,01-03-2023,Nasi Goreng Kampung,Food,FOD-03,2,38000,76000,Digital Wallet,Take Away
1587,SUN-1742756,09-02-2023,New York Cheesecake,Dessert,DST-03,3,42000,126000,Digital Wallet,Take Away
1588,SUN-4150722,22-12-2023,Buttermilk Fried Chicken,Food,FOD-01,3,48000,144000,Digital Wallet,Online Order
1589,SUN-6253363,12-12-2023,New York Cheesecake,Dessert,DST-03,3,42000,126000,Cash,Dine in
1590,SUN-4694570,29-04-2023,Choco Lava Cake,Dessert,DST-04,2,35000,70000,Digital Wallet,Online Order
1591,SUN-8449536,04-09-2023,Cafe Latte,Drinks,DRK-03,3,32000,96000,Digital Wallet,Dine in
1592,SUN-8483521,18-03-2023,Espreso Single,Drinks,DRK-01,1,22000,22000,Debit Card,Dine in
1593,SUN-5076119,23-01-2023,Cinnamon Roll,Dessert,DST-05,3,28000,84000,Cash,Dine in
1594,SUN-5613010,23-03-2023,Creamy Maycha Latte,Drinks,DRK-05,2,35000,70000,Cash,Dine in
1595,SUN-9023660,02-11-2023,Choco Lava Cake,Dessert,DST-04,1,35000,35000,Debit Card,Dine in
1596,SUN-9917267,27-10-2023,New York Cheesecake,Dessert,DST-03,4,42000,168000,Digital Wallet,Online Order
1597,SUN-2425415,21-12-2023,Cafe Latte,Drinks,DRK-03,1,32000,32000,Digital Wallet,Online Order
1598,SUN-7025506,08-11-2023,Cinnamon Roll,Dessert,DST-05,4,28000,112000,Debit Card,Online Order
1599,SUN-8390795,02-11-2023,Cinnamon Roll,Dessert,DST-05,3,28000,84000,Digital Wallet,Dine in
1600,SUN-9551132,26-07-2023,Fudgy Brownies,Dessert,DST-02,4,25000,100000,Debit Card,Dine in
1601,SUN-3096529,04-01-2023,New York Cheesecake,Dessert,DST-03,3,42000,126000,Cash,Dine in
1602,SUN-3451330,24-09-2023,Beef Carbonara Pasta,Food,FOD-02,2,52000,104000,Cash,Online Order
1603,SUN-8649225,22-06-2023,Iced Americano,Drinks,DRK-02,4,28000,112000,Digital Wallet,Dine in
1604,SUN-1621244,26-10-2023,Buttermilk Fried Chicken,Food,FOD-01,4,48000,192000,Digital Wallet,Dine in
1605,SUN-6949401,04-08-2023,Iced Americano,Drinks,DRK-02,4,28000,112000,Digital Wallet,Online Order
1606,SUN-2980833,06-05-2023,Cafe Latte,Drinks,DRK-03,2,32000,64000,Cash,Dine in
1607,SUN-3476466,21-11-2023,Grill Chicken Caesar Salad,Food,FOD-04,2,42000,84000,Cash,Take Away
1608,SUN-4378326,30-07-2023,Cafe Latte,Drinks,DRK-03,2,32000,64000,Digital Wallet,Online Order
1609,SUN-1890583,03-07-2023,Classic Tirmaisu,Dessert,DST-01,3,38000,114000,Debit Card,Dine in
1610,SUN-1892596,09-04-2023,Cafe Latte,Drinks,DRK-03,3,32000,96000,Digital Wallet,Online Order
1611,SUN-7693708,29-01-2023,Nasi Goreng Kampung,Food,FOD-03,2,38000,76000,Cash,Online Order
1612,SUN-8746261,10-02-2023,Buttermilk Fried Chicken,Food,FOD-01,2,48000,96000,Cash,Take Away
1613,SUN-8532570,07-12-2023,Classic Tirmaisu,Dessert,DST-01,1,38000,38000,Debit Card,Dine in
1614,SUN-9956479,20-01-2023,Club Sandwich,Food,FOD-05,3,45000,135000,Cash,Dine in
1615,SUN-3908362,14-12-2023,Classic Tirmaisu,Dessert,DST-01,4,38000,152000,Cash,Dine in
1616,SUN-1408972,14-01-2023,Nasi Goreng Kampung,Food,FOD-03,4,38000,152000,Cash,Dine in
1617,SUN-6712824,27-06-2023,Buttermilk Fried Chicken,Food,FOD-01,3,48000,144000,Digital Wallet,Online Order
1618,SUN-8036194,28-05-2023,Club Sandwich,Food,FOD-05,3,45000,135000,Digital Wallet,Dine in
1619,SUN-8671916,20-01-2023,Classic Tirmaisu,Dessert,DST-01,4,38000,152000,Digital Wallet,Take Away
1620,SUN-8380224,06-12-2023,Fudgy Brownies,Dessert,DST-02,1,25000,25000,Cash,Dine in
1621,SUN-1235283,03-11-2023,Creamy Maycha Latte,Drinks,DRK-05,3,35000,105000,Debit Card,Online Order
1622,SUN-8747768,26-08-2023,Caramel Machiato,Drinks,DRK-04,1,38000,38000,Digital Wallet,Online Order
1623,SUN-7598745,28-09-2023,Creamy Maycha Latte,Drinks,DRK-05,1,35000,35000,Cash,Online Order
1624,SUN-4351376,04-07-2023,Choco Lava Cake,Dessert,DST-04,2,35000,70000,Cash,Take Away
1625,SUN-8181523,21-12-2023,Fudgy Brownies,Dessert,DST-02,1,25000,25000,Cash,Take Away
1626,SUN-4863937,07-11-2023,Fudgy Brownies,Dessert,DST-02,2,25000,50000,Digital Wallet,Take Away
1627,SUN-1310248,03-01-2023,Caramel Machiato,Drinks,DRK-04,1,38000,38000,Digital Wallet,Take Away
1628,SUN-8453301,12-04-2023,Espreso Single,Drinks,DRK-01,2,22000,44000,Digital Wallet,Take Away
1629,SUN-6897063,08-06-2023,Iced Americano,Drinks,DRK-02,2,28000,56000,Cash,Dine in
1630,SUN-3676155,27-08-2023,Club Sandwich,Food,FOD-05,4,45000,180000,Debit Card,Online Order
1631,SUN-8765868,14-04-2023,Caramel Machiato,Drinks,DRK-04,2,38000,76000,Debit Card,Dine in
1632,SUN-3416861,28-07-2023,Nasi Goreng Kampung,Food,FOD-03,3,38000,114000,Debit Card,Dine in
1633,SUN-4177119,09-02-2023,Beef Carbonara Pasta,Food,FOD-02,1,52000,52000,Cash,Dine in
1634,SUN-5535520,22-08-2023,Espreso Single,Drinks,DRK-01,3,22000,66000,Cash,Dine in
1635,SUN-4942266,26-09-2023,Choco Lava Cake,Dessert,DST-04,4,35000,140000,Cash,Dine in
1636,SUN-1219422,30-09-2023,Grill Chicken Caesar Salad,Food,FOD-04,4,42000,168000,Debit Card,Take Away
1637,SUN-1091022,05-05-2023,Fudgy Brownies,Dessert,DST-02,1,25000,25000,Debit Card,Dine in
1638,SUN-4365491,29-01-2023,Grill Chicken Caesar Salad,Food,FOD-04,1,42000,42000,Cash,Take Away
1639,SUN-1189725,15-01-2023,Espreso Single,Drinks,DRK-01,2,22000,44000,Debit Card,Dine in
1640,SUN-2281972,19-06-2023,Nasi Goreng Kampung,Food,FOD-03,4,38000,152000,Debit Card,Online Order
1641,SUN-2860857,18-02-2023,New York Cheesecake,Dessert,DST-03,2,42000,84000,Debit Card,Dine in
1642,SUN-1791018,28-02-2023,Choco Lava Cake,Dessert,DST-04,4,35000,140000,Debit Card,Online Order
1643,SUN-7355952,22-10-2023,Caramel Machiato,Drinks,DRK-04,4,38000,152000,Digital Wallet,Take Away
1644,SUN-6843518,10-11-2023,Iced Americano,Drinks,DRK-02,3,28000,84000,Digital Wallet,Online Order
1645,SUN-6294549,10-08-2023,Cafe Latte,Drinks,DRK-03,2,32000,64000,Digital Wallet,Dine in
1646,SUN-8054338,08-02-2023,Fudgy Brownies,Dessert,DST-02,2,25000,50000,Debit Card,Online Order
1647,SUN-8451800,20-03-2023,Iced Americano,Drinks,DRK-02,1,28000,28000,Cash,Dine in
1648,SUN-2453448,26-11-2023,Buttermilk Fried Chicken,Food,FOD-01,4,48000,192000,Cash,Take Away
1649,SUN-4752772,12-09-2023,Classic Tirmaisu,Dessert,DST-01,2,38000,76000,Cash,Dine in
1650,SUN-1755110,28-03-2023,Iced Americano,Drinks,DRK-02,2,28000,56000,Digital Wallet,Dine in
1651,SUN-9721183,17-02-2023,Beef Carbonara Pasta,Food,FOD-02,3,52000,156000,Cash,Online Order
1652,SUN-8802137,16-07-2023,Creamy Maycha Latte,Drinks,DRK-05,3,35000,105000,Debit Card,Online Order
1653,SUN-3875284,03-09-2023,Choco Lava Cake,Dessert,DST-04,4,35000,140000,Digital Wallet,Dine in
1654,SUN-7187514,09-08-2023,Iced Americano,Drinks,DRK-02,1,28000,28000,Digital Wallet,Online Order
1655,SUN-9380398,28-08-2023,New York Cheesecake,Dessert,DST-03,4,42000,168000,Cash,Dine in
1656,SUN-5896259,21-03-2023,Beef Carbonara Pasta,Food,FOD-02,1,52000,52000,Digital Wallet,Dine in
1657,SUN-3302626,03-01-2023,Nasi Goreng Kampung,Food,FOD-03,2,38000,76000,Debit Card,Dine in
1658,SUN-1786816,24-02-2023,Grill Chicken Caesar Salad,Food,FOD-04,1,42000,42000,Digital Wallet,Take Away
1659,SUN-4522973,06-07-2023,Cafe Latte,Drinks,DRK-03,4,32000,128000,Digital Wallet,Dine in
1660,SUN-8283316,24-09-2023,Grill Chicken Caesar Salad,Food,FOD-04,3,42000,126000,Debit Card,Dine in
1661,SUN-8896534,23-09-2023,Grill Chicken Caesar Salad,Food,FOD-04,4,42000,168000,Cash,Dine in
1662,SUN-4981333,05-08-2023,Creamy Maycha Latte,Drinks,DRK-05,4,35000,140000,Debit Card,Dine in
1663,SUN-7745007,04-10-2023,Beef Carbonara Pasta,Food,FOD-02,2,52000,104000,Digital Wallet,Online Order
1664,SUN-3691575,30-06-2023,New York Cheesecake,Dessert,DST-03,1,42000,42000,Digital Wallet,Online Order
1665,SUN-4634887,15-09-2023,Caramel Machiato,Drinks,DRK-04,2,38000,76000,Cash,Dine in
1666,SUN-7036355,17-01-2023,Cafe Latte,Drinks,DRK-03,1,32000,32000,Cash,Take Away
1667,SUN-4594324,20-11-2023,Classic Tirmaisu,Dessert,DST-01,2,38000,76000,Digital Wallet,Take Away
1668,SUN-2198701,22-10-2023,Espreso Single,Drinks,DRK-01,3,22000,66000,Digital Wallet,Dine in
1669,SUN-7816234,04-10-2023,Grill Chicken Caesar Salad,Food,FOD-04,3,42000,126000,Debit Card,Dine in
1670,SUN-4630353,11-11-2023,New York Cheesecake,Dessert,DST-03,1,42000,42000,Digital Wallet,Dine in
1671,SUN-7348148,03-12-2023,Classic Tirmaisu,Dessert,DST-01,4,38000,152000,Debit Card,Dine in
1672,SUN-7406945,15-07-2023,Classic Tirmaisu,Dessert,DST-01,4,38000,152000,Cash,Take Away
1673,SUN-9082053,01-06-2023,Cinnamon Roll,Dessert,DST-05,3,28000,84000,Cash,Dine in
1674,SUN-3834735,11-07-2023,Iced Americano,Drinks,DRK-02,4,28000,112000,Debit Card,Online Order
1675,SUN-5661362,13-01-2023,Beef Carbonara Pasta,Food,FOD-02,3,52000,156000,Digital Wallet,Dine in
1676,SUN-2293035,02-12-2023,Iced Americano,Drinks,DRK-02,4,28000,112000,Cash,Take Away
1677,SUN-8383322,08-03-2023,Espreso Single,Drinks,DRK-01,2,22000,44000,Debit Card,Dine in
1678,SUN-2404789,03-12-2023,Cafe Latte,Drinks,DRK-03,2,32000,64000,Cash,Take Away
1679,SUN-6998817,16-04-2023,Buttermilk Fried Chicken,Food,FOD-01,4,48000,192000,Debit Card,Dine in
1680,SUN-4041528,14-07-2023,Choco Lava Cake,Dessert,DST-04,2,35000,70000,Cash,Dine in
1681,SUN-9747188,16-01-2023,Beef Carbonara Pasta,Food,FOD-02,3,52000,156000,Cash,Dine in
1682,SUN-7783072,09-01-2023,New York Cheesecake,Dessert,DST-03,4,42000,168000,Digital Wallet,Dine in
1683,SUN-6412171,09-02-2023,Cafe Latte,Drinks,DRK-03,4,32000,128000,Debit Card,Online Order
1684,SUN-5852598,11-02-2023,Beef Carbonara Pasta,Food,FOD-02,1,52000,52000,Cash,Dine in
1685,SUN-3465346,09-07-2023,Fudgy Brownies,Dessert,DST-02,3,25000,75000,Digital Wallet,Online Order
1686,SUN-3029053,20-02-2023,Classic Tirmaisu,Dessert,DST-01,1,38000,38000,Digital Wallet,Dine in
1687,SUN-3913241,03-04-2023,Club Sandwich,Food,FOD-05,2,45000,90000,Cash,Take Away
1688,SUN-2804210,28-03-2023,Nasi Goreng Kampung,Food,FOD-03,2,38000,76000,Cash,Dine in
1689,SUN-8734965,15-04-2023,Beef Carbonara Pasta,Food,FOD-02,4,52000,208000,Cash,Dine in
1690,SUN-3152397,07-11-2023,Espreso Single,Drinks,DRK-01,1,22000,22000,Digital Wallet,Online Order
1691,SUN-6194062,28-09-2023,Iced Americano,Drinks,DRK-02,4,28000,112000,Debit Card,Take Away
1692,SUN-7996217,07-12-2023,Cafe Latte,Drinks,DRK-03,2,32000,64000,Cash,Dine in
1693,SUN-1636651,08-11-2023,Espreso Single,Drinks,DRK-01,2,22000,44000,Debit Card,Dine in
1694,SUN-4856637,20-03-2023,Fudgy Brownies,Dessert,DST-02,3,25000,75000,Cash,Dine in
1695,SUN-8929299,11-11-2023,Espreso Single,Drinks,DRK-01,4,22000,88000,Debit Card,Online Order
1696,SUN-6903896,13-01-2023,Buttermilk Fried Chicken,Food,FOD-01,1,48000,48000,Cash,Dine in
1697,SUN-7352544,16-05-2023,Buttermilk Fried Chicken,Food,FOD-01,2,48000,96000,Digital Wallet,Online Order
1698,SUN-5408319,10-02-2023,Creamy Maycha Latte,Drinks,DRK-05,4,35000,140000,Debit Card,Dine in
1699,SUN-9057382,17-09-2023,Cinnamon Roll,Dessert,DST-05,4,28000,112000,Cash,Dine in
1700,SUN-9153214,04-08-2023,Espreso Single,Drinks,DRK-01,1,22000,22000,Digital Wallet,Take Away
1701,SUN-8962897,08-11-2023,Cafe Latte,Drinks,DRK-03,1,32000,32000,Cash,Take Away
1702,SUN-3094882,25-08-2023,Classic Tirmaisu,Dessert,DST-01,3,38000,114000,Cash,Online Order
1703,SUN-1483578,25-02-2023,Fudgy Brownies,Dessert,DST-02,3,25000,75000,Cash,Dine in
1704,SUN-4014001,20-11-2023,Fudgy Brownies,Dessert,DST-02,1,25000,25000,Digital Wallet,Online Order
1705,SUN-7541246,15-03-2023,Grill Chicken Caesar Salad,Food,FOD-04,4,42000,168000,Digital Wallet,Online Order
1706,SUN-2895322,13-12-2023,Caramel Machiato,Drinks,DRK-04,4,38000,152000,Cash,Dine in
1707,SUN-4598463,25-08-2023,Grill Chicken Caesar Salad,Food,FOD-04,2,42000,84000,Cash,Dine in
1708,SUN-4104254,20-04-2023,Beef Carbonara Pasta,Food,FOD-02,1,52000,52000,Debit Card,Take Away
1709,SUN-3643588,07-04-2023,Iced Americano,Drinks,DRK-02,1,28000,28000,Debit Card,Take Away
1710,SUN-7216686,12-04-2023,Espreso Single,Drinks,DRK-01,2,22000,44000,Debit Card,Online Order
1711,SUN-1078810,12-03-2023,Cafe Latte,Drinks,DRK-03,4,32000,128000,Cash,Dine in
1712,SUN-1703746,20-12-2023,New York Cheesecake,Dessert,DST-03,1,42000,42000,Cash,Dine in
1713,SUN-2701612,15-05-2023,Classic Tirmaisu,Dessert,DST-01,3,38000,114000,Debit Card,Dine in
1714,SUN-8977578,21-11-2023,Cinnamon Roll,Dessert,DST-05,2,28000,56000,Cash,Dine in
1715,SUN-5709363,06-01-2023,New York Cheesecake,Dessert,DST-03,1,42000,42000,Cash,Dine in
1716,SUN-4482768,09-08-2023,Choco Lava Cake,Dessert,DST-04,1,35000,35000,Digital Wallet,Dine in
1717,SUN-8444401,09-06-2023,Creamy Maycha Latte,Drinks,DRK-05,1,35000,35000,Debit Card,Take Away
1718,SUN-6036106,17-11-2023,Caramel Machiato,Drinks,DRK-04,1,38000,38000,Digital Wallet,Take Away
1719,SUN-3978151,18-01-2023,Choco Lava Cake,Dessert,DST-04,2,35000,70000,Digital Wallet,Take Away
1720,SUN-7455235,15-11-2023,Espreso Single,Drinks,DRK-01,4,22000,88000,Digital Wallet,Take Away
1721,SUN-8244795,31-03-2023,Caramel Machiato,Drinks,DRK-04,3,38000,114000,Debit Card,Take Away
1722,SUN-7403853,14-03-2023,Grill Chicken Caesar Salad,Food,FOD-04,2,42000,84000,Digital Wallet,Take Away
1723,SUN-9350460,21-03-2023,Fudgy Brownies,Dessert,DST-02,3,25000,75000,Digital Wallet,Take Away
1724,SUN-6653960,01-05-2023,Iced Americano,Drinks,DRK-02,3,28000,84000,Cash,Online Order
1725,SUN-4128079,01-05-2023,Nasi Goreng Kampung,Food,FOD-03,2,38000,76000,Cash,Online Order
1726,SUN-3526044,05-05-2023,Club Sandwich,Food,FOD-05,1,45000,45000,Debit Card,Online Order
1727,SUN-8708922,15-02-2023,Cinnamon Roll,Dessert,DST-05,3,28000,84000,Cash,Take Away
1728,SUN-9171720,15-07-2023,Cafe Latte,Drinks,DRK-03,3,32000,96000,Debit Card,Take Away
1729,SUN-1672299,21-06-2023,Grill Chicken Caesar Salad,Food,FOD-04,4,42000,168000,Digital Wallet,Take Away
1730,SUN-5850742,01-06-2023,Fudgy Brownies,Dessert,DST-02,3,25000,75000,Digital Wallet,Dine in
1731,SUN-3992918,09-09-2023,Cafe Latte,Drinks,DRK-03,2,32000,64000,Debit Card,Take Away
1732,SUN-4784415,13-02-2023,Nasi Goreng Kampung,Food,FOD-03,2,38000,76000,Digital Wallet,Online Order
1733,SUN-9119211,04-05-2023,Iced Americano,Drinks,DRK-02,3,28000,84000,Digital Wallet,Dine in
1734,SUN-4572938,04-10-2023,Grill Chicken Caesar Salad,Food,FOD-04,2,42000,84000,Digital Wallet,Online Order
1735,SUN-1647533,05-12-2023,New York Cheesecake,Dessert,DST-03,4,42000,168000,Debit Card,Dine in
1736,SUN-1069414,04-01-2023,Grill Chicken Caesar Salad,Food,FOD-04,4,42000,168000,Cash,Take Away
1737,SUN-7230101,10-11-2023,Creamy Maycha Latte,Drinks,DRK-05,1,35000,35000,Cash,Take Away
1738,SUN-4601578,07-10-2023,Choco Lava Cake,Dessert,DST-04,2,35000,70000,Debit Card,Dine in
1739,SUN-4929088,22-04-2023,Iced Americano,Drinks,DRK-02,1,28000,28000,Debit Card,Dine in
1740,SUN-6640839,06-12-2023,Iced Americano,Drinks,DRK-02,2,28000,56000,Debit Card,Take Away
1741,SUN-3582009,15-01-2023,Espreso Single,Drinks,DRK-01,3,22000,66000,Digital Wallet,Dine in
1742,SUN-1241899,11-11-2023,Iced Americano,Drinks,DRK-02,4,28000,112000,Cash,Take Away
1743,SUN-1214622,08-10-2023,Classic Tirmaisu,Dessert,DST-01,3,38000,114000,Digital Wallet,Dine in
1744,SUN-7789189,26-07-2023,Iced Americano,Drinks,DRK-02,3,28000,84000,Cash,Dine in
1745,SUN-5496724,29-03-2023,Cinnamon Roll,Dessert,DST-05,4,28000,112000,Cash,Dine in
1746,SUN-5371274,17-04-2023,Fudgy Brownies,Dessert,DST-02,2,25000,50000,Digital Wallet,Dine in
1747,SUN-1170593,02-05-2023,Club Sandwich,Food,FOD-05,2,45000,90000,Digital Wallet,Online Order
1748,SUN-5868816,31-07-2023,Cinnamon Roll,Dessert,DST-05,3,28000,84000,Digital Wallet,Online Order
1749,SUN-4719071,31-07-2023,Cinnamon Roll,Dessert,DST-05,4,28000,112000,Cash,Dine in
1750,SUN-3727402,14-11-2023,Iced Americano,Drinks,DRK-02,4,28000,112000,Digital Wallet,Take Away
1751,SUN-9768129,31-12-2023,New York Cheesecake,Dessert,DST-03,4,42000,168000,Cash,Dine in
1752,SUN-2791772,11-12-2023,Cafe Latte,Drinks,DRK-03,2,32000,64000,Debit Card,Online Order
1753,SUN-8850396,20-04-2023,Cinnamon Roll,Dessert,DST-05,1,28000,28000,Debit Card,Dine in
1754,SUN-6529683,25-12-2023,Cinnamon Roll,Dessert,DST-05,3,28000,84000,Debit Card,Take Away
1755,SUN-1239222,21-06-2023,Grill Chicken Caesar Salad,Food,FOD-04,4,42000,168000,Digital Wallet,Take Away
1756,SUN-1818372,29-09-2023,Caramel Machiato,Drinks,DRK-04,1,38000,38000,Digital Wallet,Dine in
1757,SUN-3855344,18-08-2023,New York Cheesecake,Dessert,DST-03,4,42000,168000,Cash,Dine in
1758,SUN-1516391,21-06-2023,Caramel Machiato,Drinks,DRK-04,1,38000,38000,Digital Wallet,Online Order
1759,SUN-2204589,07-09-2023,Buttermilk Fried Chicken,Food,FOD-01,2,48000,96000,Cash,Take Away
1760,SUN-9933281,27-03-2023,Club Sandwich,Food,FOD-05,1,45000,45000,Cash,Take Away
1761,SUN-7435036,19-03-2023,Creamy Maycha Latte,Drinks,DRK-05,3,35000,105000,Debit Card,Take Away
1762,SUN-8112166,13-02-2023,Cafe Latte,Drinks,DRK-03,4,32000,128000,Cash,Dine in
1763,SUN-9240153,06-08-2023,Classic Tirmaisu,Dessert,DST-01,3,38000,114000,Cash,Take Away
1764,SUN-6347493,29-10-2023,Caramel Machiato,Drinks,DRK-04,2,38000,76000,Digital Wallet,Online Order
1765,SUN-6733496,18-07-2023,Cinnamon Roll,Dessert,DST-05,1,28000,28000,Cash,Take Away
1766,SUN-5774342,25-07-2023,New York Cheesecake,Dessert,DST-03,2,42000,84000,Debit Card,Online Order
1767,SUN-7756388,29-08-2023,Buttermilk Fried Chicken,Food,FOD-01,2,48000,96000,Digital Wallet,Online Order
1768,SUN-5297845,27-11-2023,Nasi Goreng Kampung,Food,FOD-03,3,38000,114000,Digital Wallet,Online Order
1769,SUN-9264125,11-02-2023,Cinnamon Roll,Dessert,DST-05,2,28000,56000,Debit Card,Online Order
1770,SUN-1403697,12-08-2023,Choco Lava Cake,Dessert,DST-04,1,35000,35000,Digital Wallet,Online Order
1771,SUN-6973110,16-02-2023,Club Sandwich,Food,FOD-05,4,45000,180000,Debit Card,Online Order
1772,SUN-7949478,08-09-2023,Espreso Single,Drinks,DRK-01,2,22000,44000,Debit Card,Take Away
1773,SUN-6870116,23-12-2023,Creamy Maycha Latte,Drinks,DRK-05,4,35000,140000,Cash,Online Order
1774,SUN-1161783,16-11-2023,Choco Lava Cake,Dessert,DST-04,1,35000,35000,Digital Wallet,Take Away
1775,SUN-8256596,27-10-2023,Caramel Machiato,Drinks,DRK-04,1,38000,38000,Debit Card,Dine in
1776,SUN-8238570,25-11-2023,Cafe Latte,Drinks,DRK-03,1,32000,32000,Cash,Dine in
1777,SUN-2725840,30-10-2023,Classic Tirmaisu,Dessert,DST-01,4,38000,152000,Digital Wallet,Dine in
1778,SUN-7393713,04-11-2023,Buttermilk Fried Chicken,Food,FOD-01,3,48000,144000,Debit Card,Online Order
1779,SUN-7547970,07-12-2023,Fudgy Brownies,Dessert,DST-02,3,25000,75000,Cash,Dine in
1780,SUN-6998441,03-04-2023,Beef Carbonara Pasta,Food,FOD-02,3,52000,156000,Digital Wallet,Online Order
1781,SUN-8970002,17-12-2023,Grill Chicken Caesar Salad,Food,FOD-04,3,42000,126000,Digital Wallet,Dine in
1782,SUN-2548043,02-10-2023,Fudgy Brownies,Dessert,DST-02,4,25000,100000,Digital Wallet,Dine in
1783,SUN-4438297,24-05-2023,Espreso Single,Drinks,DRK-01,3,22000,66000,Digital Wallet,Dine in
1784,SUN-9591737,04-12-2023,Nasi Goreng Kampung,Food,FOD-03,3,38000,114000,Debit Card,Online Order
1785,SUN-6736525,03-10-2023,Creamy Maycha Latte,Drinks,DRK-05,4,35000,140000,Debit Card,Online Order
1786,SUN-6671070,25-12-2023,Club Sandwich,Food,FOD-05,4,45000,180000,Digital Wallet,Take Away
1787,SUN-9269266,23-08-2023,New York Cheesecake,Dessert,DST-03,3,42000,126000,Debit Card,Dine in
1788,SUN-7522912,29-12-2023,Cinnamon Roll,Dessert,DST-05,3,28000,84000,Digital Wallet,Online Order
1789,SUN-6641947,24-07-2023,Cafe Latte,Drinks,DRK-03,2,32000,64000,Digital Wallet,Take Away
1790,SUN-7838933,16-12-2023,Espreso Single,Drinks,DRK-01,1,22000,22000,Cash,Online Order
1791,SUN-6079449,05-09-2023,Creamy Maycha Latte,Drinks,DRK-05,4,35000,140000,Cash,Take Away
1792,SUN-6003074,30-10-2023,Grill Chicken Caesar Salad,Food,FOD-04,3,42000,126000,Debit Card,Dine in
1793,SUN-7999880,27-04-2023,Espreso Single,Drinks,DRK-01,2,22000,44000,Debit Card,Dine in
1794,SUN-6320931,03-11-2023,Choco Lava Cake,Dessert,DST-04,4,35000,140000,Digital Wallet,Online Order
1795,SUN-7351950,09-09-2023,Grill Chicken Caesar Salad,Food,FOD-04,4,42000,168000,Digital Wallet,Online Order
1796,SUN-5285990,24-05-2023,Cafe Latte,Drinks,DRK-03,1,32000,32000,Debit Card,Online Order
1797,SUN-6891981,29-05-2023,New York Cheesecake,Dessert,DST-03,3,42000,126000,Debit Card,Take Away
1798,SUN-4142288,06-09-2023,Cinnamon Roll,Dessert,DST-05,1,28000,28000,Debit Card,Online Order
1799,SUN-6773933,24-02-2023,Classic Tirmaisu,Dessert,DST-01,1,38000,38000,Digital Wallet,Take Away
1800,SUN-8574077,27-12-2023,New York Cheesecake,Dessert,DST-03,2,42000,84000,Cash,Take Away
1801,SUN-8097896,05-01-2023,Beef Carbonara Pasta,Food,FOD-02,3,52000,156000,Cash,Dine in
1802,SUN-3310391,05-03-2023,Beef Carbonara Pasta,Food,FOD-02,2,52000,104000,Digital Wallet,Dine in
1803,SUN-8610940,22-08-2023,Fudgy Brownies,Dessert,DST-02,1,25000,25000,Digital Wallet,Take Away
1804,SUN-6361977,27-10-2023,Beef Carbonara Pasta,Food,FOD-02,4,52000,208000,Debit Card,Dine in
1805,SUN-4704871,26-03-2023,Grill Chicken Caesar Salad,Food,FOD-04,4,42000,168000,Digital Wallet,Dine in
1806,SUN-2860876,21-08-2023,Nasi Goreng Kampung,Food,FOD-03,2,38000,76000,Cash,Dine in
1807,SUN-5569728,15-12-2023,Beef Carbonara Pasta,Food,FOD-02,3,52000,156000,Debit Card,Dine in
1808,SUN-5174192,28-02-2023,Grill Chicken Caesar Salad,Food,FOD-04,3,42000,126000,Cash,Dine in
1809,SUN-4966169,13-03-2023,Caramel Machiato,Drinks,DRK-04,3,38000,114000,Debit Card,Take Away
1810,SUN-8608993,02-04-2023,Creamy Maycha Latte,Drinks,DRK-05,3,35000,105000,Digital Wallet,Online Order
1811,SUN-7489945,26-04-2023,Iced Americano,Drinks,DRK-02,4,28000,112000,Digital Wallet,Take Away
1812,SUN-8702969,05-08-2023,Caramel Machiato,Drinks,DRK-04,4,38000,152000,Debit Card,Online Order
1813,SUN-5022159,26-12-2023,Nasi Goreng Kampung,Food,FOD-03,4,38000,152000,Debit Card,Online Order
1814,SUN-8780146,27-10-2023,Creamy Maycha Latte,Drinks,DRK-05,1,35000,35000,Digital Wallet,Online Order
1815,SUN-8631274,09-07-2023,Fudgy Brownies,Dessert,DST-02,4,25000,100000,Cash,Dine in
1816,SUN-3214360,16-08-2023,Iced Americano,Drinks,DRK-02,3,28000,84000,Digital Wallet,Take Away
1817,SUN-7407948,03-12-2023,Cafe Latte,Drinks,DRK-03,4,32000,128000,Debit Card,Take Away
1818,SUN-9528812,16-12-2023,Club Sandwich,Food,FOD-05,4,45000,180000,Digital Wallet,Dine in
1819,SUN-3041795,13-10-2023,Espreso Single,Drinks,DRK-01,4,22000,88000,Digital Wallet,Take Away
1820,SUN-9144518,19-10-2023,Beef Carbonara Pasta,Food,FOD-02,3,52000,156000,Debit Card,Dine in
1821,SUN-8760267,13-02-2023,Caramel Machiato,Drinks,DRK-04,4,38000,152000,Cash,Dine in
1822,SUN-5918197,23-04-2023,Cafe Latte,Drinks,DRK-03,1,32000,32000,Debit Card,Online Order
1823,SUN-7175075,20-03-2023,Club Sandwich,Food,FOD-05,1,45000,45000,Digital Wallet,Online Order
1824,SUN-3820854,23-10-2023,Club Sandwich,Food,FOD-05,2,45000,90000,Digital Wallet,Dine in
1825,SUN-3001523,22-05-2023,Caramel Machiato,Drinks,DRK-04,1,38000,38000,Debit Card,Take Away
1826,SUN-9297588,23-01-2023,Grill Chicken Caesar Salad,Food,FOD-04,4,42000,168000,Cash,Take Away
1827,SUN-1134907,18-11-2023,Choco Lava Cake,Dessert,DST-04,4,35000,140000,Debit Card,Online Order
1828,SUN-1616577,02-12-2023,Cafe Latte,Drinks,DRK-03,2,32000,64000,Debit Card,Online Order
1829,SUN-7677679,02-05-2023,Fudgy Brownies,Dessert,DST-02,2,25000,50000,Digital Wallet,Dine in
1830,SUN-2189905,15-12-2023,Creamy Maycha Latte,Drinks,DRK-05,3,35000,105000,Debit Card,Online Order
1831,SUN-8137417,19-06-2023,Creamy Maycha Latte,Drinks,DRK-05,3,35000,105000,Debit Card,Online Order
1832,SUN-1393568,27-04-2023,Fudgy Brownies,Dessert,DST-02,2,25000,50000,Debit Card,Online Order
1833,SUN-7046683,25-06-2023,Espreso Single,Drinks,DRK-01,2,22000,44000,Debit Card,Take Away
1834,SUN-1037570,06-07-2023,Grill Chicken Caesar Salad,Food,FOD-04,2,42000,84000,Debit Card,Dine in
1835,SUN-7653317,29-04-2023,Caramel Machiato,Drinks,DRK-04,3,38000,114000,Digital Wallet,Dine in
1836,SUN-7113720,22-08-2023,Fudgy Brownies,Dessert,DST-02,1,25000,25000,Debit Card,Dine in
1837,SUN-9292484,15-10-2023,Classic Tirmaisu,Dessert,DST-01,4,38000,152000,Cash,Dine in
1838,SUN-5312555,04-11-2023,Grill Chicken Caesar Salad,Food,FOD-04,3,42000,126000,Cash,Take Away
1839,SUN-5792760,21-01-2023,Grill Chicken Caesar Salad,Food,FOD-04,4,42000,168000,Cash,Online Order
1840,SUN-6680352,23-05-2023,Cafe Latte,Drinks,DRK-03,3,32000,96000,Digital Wallet,Dine in
1841,SUN-9188546,24-03-2023,Grill Chicken Caesar Salad,Food,FOD-04,2,42000,84000,Digital Wallet,Online Order
1842,SUN-1335140,16-11-2023,Cafe Latte,Drinks,DRK-03,3,32000,96000,Digital Wallet,Dine in
1843,SUN-2958008,29-10-2023,Cinnamon Roll,Dessert,DST-05,1,28000,28000,Digital Wallet,Take Away
1844,SUN-4504277,13-04-2023,Buttermilk Fried Chicken,Food,FOD-01,1,48000,48000,Cash,Dine in
1845,SUN-7739255,13-08-2023,Iced Americano,Drinks,DRK-02,3,28000,84000,Cash,Dine in
1846,SUN-8024691,15-03-2023,Fudgy Brownies,Dessert,DST-02,1,25000,25000,Cash,Take Away
1847,SUN-3613119,06-07-2023,Classic Tirmaisu,Dessert,DST-01,2,38000,76000,Digital Wallet,Dine in
1848,SUN-3018450,22-12-2023,Nasi Goreng Kampung,Food,FOD-03,1,38000,38000,Debit Card,Online Order
1849,SUN-5221100,15-05-2023,Buttermilk Fried Chicken,Food,FOD-01,4,48000,192000,Debit Card,Online Order
1850,SUN-7754531,29-03-2023,Grill Chicken Caesar Salad,Food,FOD-04,3,42000,126000,Debit Card,Online Order
1851,SUN-4021694,17-02-2023,Iced Americano,Drinks,DRK-02,4,28000,112000,Digital Wallet,Dine in
1852,SUN-9307978,10-05-2023,Caramel Machiato,Drinks,DRK-04,1,38000,38000,Cash,Dine in
1853,SUN-1292534,16-06-2023,Choco Lava Cake,Dessert,DST-04,3,35000,105000,Digital Wallet,Take Away
1854,SUN-9984213,04-09-2023,Cinnamon Roll,Dessert,DST-05,1,28000,28000,Debit Card,Take Away
1855,SUN-4418012,27-12-2023,Fudgy Brownies,Dessert,DST-02,3,25000,75000,Digital Wallet,Dine in
1856,SUN-3845122,01-05-2023,New York Cheesecake,Dessert,DST-03,2,42000,84000,Debit Card,Dine in
1857,SUN-4453192,06-08-2023,Nasi Goreng Kampung,Food,FOD-03,3,38000,114000,Digital Wallet,Online Order
1858,SUN-9228930,26-12-2023,Classic Tirmaisu,Dessert,DST-01,2,38000,76000,Debit Card,Dine in
1859,SUN-5459758,30-07-2023,Creamy Maycha Latte,Drinks,DRK-05,3,35000,105000,Debit Card,Online Order
1860,SUN-3370919,20-07-2023,Grill Chicken Caesar Salad,Food,FOD-04,4,42000,168000,Debit Card,Online Order
1861,SUN-2625850,28-12-2023,Buttermilk Fried Chicken,Food,FOD-01,1,48000,48000,Debit Card,Dine in
1862,SUN-5166332,19-12-2023,Nasi Goreng Kampung,Food,FOD-03,3,38000,114000,Debit Card,Take Away
1863,SUN-3476802,20-11-2023,Grill Chicken Caesar Salad,Food,FOD-04,4,42000,168000,Debit Card,Dine in
1864,SUN-2386650,11-03-2023,New York Cheesecake,Dessert,DST-03,1,42000,42000,Debit Card,Dine in
1865,SUN-4521570,31-12-2023,Espreso Single,Drinks,DRK-01,2,22000,44000,Debit Card,Dine in
1866,SUN-3277728,17-10-2023,Iced Americano,Drinks,DRK-02,3,28000,84000,Cash,Dine in
1867,SUN-7602230,15-12-2023,Espreso Single,Drinks,DRK-01,1,22000,22000,Digital Wallet,Take Away
1868,SUN-7358148,27-05-2023,Nasi Goreng Kampung,Food,FOD-03,4,38000,152000,Digital Wallet,Dine in
1869,SUN-2606473,01-09-2023,Cafe Latte,Drinks,DRK-03,2,32000,64000,Cash,Dine in
1870,SUN-7975432,04-11-2023,Classic Tirmaisu,Dessert,DST-01,3,38000,114000,Digital Wallet,Online Order
1871,SUN-6968520,22-04-2023,Espreso Single,Drinks,DRK-01,3,22000,66000,Debit Card,Online Order
1872,SUN-8823374,31-10-2023,Classic Tirmaisu,Dessert,DST-01,1,38000,38000,Debit Card,Online Order
1873,SUN-5571112,18-08-2023,Caramel Machiato,Drinks,DRK-04,2,38000,76000,Digital Wallet,Take Away
1874,SUN-9833292,19-12-2023,Classic Tirmaisu,Dessert,DST-01,3,38000,114000,Debit Card,Online Order
1875,SUN-5085742,08-05-2023,New York Cheesecake,Dessert,DST-03,1,42000,42000,Cash,Dine in
1876,SUN-6570917,06-05-2023,Caramel Machiato,Drinks,DRK-04,2,38000,76000,Digital Wallet,Take Away
1877,SUN-5845425,23-10-2023,New York Cheesecake,Dessert,DST-03,3,42000,126000,Cash,Take Away
1878,SUN-6800099,17-01-2023,Buttermilk Fried Chicken,Food,FOD-01,3,48000,144000,Cash,Dine in
1879,SUN-6640205,20-02-2023,Creamy Maycha Latte,Drinks,DRK-05,3,35000,105000,Digital Wallet,Online Order
1880,SUN-8680735,05-03-2023,Buttermilk Fried Chicken,Food,FOD-01,2,48000,96000,Digital Wallet,Dine in
1881,SUN-7405528,18-06-2023,Fudgy Brownies,Dessert,DST-02,4,25000,100000,Debit Card,Dine in
1882,SUN-6335026,20-05-2023,Espreso Single,Drinks,DRK-01,1,22000,22000,Cash,Take Away
1883,SUN-9820556,03-11-2023,Creamy Maycha Latte,Drinks,DRK-05,1,35000,35000,Digital Wallet,Dine in
1884,SUN-5494799,18-12-2023,Nasi Goreng Kampung,Food,FOD-03,2,38000,76000,Digital Wallet,Dine in
1885,SUN-9144570,15-06-2023,Buttermilk Fried Chicken,Food,FOD-01,2,48000,96000,Debit Card,Take Away
1886,SUN-2449635,28-07-2023,Beef Carbonara Pasta,Food,FOD-02,3,52000,156000,Debit Card,Dine in
1887,SUN-8617691,08-08-2023,Buttermilk Fried Chicken,Food,FOD-01,1,48000,48000,Cash,Dine in
1888,SUN-6602138,26-05-2023,Grill Chicken Caesar Salad,Food,FOD-04,4,42000,168000,Digital Wallet,Online Order
1889,SUN-6504878,05-02-2023,New York Cheesecake,Dessert,DST-03,2,42000,84000,Debit Card,Take Away
1890,SUN-6867891,15-11-2023,Caramel Machiato,Drinks,DRK-04,1,38000,38000,Digital Wallet,Dine in
1891,SUN-8653238,15-04-2023,Espreso Single,Drinks,DRK-01,1,22000,22000,Digital Wallet,Take Away
1892,SUN-6926896,24-09-2023,New York Cheesecake,Dessert,DST-03,1,42000,42000,Digital Wallet,Dine in
1893,SUN-3010311,15-12-2023,Buttermilk Fried Chicken,Food,FOD-01,2,48000,96000,Debit Card,Online Order
1894,SUN-3330623,27-08-2023,Nasi Goreng Kampung,Food,FOD-03,2,38000,76000,Debit Card,Dine in
1895,SUN-8848256,28-08-2023,Grill Chicken Caesar Salad,Food,FOD-04,3,42000,126000,Cash,Take Away
1896,SUN-7935190,14-09-2023,Caramel Machiato,Drinks,DRK-04,3,38000,114000,Cash,Dine in
1897,SUN-9141573,14-05-2023,Choco Lava Cake,Dessert,DST-04,1,35000,35000,Debit Card,Dine in
1898,SUN-2834959,10-09-2023,New York Cheesecake,Dessert,DST-03,2,42000,84000,Debit Card,Dine in
1899,SUN-5047791,08-07-2023,Beef Carbonara Pasta,Food,FOD-02,4,52000,208000,Cash,Dine in
1900,SUN-6692224,13-10-2023,Buttermilk Fried Chicken,Food,FOD-01,1,48000,48000,Debit Card,Take Away
1901,SUN-9141878,10-10-2023,Club Sandwich,Food,FOD-05,1,45000,45000,Cash,Dine in
1902,SUN-4690954,04-08-2023,Espreso Single,Drinks,DRK-01,4,22000,88000,Digital Wallet,Online Order
1903,SUN-5991530,15-10-2023,Club Sandwich,Food,FOD-05,2,45000,90000,Debit Card,Take Away
1904,SUN-5511594,19-01-2023,Creamy Maycha Latte,Drinks,DRK-05,2,35000,70000,Cash,Take Away
1905,SUN-7219890,30-10-2023,Beef Carbonara Pasta,Food,FOD-02,3,52000,156000,Digital Wallet,Online Order
1906,SUN-5870370,17-12-2023,Creamy Maycha Latte,Drinks,DRK-05,3,35000,105000,Digital Wallet,Take Away
1907,SUN-7035040,16-04-2023,Espreso Single,Drinks,DRK-01,4,22000,88000,Debit Card,Take Away
1908,SUN-3772823,31-07-2023,Grill Chicken Caesar Salad,Food,FOD-04,1,42000,42000,Digital Wallet,Online Order
1909,SUN-6116033,28-03-2023,Choco Lava Cake,Dessert,DST-04,2,35000,70000,Cash,Dine in
1910,SUN-7269137,21-07-2023,Creamy Maycha Latte,Drinks,DRK-05,2,35000,70000,Digital Wallet,Dine in
1911,SUN-5683181,22-08-2023,Grill Chicken Caesar Salad,Food,FOD-04,1,42000,42000,Cash,Dine in
1912,SUN-5012841,28-11-2023,Buttermilk Fried Chicken,Food,FOD-01,3,48000,144000,Digital Wallet,Take Away
1913,SUN-5017421,12-07-2023,Nasi Goreng Kampung,Food,FOD-03,4,38000,152000,Digital Wallet,Dine in
1914,SUN-6099412,18-08-2023,New York Cheesecake,Dessert,DST-03,1,42000,42000,Digital Wallet,Dine in
1915,SUN-7738955,26-07-2023,Club Sandwich,Food,FOD-05,4,45000,180000,Digital Wallet,Take Away
1916,SUN-5903700,02-12-2023,Classic Tirmaisu,Dessert,DST-01,1,38000,38000,Cash,Take Away
1917,SUN-8639958,20-03-2023,Club Sandwich,Food,FOD-05,2,45000,90000,Digital Wallet,Take Away
1918,SUN-3391639,10-03-2023,Cinnamon Roll,Dessert,DST-05,2,28000,56000,Digital Wallet,Take Away
1919,SUN-5503244,27-04-2023,Nasi Goreng Kampung,Food,FOD-03,4,38000,152000,Digital Wallet,Dine in
1920,SUN-8606827,21-05-2023,Espreso Single,Drinks,DRK-01,4,22000,88000,Digital Wallet,Take Away
1921,SUN-5593162,02-10-2023,Nasi Goreng Kampung,Food,FOD-03,4,38000,152000,Digital Wallet,Dine in
1922,SUN-6622852,04-02-2023,Choco Lava Cake,Dessert,DST-04,2,35000,70000,Digital Wallet,Take Away
1923,SUN-3277500,11-05-2023,Buttermilk Fried Chicken,Food,FOD-01,1,48000,48000,Digital Wallet,Take Away
1924,SUN-5848281,02-02-2023,Classic Tirmaisu,Dessert,DST-01,2,38000,76000,Cash,Take Away
1925,SUN-5124912,04-10-2023,Cafe Latte,Drinks,DRK-03,4,32000,128000,Digital Wallet,Dine in
1926,SUN-7719207,16-05-2023,Creamy Maycha Latte,Drinks,DRK-05,3,35000,105000,Debit Card,Dine in
1927,SUN-7738322,18-01-2023,Grill Chicken Caesar Salad,Food,FOD-04,1,42000,42000,Debit Card,Online Order
1928,SUN-6241043,14-09-2023,Creamy Maycha Latte,Drinks,DRK-05,1,35000,35000,Digital Wallet,Take Away
1929,SUN-7083043,14-12-2023,Creamy Maycha Latte,Drinks,DRK-05,2,35000,70000,Cash,Take Away
1930,SUN-9858424,08-05-2023,Classic Tirmaisu,Dessert,DST-01,1,38000,38000,Digital Wallet,Online Order
1931,SUN-8469764,17-03-2023,Buttermilk Fried Chicken,Food,FOD-01,2,48000,96000,Cash,Take Away
1932,SUN-8732450,26-08-2023,Caramel Machiato,Drinks,DRK-04,3,38000,114000,Digital Wallet,Take Away
1933,SUN-6918647,24-06-2023,Caramel Machiato,Drinks,DRK-04,4,38000,152000,Debit Card,Online Order
1934,SUN-3980263,01-01-2023,Classic Tirmaisu,Dessert,DST-01,3,38000,114000,Digital Wallet,Online Order
1935,SUN-6200925,03-12-2023,Club Sandwich,Food,FOD-05,4,45000,180000,Cash,Dine in
1936,SUN-9948759,18-02-2023,Espreso Single,Drinks,DRK-01,2,22000,44000,Debit Card,Dine in
1937,SUN-2705597,03-04-2023,Cafe Latte,Drinks,DRK-03,4,32000,128000,Digital Wallet,Dine in
1938,SUN-7075970,15-05-2023,Classic Tirmaisu,Dessert,DST-01,4,38000,152000,Digital Wallet,Dine in
1939,SUN-4193414,24-03-2023,Club Sandwich,Food,FOD-05,3,45000,135000,Cash,Take Away
1940,SUN-4798691,02-08-2023,Grill Chicken Caesar Salad,Food,FOD-04,2,42000,84000,Digital Wallet,Take Away
1941,SUN-6616020,26-12-2023,Fudgy Brownies,Dessert,DST-02,4,25000,100000,Debit Card,Take Away
1942,SUN-7915517,23-09-2023,Caramel Machiato,Drinks,DRK-04,1,38000,38000,Debit Card,Take Away
1943,SUN-4576426,27-11-2023,Beef Carbonara Pasta,Food,FOD-02,4,52000,208000,Debit Card,Online Order
1944,SUN-2958282,23-06-2023,Nasi Goreng Kampung,Food,FOD-03,3,38000,114000,Cash,Take Away
1945,SUN-6409283,14-07-2023,Buttermilk Fried Chicken,Food,FOD-01,1,48000,48000,Digital Wallet,Online Order
1946,SUN-1876344,14-05-2023,Espreso Single,Drinks,DRK-01,1,22000,22000,Debit Card,Dine in
1947,SUN-2594801,23-01-2023,Creamy Maycha Latte,Drinks,DRK-05,4,35000,140000,Digital Wallet,Take Away
1948,SUN-8012911,03-09-2023,Club Sandwich,Food,FOD-05,1,45000,45000,Digital Wallet,Online Order
1949,SUN-3111034,09-08-2023,Cafe Latte,Drinks,DRK-03,2,32000,64000,Debit Card,Online Order
1950,SUN-9696043,11-01-2023,Grill Chicken Caesar Salad,Food,FOD-04,3,42000,126000,Debit Card,Online Order
1951,SUN-1241830,02-04-2023,Classic Tirmaisu,Dessert,DST-01,3,38000,114000,Digital Wallet,Take Away
1952,SUN-3923230,05-01-2023,Buttermilk Fried Chicken,Food,FOD-01,2,48000,96000,Debit Card,Online Order
1953,SUN-7090366,20-03-2023,Club Sandwich,Food,FOD-05,1,45000,45000,Digital Wallet,Dine in
1954,SUN-1586855,14-09-2023,Grill Chicken Caesar Salad,Food,FOD-04,2,42000,84000,Digital Wallet,Online Order
1955,SUN-8827833,07-12-2023,Cafe Latte,Drinks,DRK-03,3,32000,96000,Cash,Dine in
1956,SUN-5144353,15-09-2023,Club Sandwich,Food,FOD-05,4,45000,180000,Cash,Take Away
1957,SUN-9483836,15-08-2023,Beef Carbonara Pasta,Food,FOD-02,3,52000,156000,Cash,Take Away
1958,SUN-8621947,28-11-2023,Caramel Machiato,Drinks,DRK-04,3,38000,114000,Debit Card,Take Away
1959,SUN-9510340,12-06-2023,Caramel Machiato,Drinks,DRK-04,3,38000,114000,Cash,Dine in
1960,SUN-3745255,06-06-2023,Classic Tirmaisu,Dessert,DST-01,2,38000,76000,Digital Wallet,Online Order
1961,SUN-5421588,23-01-2023,Fudgy Brownies,Dessert,DST-02,3,25000,75000,Digital Wallet,Online Order
1962,SUN-4410178,30-06-2023,Nasi Goreng Kampung,Food,FOD-03,3,38000,114000,Debit Card,Take Away
1963,SUN-2172037,16-05-2023,Buttermilk Fried Chicken,Food,FOD-01,2,48000,96000,Debit Card,Dine in
1964,SUN-6095397,09-07-2023,Cinnamon Roll,Dessert,DST-05,2,28000,56000,Debit Card,Dine in
1965,SUN-5124489,12-11-2023,Fudgy Brownies,Dessert,DST-02,1,25000,25000,Debit Card,Online Order
1966,SUN-1624844,23-02-2023,Classic Tirmaisu,Dessert,DST-01,3,38000,114000,Cash,Take Away
1967,SUN-5841359,21-04-2023,Beef Carbonara Pasta,Food,FOD-02,2,52000,104000,Debit Card,Take Away
1968,SUN-9300720,02-03-2023,Choco Lava Cake,Dessert,DST-04,4,35000,140000,Digital Wallet,Take Away
1969,SUN-3807095,28-04-2023,Nasi Goreng Kampung,Food,FOD-03,2,38000,76000,Debit Card,Take Away
1970,SUN-6938115,02-05-2023,Iced Americano,Drinks,DRK-02,2,28000,56000,Cash,Dine in
1971,SUN-9416379,10-08-2023,Caramel Machiato,Drinks,DRK-04,1,38000,38000,Debit Card,Online Order
1972,SUN-7577459,01-09-2023,Caramel Machiato,Drinks,DRK-04,1,38000,38000,Debit Card,Online Order
1973,SUN-9641607,03-04-2023,Caramel Machiato,Drinks,DRK-04,1,38000,38000,Digital Wallet,Dine in
1974,SUN-2025287,10-04-2023,Iced Americano,Drinks,DRK-02,4,28000,112000,Debit Card,Dine in
1975,SUN-2813787,23-07-2023,Iced Americano,Drinks,DRK-02,2,28000,56000,Digital Wallet,Online Order
1976,SUN-7914376,10-10-2023,Buttermilk Fried Chicken,Food,FOD-01,3,48000,144000,Cash,Take Away
1977,SUN-1951111,08-10-2023,New York Cheesecake,Dessert,DST-03,2,42000,84000,Cash,Dine in
1978,SUN-3124802,09-05-2023,Beef Carbonara Pasta,Food,FOD-02,1,52000,52000,Cash,Take Away
1979,SUN-9724703,15-04-2023,New York Cheesecake,Dessert,DST-03,3,42000,126000,Debit Card,Take Away
1980,SUN-4689519,21-03-2023,Classic Tirmaisu,Dessert,DST-01,3,38000,114000,Debit Card,Take Away
1981,SUN-7687544,22-06-2023,Cafe Latte,Drinks,DRK-03,4,32000,128000,Debit Card,Online Order
1982,SUN-1226940,07-08-2023,Espreso Single,Drinks,DRK-01,3,22000,66000,Debit Card,Dine in
1983,SUN-6578838,30-07-2023,Creamy Maycha Latte,Drinks,DRK-05,1,35000,35000,Digital Wallet,Dine in
1984,SUN-9337852,13-11-2023,Caramel Machiato,Drinks,DRK-04,1,38000,38000,Cash,Take Away
1985,SUN-7291042,13-05-2023,Fudgy Brownies,Dessert,DST-02,3,25000,75000,Cash,Take Away
1986,SUN-5957997,01-07-2023,Cafe Latte,Drinks,DRK-03,2,32000,64000,Cash,Take Away
1987,SUN-5085523,23-03-2023,Creamy Maycha Latte,Drinks,DRK-05,3,35000,105000,Debit Card,Dine in
1988,SUN-1549994,11-06-2023,New York Cheesecake,Dessert,DST-03,4,42000,168000,Digital Wallet,Take Away
1989,SUN-3029462,11-02-2023,Buttermilk Fried Chicken,Food,FOD-01,2,48000,96000,Debit Card,Online Order
1990,SUN-6863575,14-06-2023,Buttermilk Fried Chicken,Food,FOD-01,3,48000,144000,Digital Wallet,Take Away
1991,SUN-8296354,26-07-2023,Nasi Goreng Kampung,Food,FOD-03,2,38000,76000,Debit Card,Dine in
1992,SUN-9661909,26-01-2023,Espreso Single,Drinks,DRK-01,4,22000,88000,Digital Wallet,Take Away
1993,SUN-6585417,09-12-2023,Fudgy Brownies,Dessert,DST-02,4,25000,100000,Digital Wallet,Dine in
1994,SUN-3436205,15-01-2023,Espreso Single,Drinks,DRK-01,2,22000,44000,Cash,Online Order
1995,SUN-4593153,07-01-2023,Club Sandwich,Food,FOD-05,3,45000,135000,Cash,Take Away
1996,SUN-9587007,28-01-2023,Choco Lava Cake,Dessert,DST-04,1,35000,35000,Cash,Dine in
1997,SUN-3325974,12-11-2023,Nasi Goreng Kampung,Food,FOD-03,2,38000,76000,Debit Card,Dine in
1998,SUN-7510582,10-10-2023,Espreso Single,Drinks,DRK-01,4,22000,88000,Debit Card,Take Away
1999,SUN-5270918,18-12-2023,Caramel Machiato,Drinks,DRK-04,2,38000,76000,Digital Wallet,Dine in
2000,SUN-3636403,18-08-2023,Beef Carbonara Pasta,Food,FOD-02,4,52000,208000,Digital Wallet,Online Order
2001,SUN-5553337,17-07-2023,Caramel Machiato,Drinks,DRK-04,2,38000,76000,Digital Wallet,Online Order
2002,SUN-4928720,17-05-2023,Nasi Goreng Kampung,Food,FOD-03,3,38000,114000,Cash,Online Order
2003,SUN-5449056,20-12-2023,Grill Chicken Caesar Salad,Food,FOD-04,2,42000,84000,Cash,Take Away
2004,SUN-4672127,21-08-2023,Iced Americano,Drinks,DRK-02,3,28000,84000,Digital Wallet,Online Order
2005,SUN-3785669,15-09-2023,New York Cheesecake,Dessert,DST-03,4,42000,168000,Digital Wallet,Take Away
2006,SUN-5882429,10-06-2023,Club Sandwich,Food,FOD-05,3,45000,135000,Digital Wallet,Take Away
2007,SUN-6975505,19-07-2023,Choco Lava Cake,Dessert,DST-04,1,35000,35000,Digital Wallet,Dine in
2008,SUN-3677578,31-10-2023,Cafe Latte,Drinks,DRK-03,3,32000,96000,Cash,Dine in
2009,SUN-8753267,19-06-2023,Classic Tirmaisu,Dessert,DST-01,3,38000,114000,Digital Wallet,Take Away
2010,SUN-6452176,01-09-2023,Espreso Single,Drinks,DRK-01,4,22000,88000,Digital Wallet,Take Away
2011,SUN-8649166,20-06-2023,Beef Carbonara Pasta,Food,FOD-02,2,52000,104000,Cash,Take Away
2012,SUN-4420679,06-10-2023,Creamy Maycha Latte,Drinks,DRK-05,2,35000,70000,Cash,Dine in
2013,SUN-4145661,06-09-2023,Creamy Maycha Latte,Drinks,DRK-05,3,35000,105000,Digital Wallet,Online Order
2014,SUN-9039407,18-08-2023,Cafe Latte,Drinks,DRK-03,3,32000,96000,Cash,Take Away
2015,SUN-2153188,27-03-2023,Cafe Latte,Drinks,DRK-03,3,32000,96000,Debit Card,Take Away
2016,SUN-1968981,07-04-2023,Beef Carbonara Pasta,Food,FOD-02,2,52000,104000,Cash,Online Order
2017,SUN-2514082,19-09-2023,Club Sandwich,Food,FOD-05,1,45000,45000,Digital Wallet,Online Order
2018,SUN-6439418,16-03-2023,Iced Americano,Drinks,DRK-02,3,28000,84000,Digital Wallet,Dine in
2019,SUN-3041526,29-06-2023,New York Cheesecake,Dessert,DST-03,4,42000,168000,Cash,Dine in
2020,SUN-2201099,20-06-2023,Choco Lava Cake,Dessert,DST-04,2,35000,70000,Digital Wallet,Take Away
2021,SUN-6260931,04-09-2023,Nasi Goreng Kampung,Food,FOD-03,3,38000,114000,Debit Card,Take Away
2022,SUN-4765938,29-01-2023,Grill Chicken Caesar Salad,Food,FOD-04,2,42000,84000,Debit Card,Take Away
2023,SUN-4373547,12-12-2023,Nasi Goreng Kampung,Food,FOD-03,2,38000,76000,Cash,Dine in
2024,SUN-9359463,06-06-2023,Fudgy Brownies,Dessert,DST-02,4,25000,100000,Digital Wallet,Take Away
2025,SUN-7588770,27-03-2023,Iced Americano,Drinks,DRK-02,1,28000,28000,Debit Card,Take Away
2026,SUN-7246542,14-09-2023,Club Sandwich,Food,FOD-05,4,45000,180000,Digital Wallet,Dine in
2027,SUN-9321715,28-05-2023,Grill Chicken Caesar Salad,Food,FOD-04,1,42000,42000,Digital Wallet,Take Away
2028,SUN-5115047,10-02-2023,Club Sandwich,Food,FOD-05,1,45000,45000,Digital Wallet,Dine in
2029,SUN-3353111,11-04-2023,Classic Tirmaisu,Dessert,DST-01,4,38000,152000,Digital Wallet,Take Away
2030,SUN-2708726,25-06-2023,Cinnamon Roll,Dessert,DST-05,1,28000,28000,Cash,Take Away
2031,SUN-5536657,20-01-2023,Classic Tirmaisu,Dessert,DST-01,3,38000,114000,Cash,Take Away
2032,SUN-2008497,12-07-2023,New York Cheesecake,Dessert,DST-03,1,42000,42000,Cash,Take Away
2033,SUN-2650488,16-08-2023,Espreso Single,Drinks,DRK-01,2,22000,44000,Cash,Take Away
2034,SUN-5717081,04-05-2023,Buttermilk Fried Chicken,Food,FOD-01,4,48000,192000,Digital Wallet,Dine in
2035,SUN-4945429,18-08-2023,Espreso Single,Drinks,DRK-01,4,22000,88000,Debit Card,Online Order
2036,SUN-8512315,16-08-2023,Choco Lava Cake,Dessert,DST-04,4,35000,140000,Digital Wallet,Dine in
2037,SUN-9080689,31-12-2023,Beef Carbonara Pasta,Food,FOD-02,2,52000,104000,Digital Wallet,Take Away
2038,SUN-6604384,28-07-2023,Club Sandwich,Food,FOD-05,3,45000,135000,Digital Wallet,Take Away
2039,SUN-2313831,08-08-2023,Iced Americano,Drinks,DRK-02,1,28000,28000,Digital Wallet,Take Away
2040,SUN-4639488,22-08-2023,Grill Chicken Caesar Salad,Food,FOD-04,3,42000,126000,Debit Card,Take Away
2041,SUN-1572514,01-02-2023,Cafe Latte,Drinks,DRK-03,3,32000,96000,Digital Wallet,Online Order
2042,SUN-6320071,24-01-2023,Iced Americano,Drinks,DRK-02,1,28000,28000,Digital Wallet,Online Order
2043,SUN-6185937,25-11-2023,Creamy Maycha Latte,Drinks,DRK-05,3,35000,105000,Debit Card,Online Order
2044,SUN-7710958,27-05-2023,Fudgy Brownies,Dessert,DST-02,1,25000,25000,Debit Card,Take Away
2045,SUN-4531119,06-01-2023,Beef Carbonara Pasta,Food,FOD-02,3,52000,156000,Digital Wallet,Dine in
2046,SUN-7954666,04-03-2023,Caramel Machiato,Drinks,DRK-04,4,38000,152000,Digital Wallet,Dine in
2047,SUN-1053136,21-04-2023,Buttermilk Fried Chicken,Food,FOD-01,3,48000,144000,Cash,Dine in
2048,SUN-5115206,12-09-2023,Choco Lava Cake,Dessert,DST-04,2,35000,70000,Digital Wallet,Online Order
2049,SUN-7570580,02-10-2023,Buttermilk Fried Chicken,Food,FOD-01,1,48000,48000,Cash,Take Away
2050,SUN-7238467,21-10-2023,Caramel Machiato,Drinks,DRK-04,4,38000,152000,Digital Wallet,Dine in
2051,SUN-6800340,28-02-2023,Cinnamon Roll,Dessert,DST-05,2,28000,56000,Debit Card,Take Away
2052,SUN-8653783,15-07-2023,Club Sandwich,Food,FOD-05,1,45000,45000,Debit Card,Take Away
2053,SUN-7657793,12-05-2023,Buttermilk Fried Chicken,Food,FOD-01,4,48000,192000,Cash,Dine in
2054,SUN-2280642,29-03-2023,Fudgy Brownies,Dessert,DST-02,2,25000,50000,Debit Card,Take Away
2055,SUN-6487682,06-11-2023,Fudgy Brownies,Dessert,DST-02,3,25000,75000,Digital Wallet,Take Away
2056,SUN-6504631,12-09-2023,Espreso Single,Drinks,DRK-01,4,22000,88000,Digital Wallet,Take Away
2057,SUN-9933166,06-05-2023,Fudgy Brownies,Dessert,DST-02,3,25000,75000,Digital Wallet,Dine in
2058,SUN-3464415,01-02-2023,Grill Chicken Caesar Salad,Food,FOD-04,1,42000,42000,Debit Card,Dine in
2059,SUN-8275109,30-03-2023,Club Sandwich,Food,FOD-05,4,45000,180000,Debit Card,Dine in
2060,SUN-6987030,20-06-2023,Caramel Machiato,Drinks,DRK-04,3,38000,114000,Cash,Take Away
2061,SUN-7276505,22-11-2023,Iced Americano,Drinks,DRK-02,4,28000,112000,Digital Wallet,Online Order
2062,SUN-2318099,20-10-2023,Nasi Goreng Kampung,Food,FOD-03,4,38000,152000,Digital Wallet,Dine in
2063,SUN-5507071,29-01-2023,Classic Tirmaisu,Dessert,DST-01,2,38000,76000,Cash,Take Away
2064,SUN-8675182,08-01-2023,Cinnamon Roll,Dessert,DST-05,3,28000,84000,Digital Wallet,Online Order
2065,SUN-2320848,09-11-2023,Espreso Single,Drinks,DRK-01,2,22000,44000,Debit Card,Dine in
2066,SUN-4923389,21-05-2023,New York Cheesecake,Dessert,DST-03,4,42000,168000,Digital Wallet,Dine in
2067,SUN-5470941,26-04-2023,Classic Tirmaisu,Dessert,DST-01,2,38000,76000,Cash,Take Away
2068,SUN-9140920,15-10-2023,Club Sandwich,Food,FOD-05,2,45000,90000,Digital Wallet,Take Away
2069,SUN-8886843,17-03-2023,New York Cheesecake,Dessert,DST-03,2,42000,84000,Debit Card,Take Away
2070,SUN-2798648,03-10-2023,Espreso Single,Drinks,DRK-01,4,22000,88000,Debit Card,Take Away
2071,SUN-3151199,28-06-2023,Caramel Machiato,Drinks,DRK-04,3,38000,114000,Debit Card,Online Order
2072,SUN-1051086,27-02-2023,Creamy Maycha Latte,Drinks,DRK-05,1,35000,35000,Debit Card,Online Order
2073,SUN-3727919,26-06-2023,Classic Tirmaisu,Dessert,DST-01,1,38000,38000,Digital Wallet,Take Away
2074,SUN-4771301,26-10-2023,Caramel Machiato,Drinks,DRK-04,4,38000,152000,Digital Wallet,Online Order
2075,SUN-6007515,19-12-2023,Fudgy Brownies,Dessert,DST-02,1,25000,25000,Debit Card,Online Order
2076,SUN-6367081,12-08-2023,Creamy Maycha Latte,Drinks,DRK-05,3,35000,105000,Debit Card,Online Order
2077,SUN-3325399,02-10-2023,Classic Tirmaisu,Dessert,DST-01,2,38000,76000,Digital Wallet,Dine in
2078,SUN-5087449,02-04-2023,Classic Tirmaisu,Dessert,DST-01,2,38000,76000,Debit Card,Dine in
2079,SUN-6965445,17-06-2023,Espreso Single,Drinks,DRK-01,3,22000,66000,Cash,Take Away
2080,SUN-8102008,27-03-2023,Club Sandwich,Food,FOD-05,4,45000,180000,Debit Card,Online Order
2081,SUN-9644344,24-07-2023,Creamy Maycha Latte,Drinks,DRK-05,3,35000,105000,Debit Card,Take Away
2082,SUN-1856740,30-05-2023,Creamy Maycha Latte,Drinks,DRK-05,4,35000,140000,Digital Wallet,Dine in
2083,SUN-6535772,27-04-2023,New York Cheesecake,Dessert,DST-03,4,42000,168000,Digital Wallet,Online Order
2084,SUN-5366381,24-02-2023,Grill Chicken Caesar Salad,Food,FOD-04,1,42000,42000,Digital Wallet,Online Order
2085,SUN-2567088,25-12-2023,Cafe Latte,Drinks,DRK-03,3,32000,96000,Debit Card,Online Order
2086,SUN-2985156,25-08-2023,Nasi Goreng Kampung,Food,FOD-03,2,38000,76000,Cash,Dine in
2087,SUN-5306472,21-05-2023,Choco Lava Cake,Dessert,DST-04,1,35000,35000,Debit Card,Take Away
2088,SUN-8659123,17-04-2023,Creamy Maycha Latte,Drinks,DRK-05,3,35000,105000,Debit Card,Dine in
2089,SUN-1243191,20-11-2023,Grill Chicken Caesar Salad,Food,FOD-04,4,42000,168000,Debit Card,Dine in
2090,SUN-5469634,06-03-2023,Nasi Goreng Kampung,Food,FOD-03,4,38000,152000,Debit Card,Dine in
2091,SUN-9451124,28-08-2023,Creamy Maycha Latte,Drinks,DRK-05,2,35000,70000,Debit Card,Dine in
2092,SUN-7713525,16-07-2023,Fudgy Brownies,Dessert,DST-02,3,25000,75000,Cash,Take Away
2093,SUN-5191501,01-12-2023,Fudgy Brownies,Dessert,DST-02,2,25000,50000,Debit Card,Dine in
2094,SUN-8072364,04-11-2023,Nasi Goreng Kampung,Food,FOD-03,2,38000,76000,Debit Card,Online Order
2095,SUN-3476689,10-05-2023,Creamy Maycha Latte,Drinks,DRK-05,1,35000,35000,Digital Wallet,Dine in
2096,SUN-8892075,17-08-2023,Iced Americano,Drinks,DRK-02,3,28000,84000,Debit Card,Take Away
2097,SUN-7684837,02-06-2023,Beef Carbonara Pasta,Food,FOD-02,4,52000,208000,Debit Card,Dine in
2098,SUN-3590050,10-01-2023,Buttermilk Fried Chicken,Food,FOD-01,2,48000,96000,Debit Card,Dine in
2099,SUN-7469743,15-05-2023,Espreso Single,Drinks,DRK-01,4,22000,88000,Digital Wallet,Online Order
2100,SUN-9882966,26-07-2023,Beef Carbonara Pasta,Food,FOD-02,1,52000,52000,Cash,Take Away
2101,SUN-9042224,29-10-2023,Beef Carbonara Pasta,Food,FOD-02,4,52000,208000,Debit Card,Online Order
2102,SUN-7407832,31-12-2023,Fudgy Brownies,Dessert,DST-02,4,25000,100000,Debit Card,Dine in
2103,SUN-8910573,14-12-2023,Cafe Latte,Drinks,DRK-03,3,32000,96000,Digital Wallet,Dine in
2104,SUN-3709994,06-02-2023,Iced Americano,Drinks,DRK-02,2,28000,56000,Digital Wallet,Dine in
2105,SUN-2302083,28-10-2023,Cinnamon Roll,Dessert,DST-05,4,28000,112000,Debit Card,Dine in
2106,SUN-4887739,20-03-2023,Beef Carbonara Pasta,Food,FOD-02,4,52000,208000,Digital Wallet,Dine in
2107,SUN-7050539,14-06-2023,Cafe Latte,Drinks,DRK-03,1,32000,32000,Digital Wallet,Online Order
2108,SUN-1962579,11-07-2023,Caramel Machiato,Drinks,DRK-04,2,38000,76000,Digital Wallet,Online Order
2109,SUN-6956463,30-10-2023,Club Sandwich,Food,FOD-05,2,45000,90000,Debit Card,Take Away
2110,SUN-4152654,22-09-2023,Nasi Goreng Kampung,Food,FOD-03,2,38000,76000,Debit Card,Take Away
2111,SUN-4017237,24-09-2023,Cafe Latte,Drinks,DRK-03,1,32000,32000,Digital Wallet,Online Order
2112,SUN-5846940,22-12-2023,Club Sandwich,Food,FOD-05,2,45000,90000,Digital Wallet,Take Away
2113,SUN-3944283,09-07-2023,Classic Tirmaisu,Dessert,DST-01,3,38000,114000,Cash,Take Away
2114,SUN-1944937,14-03-2023,Club Sandwich,Food,FOD-05,2,45000,90000,Debit Card,Dine in
2115,SUN-2968034,08-03-2023,Caramel Machiato,Drinks,DRK-04,1,38000,38000,Debit Card,Take Away
2116,SUN-7742495,27-10-2023,New York Cheesecake,Dessert,DST-03,1,42000,42000,Debit Card,Take Away
2117,SUN-9391834,28-03-2023,Cafe Latte,Drinks,DRK-03,3,32000,96000,Debit Card,Online Order
2118,SUN-2425123,11-05-2023,Creamy Maycha Latte,Drinks,DRK-05,1,35000,35000,Digital Wallet,Online Order
2119,SUN-2676453,14-09-2023,Caramel Machiato,Drinks,DRK-04,1,38000,38000,Digital Wallet,Dine in
2120,SUN-6655311,21-05-2023,Cinnamon Roll,Dessert,DST-05,1,28000,28000,Digital Wallet,Take Away
2121,SUN-6301022,14-03-2023,Caramel Machiato,Drinks,DRK-04,4,38000,152000,Debit Card,Take Away
2122,SUN-2388731,21-05-2023,Buttermilk Fried Chicken,Food,FOD-01,4,48000,192000,Cash,Take Away
2123,SUN-3419900,24-07-2023,Iced Americano,Drinks,DRK-02,4,28000,112000,Digital Wallet,Online Order
2124,SUN-2004547,11-08-2023,Club Sandwich,Food,FOD-05,2,45000,90000,Debit Card,Take Away
2125,SUN-7078211,21-10-2023,Fudgy Brownies,Dessert,DST-02,2,25000,50000,Cash,Dine in
2126,SUN-3349438,29-03-2023,Caramel Machiato,Drinks,DRK-04,3,38000,114000,Digital Wallet,Take Away
2127,SUN-9015946,27-08-2023,Espreso Single,Drinks,DRK-01,3,22000,66000,Digital Wallet,Take Away
2128,SUN-8242522,11-11-2023,Cinnamon Roll,Dessert,DST-05,2,28000,56000,Digital Wallet,Take Away
2129,SUN-3510597,11-08-2023,Grill Chicken Caesar Salad,Food,FOD-04,3,42000,126000,Debit Card,Dine in
2130,SUN-5285610,09-10-2023,Espreso Single,Drinks,DRK-01,4,22000,88000,Debit Card,Online Order
2131,SUN-6144091,05-04-2023,Beef Carbonara Pasta,Food,FOD-02,3,52000,156000,Digital Wallet,Online Order
2132,SUN-7367054,22-10-2023,Beef Carbonara Pasta,Food,FOD-02,2,52000,104000,Digital Wallet,Take Away
2133,SUN-8526935,13-02-2023,Nasi Goreng Kampung,Food,FOD-03,4,38000,152000,Debit Card,Online Order
2134,SUN-7633965,04-09-2023,Creamy Maycha Latte,Drinks,DRK-05,3,35000,105000,Cash,Take Away
2135,SUN-1109791,13-01-2023,Cinnamon Roll,Dessert,DST-05,3,28000,84000,Cash,Take Away
2136,SUN-1017352,15-05-2023,Classic Tirmaisu,Dessert,DST-01,3,38000,114000,Debit Card,Dine in
2137,SUN-9477139,17-01-2023,Iced Americano,Drinks,DRK-02,2,28000,56000,Debit Card,Dine in
2138,SUN-3175554,03-06-2023,Espreso Single,Drinks,DRK-01,2,22000,44000,Cash,Dine in
2139,SUN-7399176,26-03-2023,Cinnamon Roll,Dessert,DST-05,2,28000,56000,Debit Card,Take Away
2140,SUN-8570568,21-04-2023,Creamy Maycha Latte,Drinks,DRK-05,2,35000,70000,Debit Card,Dine in
2141,SUN-5438790,23-07-2023,Fudgy Brownies,Dessert,DST-02,1,25000,25000,Digital Wallet,Dine in
2142,SUN-6499029,22-08-2023,Classic Tirmaisu,Dessert,DST-01,3,38000,114000,Digital Wallet,Online Order
2143,SUN-4288925,04-06-2023,Fudgy Brownies,Dessert,DST-02,1,25000,25000,Debit Card,Dine in
2144,SUN-2341769,03-02-2023,Choco Lava Cake,Dessert,DST-04,2,35000,70000,Cash,Dine in
2145,SUN-6572948,16-03-2023,Nasi Goreng Kampung,Food,FOD-03,2,38000,76000,Debit Card,Take Away
2146,SUN-6907020,17-07-2023,Buttermilk Fried Chicken,Food,FOD-01,3,48000,144000,Digital Wallet,Dine in
2147,SUN-5810361,21-04-2023,Grill Chicken Caesar Salad,Food,FOD-04,3,42000,126000,Digital Wallet,Online Order
2148,SUN-8088449,11-01-2023,Beef Carbonara Pasta,Food,FOD-02,2,52000,104000,Cash,Dine in
2149,SUN-7466121,18-06-2023,Choco Lava Cake,Dessert,DST-04,3,35000,105000,Digital Wallet,Take Away
2150,SUN-3408169,31-10-2023,Nasi Goreng Kampung,Food,FOD-03,2,38000,76000,Debit Card,Online Order
2151,SUN-9744458,19-10-2023,Espreso Single,Drinks,DRK-01,1,22000,22000,Debit Card,Online Order
2152,SUN-2510104,02-01-2023,Cinnamon Roll,Dessert,DST-05,1,28000,28000,Debit Card,Online Order
2153,SUN-4029153,28-08-2023,Club Sandwich,Food,FOD-05,4,45000,180000,Digital Wallet,Online Order
2154,SUN-5810365,15-03-2023,Espreso Single,Drinks,DRK-01,3,22000,66000,Digital Wallet,Take Away
2155,SUN-2106636,15-01-2023,Buttermilk Fried Chicken,Food,FOD-01,4,48000,192000,Debit Card,Take Away
2156,SUN-8139902,05-07-2023,New York Cheesecake,Dessert,DST-03,3,42000,126000,Debit Card,Online Order
2157,SUN-1692869,25-06-2023,Caramel Machiato,Drinks,DRK-04,3,38000,114000,Digital Wallet,Dine in
2158,SUN-3912259,25-02-2023,Cafe Latte,Drinks,DRK-03,3,32000,96000,Cash,Take Away
2159,SUN-4333367,09-03-2023,Nasi Goreng Kampung,Food,FOD-03,4,38000,152000,Digital Wallet,Dine in
2160,SUN-1005621,19-05-2023,Iced Americano,Drinks,DRK-02,1,28000,28000,Debit Card,Online Order
2161,SUN-7321420,09-11-2023,New York Cheesecake,Dessert,DST-03,1,42000,42000,Debit Card,Dine in
2162,SUN-3467856,14-02-2023,Creamy Maycha Latte,Drinks,DRK-05,4,35000,140000,Debit Card,Dine in
2163,SUN-2171594,19-11-2023,Espreso Single,Drinks,DRK-01,1,22000,22000,Debit Card,Take Away
2164,SUN-6833792,23-06-2023,Club Sandwich,Food,FOD-05,2,45000,90000,Cash,Dine in
2165,SUN-2028039,22-07-2023,Fudgy Brownies,Dessert,DST-02,1,25000,25000,Debit Card,Online Order
2166,SUN-7877977,22-12-2023,Choco Lava Cake,Dessert,DST-04,3,35000,105000,Digital Wallet,Take Away
2167,SUN-1285450,26-09-2023,Cafe Latte,Drinks,DRK-03,3,32000,96000,Cash,Take Away
2168,SUN-3024348,28-04-2023,Cafe Latte,Drinks,DRK-03,4,32000,128000,Cash,Take Away
2169,SUN-4246545,08-09-2023,Cafe Latte,Drinks,DRK-03,4,32000,128000,Debit Card,Dine in
2170,SUN-2731337,04-09-2023,Classic Tirmaisu,Dessert,DST-01,1,38000,38000,Debit Card,Dine in
2171,SUN-8672329,03-02-2023,Choco Lava Cake,Dessert,DST-04,4,35000,140000,Debit Card,Take Away
2172,SUN-3893229,03-07-2023,Nasi Goreng Kampung,Food,FOD-03,4,38000,152000,Debit Card,Take Away
2173,SUN-4597677,12-04-2023,New York Cheesecake,Dessert,DST-03,3,42000,126000,Cash,Take Away
2174,SUN-2299699,26-07-2023,Beef Carbonara Pasta,Food,FOD-02,2,52000,104000,Digital Wallet,Dine in
2175,SUN-2566746,25-03-2023,Creamy Maycha Latte,Drinks,DRK-05,2,35000,70000,Digital Wallet,Online Order
2176,SUN-5883849,28-07-2023,Cafe Latte,Drinks,DRK-03,3,32000,96000,Debit Card,Take Away
2177,SUN-8211751,30-09-2023,Cinnamon Roll,Dessert,DST-05,1,28000,28000,Debit Card,Online Order
2178,SUN-7017921,04-10-2023,Classic Tirmaisu,Dessert,DST-01,2,38000,76000,Debit Card,Dine in
2179,SUN-9072787,17-12-2023,Buttermilk Fried Chicken,Food,FOD-01,1,48000,48000,Cash,Take Away
2180,SUN-9195855,15-02-2023,Nasi Goreng Kampung,Food,FOD-03,3,38000,114000,Debit Card,Online Order
2181,SUN-4801674,25-03-2023,Buttermilk Fried Chicken,Food,FOD-01,2,48000,96000,Digital Wallet,Dine in
2182,SUN-1672860,28-10-2023,Creamy Maycha Latte,Drinks,DRK-05,3,35000,105000,Digital Wallet,Online Order
2183,SUN-5917943,27-07-2023,Espreso Single,Drinks,DRK-01,1,22000,22000,Digital Wallet,Online Order
2184,SUN-3116838,23-05-2023,Creamy Maycha Latte,Drinks,DRK-05,1,35000,35000,Debit Card,Dine in
2185,SUN-6560468,18-07-2023,Club Sandwich,Food,FOD-05,4,45000,180000,Cash,Take Away
2186,SUN-4895208,20-08-2023,Espreso Single,Drinks,DRK-01,1,22000,22000,Debit Card,Take Away
2187,SUN-7933979,04-04-2023,Caramel Machiato,Drinks,DRK-04,1,38000,38000,Digital Wallet,Dine in
2188,SUN-9956407,02-04-2023,Beef Carbonara Pasta,Food,FOD-02,2,52000,104000,Debit Card,Dine in
2189,SUN-1099448,01-10-2023,Creamy Maycha Latte,Drinks,DRK-05,1,35000,35000,Cash,Take Away
2190,SUN-3325829,25-12-2023,Iced Americano,Drinks,DRK-02,1,28000,28000,Digital Wallet,Dine in
2191,SUN-3898483,18-02-2023,Cafe Latte,Drinks,DRK-03,1,32000,32000,Cash,Take Away
2192,SUN-1355845,30-06-2023,Classic Tirmaisu,Dessert,DST-01,1,38000,38000,Cash,Take Away
2193,SUN-4718431,16-05-2023,New York Cheesecake,Dessert,DST-03,1,42000,42000,Digital Wallet,Take Away
2194,SUN-5541913,08-03-2023,Espreso Single,Drinks,DRK-01,4,22000,88000,Digital Wallet,Online Order
2195,SUN-5186861,07-06-2023,Creamy Maycha Latte,Drinks,DRK-05,1,35000,35000,Cash,Dine in
2196,SUN-2381642,28-03-2023,Cafe Latte,Drinks,DRK-03,1,32000,32000,Debit Card,Take Away
2197,SUN-1331922,14-12-2023,Choco Lava Cake,Dessert,DST-04,1,35000,35000,Digital Wallet,Dine in
2198,SUN-8270636,18-03-2023,Choco Lava Cake,Dessert,DST-04,4,35000,140000,Cash,Online Order
2199,SUN-4930499,07-09-2023,Beef Carbonara Pasta,Food,FOD-02,4,52000,208000,Cash,Take Away
2200,SUN-9740326,28-06-2023,Nasi Goreng Kampung,Food,FOD-03,1,38000,38000,Digital Wallet,Take Away
2201,SUN-3722283,17-09-2023,Fudgy Brownies,Dessert,DST-02,3,25000,75000,Digital Wallet,Dine in
2202,SUN-2448512,10-08-2023,New York Cheesecake,Dessert,DST-03,3,42000,126000,Digital Wallet,Online Order
2203,SUN-8851888,31-12-2023,Club Sandwich,Food,FOD-05,1,45000,45000,Cash,Take Away
2204,SUN-7911928,13-07-2023,Nasi Goreng Kampung,Food,FOD-03,1,38000,38000,Debit Card,Online Order
2205,SUN-2964210,24-03-2023,New York Cheesecake,Dessert,DST-03,3,42000,126000,Cash,Take Away
2206,SUN-6973354,10-06-2023,New York Cheesecake,Dessert,DST-03,1,42000,42000,Cash,Dine in
2207,SUN-5176439,09-08-2023,Classic Tirmaisu,Dessert,DST-01,3,38000,114000,Cash,Dine in
2208,SUN-7820770,01-05-2023,Club Sandwich,Food,FOD-05,4,45000,180000,Debit Card,Take Away
2209,SUN-4776762,09-02-2023,Espreso Single,Drinks,DRK-01,4,22000,88000,Digital Wallet,Online Order
2210,SUN-3666452,22-03-2023,Buttermilk Fried Chicken,Food,FOD-01,4,48000,192000,Cash,Online Order
2211,SUN-6438118,01-03-2023,Beef Carbonara Pasta,Food,FOD-02,3,52000,156000,Cash,Dine in
2212,SUN-9352697,26-10-2023,Classic Tirmaisu,Dessert,DST-01,4,38000,152000,Debit Card,Online Order
2213,SUN-8163063,12-09-2023,Grill Chicken Caesar Salad,Food,FOD-04,4,42000,168000,Digital Wallet,Online Order
2214,SUN-4146666,29-11-2023,Fudgy Brownies,Dessert,DST-02,4,25000,100000,Digital Wallet,Dine in
2215,SUN-7156144,29-10-2023,Choco Lava Cake,Dessert,DST-04,4,35000,140000,Cash,Dine in
2216,SUN-8884791,12-03-2023,Beef Carbonara Pasta,Food,FOD-02,2,52000,104000,Debit Card,Dine in
2217,SUN-7205994,21-08-2023,Choco Lava Cake,Dessert,DST-04,3,35000,105000,Cash,Take Away
2218,SUN-2926489,04-12-2023,New York Cheesecake,Dessert,DST-03,2,42000,84000,Debit Card,Online Order
2219,SUN-2898599,31-07-2023,Cafe Latte,Drinks,DRK-03,3,32000,96000,Debit Card,Online Order
2220,SUN-2550313,27-08-2023,Beef Carbonara Pasta,Food,FOD-02,3,52000,156000,Debit Card,Take Away
2221,SUN-4486283,16-10-2023,Grill Chicken Caesar Salad,Food,FOD-04,4,42000,168000,Debit Card,Dine in
2222,SUN-2645664,22-01-2023,Cafe Latte,Drinks,DRK-03,2,32000,64000,Cash,Take Away
2223,SUN-2784079,16-12-2023,Nasi Goreng Kampung,Food,FOD-03,4,38000,152000,Digital Wallet,Take Away
2224,SUN-5346374,03-11-2023,Iced Americano,Drinks,DRK-02,4,28000,112000,Debit Card,Online Order
2225,SUN-7205772,04-12-2023,New York Cheesecake,Dessert,DST-03,3,42000,126000,Cash,Take Away
2226,SUN-2917617,02-02-2023,Grill Chicken Caesar Salad,Food,FOD-04,1,42000,42000,Digital Wallet,Dine in
2227,SUN-1779721,23-10-2023,Grill Chicken Caesar Salad,Food,FOD-04,1,42000,42000,Digital Wallet,Dine in
2228,SUN-7583300,31-10-2023,New York Cheesecake,Dessert,DST-03,3,42000,126000,Debit Card,Online Order
2229,SUN-4394730,07-06-2023,Creamy Maycha Latte,Drinks,DRK-05,2,35000,70000,Digital Wallet,Dine in
2230,SUN-4776045,09-03-2023,Caramel Machiato,Drinks,DRK-04,3,38000,114000,Cash,Dine in
2231,SUN-4318025,07-10-2023,Creamy Maycha Latte,Drinks,DRK-05,3,35000,105000,Debit Card,Dine in
2232,SUN-9450998,27-02-2023,Iced Americano,Drinks,DRK-02,1,28000,28000,Debit Card,Take Away
2233,SUN-9651033,27-03-2023,Buttermilk Fried Chicken,Food,FOD-01,2,48000,96000,Digital Wallet,Online Order
2234,SUN-7394050,04-09-2023,Caramel Machiato,Drinks,DRK-04,4,38000,152000,Debit Card,Take Away
2235,SUN-6010439,26-11-2023,Espreso Single,Drinks,DRK-01,1,22000,22000,Digital Wallet,Dine in
2236,SUN-1476674,08-12-2023,Espreso Single,Drinks,DRK-01,3,22000,66000,Cash,Dine in
2237,SUN-3461991,13-04-2023,Espreso Single,Drinks,DRK-01,3,22000,66000,Debit Card,Online Order
2238,SUN-9089060,15-01-2023,New York Cheesecake,Dessert,DST-03,4,42000,168000,Cash,Dine in
2239,SUN-2424789,24-12-2023,Iced Americano,Drinks,DRK-02,4,28000,112000,Cash,Take Away
2240,SUN-2626286,25-10-2023,Club Sandwich,Food,FOD-05,2,45000,90000,Digital Wallet,Dine in
2241,SUN-8462249,21-04-2023,New York Cheesecake,Dessert,DST-03,3,42000,126000,Digital Wallet,Online Order
2242,SUN-9931551,29-01-2023,Iced Americano,Drinks,DRK-02,3,28000,84000,Cash,Take Away
2243,SUN-3847913,07-04-2023,Cinnamon Roll,Dessert,DST-05,2,28000,56000,Digital Wallet,Dine in
2244,SUN-6425556,21-04-2023,Beef Carbonara Pasta,Food,FOD-02,2,52000,104000,Debit Card,Take Away
2245,SUN-5815407,03-05-2023,New York Cheesecake,Dessert,DST-03,4,42000,168000,Digital Wallet,Take Away
2246,SUN-8512085,17-07-2023,Creamy Maycha Latte,Drinks,DRK-05,2,35000,70000,Debit Card,Dine in
2247,SUN-8969726,27-06-2023,Beef Carbonara Pasta,Food,FOD-02,3,52000,156000,Debit Card,Take Away
2248,SUN-5783228,06-05-2023,Cafe Latte,Drinks,DRK-03,1,32000,32000,Digital Wallet,Online Order
2249,SUN-9872056,15-03-2023,Cafe Latte,Drinks,DRK-03,4,32000,128000,Cash,Dine in
2250,SUN-1512499,21-12-2023,Creamy Maycha Latte,Drinks,DRK-05,3,35000,105000,Debit Card,Online Order
2251,SUN-2210982,07-04-2023,Espreso Single,Drinks,DRK-01,4,22000,88000,Cash,Take Away
2252,SUN-5625679,19-02-2023,Grill Chicken Caesar Salad,Food,FOD-04,3,42000,126000,Debit Card,Dine in
2253,SUN-7430626,19-11-2023,Club Sandwich,Food,FOD-05,2,45000,90000,Debit Card,Online Order
2254,SUN-4755621,17-08-2023,Caramel Machiato,Drinks,DRK-04,4,38000,152000,Debit Card,Take Away
2255,SUN-6492940,06-12-2023,Grill Chicken Caesar Salad,Food,FOD-04,3,42000,126000,Digital Wallet,Dine in
2256,SUN-7173519,12-04-2023,Cafe Latte,Drinks,DRK-03,3,32000,96000,Digital Wallet,Online Order
2257,SUN-6728432,26-02-2023,Club Sandwich,Food,FOD-05,2,45000,90000,Cash,Take Away
2258,SUN-8238793,20-07-2023,Cafe Latte,Drinks,DRK-03,3,32000,96000,Debit Card,Take Away
2259,SUN-8658769,11-06-2023,Grill Chicken Caesar Salad,Food,FOD-04,3,42000,126000,Debit Card,Online Order
2260,SUN-9894484,12-01-2023,Grill Chicken Caesar Salad,Food,FOD-04,4,42000,168000,Digital Wallet,Take Away
2261,SUN-4379681,03-06-2023,Club Sandwich,Food,FOD-05,3,45000,135000,Cash,Dine in
2262,SUN-1083122,27-08-2023,Fudgy Brownies,Dessert,DST-02,1,25000,25000,Cash,Dine in
2263,SUN-6573074,30-10-2023,Club Sandwich,Food,FOD-05,2,45000,90000,Cash,Online Order
2264,SUN-3453769,04-11-2023,Nasi Goreng Kampung,Food,FOD-03,2,38000,76000,Cash,Dine in
2265,SUN-6573647,30-08-2023,Choco Lava Cake,Dessert,DST-04,2,35000,70000,Cash,Dine in
2266,SUN-5928766,12-04-2023,Iced Americano,Drinks,DRK-02,4,28000,112000,Debit Card,Dine in
2267,SUN-6210225,29-05-2023,New York Cheesecake,Dessert,DST-03,4,42000,168000,Cash,Online Order
2268,SUN-9433874,21-04-2023,Beef Carbonara Pasta,Food,FOD-02,4,52000,208000,Debit Card,Take Away
2269,SUN-5202292,26-08-2023,Fudgy Brownies,Dessert,DST-02,3,25000,75000,Debit Card,Dine in
2270,SUN-1141500,08-03-2023,Iced Americano,Drinks,DRK-02,4,28000,112000,Cash,Take Away
2271,SUN-1665358,09-08-2023,Buttermilk Fried Chicken,Food,FOD-01,1,48000,48000,Cash,Dine in
2272,SUN-4160058,07-06-2023,Club Sandwich,Food,FOD-05,2,45000,90000,Digital Wallet,Dine in
2273,SUN-7566193,18-03-2023,Classic Tirmaisu,Dessert,DST-01,1,38000,38000,Cash,Take Away
2274,SUN-6649793,20-02-2023,Nasi Goreng Kampung,Food,FOD-03,2,38000,76000,Cash,Dine in
2275,SUN-5208288,17-10-2023,Buttermilk Fried Chicken,Food,FOD-01,4,48000,192000,Digital Wallet,Take Away
2276,SUN-4155536,27-01-2023,Choco Lava Cake,Dessert,DST-04,2,35000,70000,Debit Card,Take Away
2277,SUN-1097654,19-06-2023,Cafe Latte,Drinks,DRK-03,2,32000,64000,Digital Wallet,Online Order
2278,SUN-1268858,23-08-2023,Creamy Maycha Latte,Drinks,DRK-05,3,35000,105000,Digital Wallet,Take Away
2279,SUN-2563494,20-11-2023,Cafe Latte,Drinks,DRK-03,4,32000,128000,Cash,Take Away
2280,SUN-9916002,19-02-2023,Creamy Maycha Latte,Drinks,DRK-05,1,35000,35000,Cash,Take Away
2281,SUN-8974313,31-08-2023,Cinnamon Roll,Dessert,DST-05,2,28000,56000,Debit Card,Take Away
2282,SUN-8041036,28-12-2023,Grill Chicken Caesar Salad,Food,FOD-04,3,42000,126000,Debit Card,Take Away
2283,SUN-2829301,25-02-2023,Grill Chicken Caesar Salad,Food,FOD-04,1,42000,42000,Cash,Dine in
2284,SUN-1295997,28-04-2023,Cinnamon Roll,Dessert,DST-05,3,28000,84000,Cash,Take Away
2285,SUN-2864181,04-10-2023,Club Sandwich,Food,FOD-05,4,45000,180000,Debit Card,Dine in
2286,SUN-2552480,06-10-2023,Beef Carbonara Pasta,Food,FOD-02,3,52000,156000,Debit Card,Dine in
2287,SUN-3509702,01-08-2023,Cinnamon Roll,Dessert,DST-05,2,28000,56000,Debit Card,Online Order
2288,SUN-7851950,24-11-2023,Cafe Latte,Drinks,DRK-03,4,32000,128000,Digital Wallet,Take Away
2289,SUN-1271380,17-07-2023,Nasi Goreng Kampung,Food,FOD-03,3,38000,114000,Debit Card,Dine in
2290,SUN-7001805,05-08-2023,Cinnamon Roll,Dessert,DST-05,1,28000,28000,Cash,Dine in
2291,SUN-2208391,03-06-2023,Cinnamon Roll,Dessert,DST-05,2,28000,56000,Digital Wallet,Dine in
2292,SUN-1007403,03-02-2023,Iced Americano,Drinks,DRK-02,1,28000,28000,Digital Wallet,Online Order
2293,SUN-6535297,30-08-2023,Classic Tirmaisu,Dessert,DST-01,3,38000,114000,Cash,Take Away
2294,SUN-6832711,07-08-2023,Club Sandwich,Food,FOD-05,2,45000,90000,Cash,Take Away
2295,SUN-2113366,24-01-2023,Cafe Latte,Drinks,DRK-03,4,32000,128000,Digital Wallet,Dine in
2296,SUN-8273500,20-06-2023,Iced Americano,Drinks,DRK-02,3,28000,84000,Cash,Dine in
2297,SUN-9154562,03-07-2023,Buttermilk Fried Chicken,Food,FOD-01,4,48000,192000,Debit Card,Online Order
2298,SUN-1550019,02-07-2023,Grill Chicken Caesar Salad,Food,FOD-04,1,42000,42000,Debit Card,Online Order
2299,SUN-8135382,08-12-2023,Cafe Latte,Drinks,DRK-03,1,32000,32000,Debit Card,Dine in
2300,SUN-8068732,17-05-2023,Cinnamon Roll,Dessert,DST-05,4,28000,112000,Debit Card,Dine in
2301,SUN-1744063,16-03-2023,Cinnamon Roll,Dessert,DST-05,4,28000,112000,Cash,Dine in
2302,SUN-9707478,16-11-2023,Beef Carbonara Pasta,Food,FOD-02,1,52000,52000,Cash,Dine in
2303,SUN-9642707,20-02-2023,Choco Lava Cake,Dessert,DST-04,3,35000,105000,Cash,Online Order
2304,SUN-3456370,19-01-2023,Nasi Goreng Kampung,Food,FOD-03,1,38000,38000,Debit Card,Take Away
2305,SUN-7445775,30-05-2023,Club Sandwich,Food,FOD-05,1,45000,45000,Debit Card,Online Order
2306,SUN-3040263,30-01-2023,Iced Americano,Drinks,DRK-02,2,28000,56000,Debit Card,Online Order
2307,SUN-2374877,09-07-2023,New York Cheesecake,Dessert,DST-03,4,42000,168000,Debit Card,Online Order
2308,SUN-3533406,07-08-2023,Caramel Machiato,Drinks,DRK-04,2,38000,76000,Cash,Dine in
2309,SUN-7965012,18-05-2023,Club Sandwich,Food,FOD-05,4,45000,180000,Cash,Take Away
2310,SUN-2745371,06-03-2023,Choco Lava Cake,Dessert,DST-04,2,35000,70000,Cash,Take Away
2311,SUN-8075798,26-06-2023,Classic Tirmaisu,Dessert,DST-01,1,38000,38000,Digital Wallet,Dine in
2312,SUN-1476814,12-06-2023,Choco Lava Cake,Dessert,DST-04,4,35000,140000,Digital Wallet,Online Order
2313,SUN-6381111,04-09-2023,Creamy Maycha Latte,Drinks,DRK-05,3,35000,105000,Digital Wallet,Dine in
2314,SUN-7298310,27-11-2023,Espreso Single,Drinks,DRK-01,2,22000,44000,Digital Wallet,Dine in
2315,SUN-9500354,17-10-2023,Iced Americano,Drinks,DRK-02,4,28000,112000,Digital Wallet,Dine in
2316,SUN-4980839,03-12-2023,Cafe Latte,Drinks,DRK-03,4,32000,128000,Digital Wallet,Dine in
2317,SUN-9924724,19-01-2023,Choco Lava Cake,Dessert,DST-04,2,35000,70000,Cash,Take Away
2318,SUN-7503651,21-12-2023,Classic Tirmaisu,Dessert,DST-01,4,38000,152000,Debit Card,Dine in
2319,SUN-1857703,20-05-2023,Creamy Maycha Latte,Drinks,DRK-05,1,35000,35000,Debit Card,Take Away
2320,SUN-3495770,08-12-2023,Iced Americano,Drinks,DRK-02,3,28000,84000,Digital Wallet,Online Order
2321,SUN-1918615,15-08-2023,Club Sandwich,Food,FOD-05,1,45000,45000,Debit Card,Dine in
2322,SUN-2904552,05-09-2023,Cafe Latte,Drinks,DRK-03,3,32000,96000,Digital Wallet,Dine in
2323,SUN-2199755,08-01-2023,Beef Carbonara Pasta,Food,FOD-02,1,52000,52000,Cash,Dine in
2324,SUN-8492719,10-01-2023,Iced Americano,Drinks,DRK-02,2,28000,56000,Debit Card,Take Away
2325,SUN-3549878,13-12-2023,Nasi Goreng Kampung,Food,FOD-03,4,38000,152000,Cash,Dine in
2326,SUN-7401156,10-05-2023,Beef Carbonara Pasta,Food,FOD-02,3,52000,156000,Debit Card,Take Away
2327,SUN-5887990,22-08-2023,Classic Tirmaisu,Dessert,DST-01,3,38000,114000,Digital Wallet,Online Order
2328,SUN-2021036,27-10-2023,Club Sandwich,Food,FOD-05,1,45000,45000,Debit Card,Dine in
2329,SUN-6261879,27-06-2023,Buttermilk Fried Chicken,Food,FOD-01,1,48000,48000,Digital Wallet,Dine in
2330,SUN-2328470,26-12-2023,Choco Lava Cake,Dessert,DST-04,4,35000,140000,Debit Card,Take Away
2331,SUN-1547092,13-06-2023,Caramel Machiato,Drinks,DRK-04,1,38000,38000,Cash,Take Away
2332,SUN-7060355,06-01-2023,Creamy Maycha Latte,Drinks,DRK-05,3,35000,105000,Digital Wallet,Online Order
2333,SUN-3681266,23-02-2023,Nasi Goreng Kampung,Food,FOD-03,3,38000,114000,Digital Wallet,Dine in
2334,SUN-1112762,13-06-2023,Iced Americano,Drinks,DRK-02,2,28000,56000,Digital Wallet,Online Order
2335,SUN-2960769,25-01-2023,Iced Americano,Drinks,DRK-02,4,28000,112000,Digital Wallet,Take Away
2336,SUN-8363361,14-11-2023,Choco Lava Cake,Dessert,DST-04,3,35000,105000,Debit Card,Dine in
2337,SUN-4062424,06-09-2023,Iced Americano,Drinks,DRK-02,4,28000,112000,Debit Card,Dine in
2338,SUN-5552440,23-01-2023,Choco Lava Cake,Dessert,DST-04,4,35000,140000,Cash,Dine in
2339,SUN-4272206,04-12-2023,Nasi Goreng Kampung,Food,FOD-03,1,38000,38000,Digital Wallet,Online Order
2340,SUN-6134318,12-12-2023,Grill Chicken Caesar Salad,Food,FOD-04,2,42000,84000,Debit Card,Online Order
2341,SUN-6195043,17-10-2023,Creamy Maycha Latte,Drinks,DRK-05,2,35000,70000,Debit Card,Take Away
2342,SUN-1597091,05-11-2023,Iced Americano,Drinks,DRK-02,2,28000,56000,Cash,Take Away
2343,SUN-1041405,08-01-2023,Fudgy Brownies,Dessert,DST-02,2,25000,50000,Cash,Dine in
2344,SUN-3722630,11-07-2023,Buttermilk Fried Chicken,Food,FOD-01,4,48000,192000,Cash,Take Away
2345,SUN-6931211,15-01-2023,Cinnamon Roll,Dessert,DST-05,4,28000,112000,Debit Card,Dine in
2346,SUN-6132438,26-04-2023,Fudgy Brownies,Dessert,DST-02,2,25000,50000,Debit Card,Online Order
2347,SUN-1734571,07-07-2023,Club Sandwich,Food,FOD-05,4,45000,180000,Debit Card,Take Away
2348,SUN-5569771,27-06-2023,Fudgy Brownies,Dessert,DST-02,1,25000,25000,Debit Card,Take Away
2349,SUN-4675207,29-07-2023,Grill Chicken Caesar Salad,Food,FOD-04,1,42000,42000,Debit Card,Dine in
2350,SUN-9574187,31-08-2023,Buttermilk Fried Chicken,Food,FOD-01,2,48000,96000,Digital Wallet,Take Away
2351,SUN-8873900,10-08-2023,Cafe Latte,Drinks,DRK-03,4,32000,128000,Digital Wallet,Dine in
2352,SUN-4673538,07-10-2023,Creamy Maycha Latte,Drinks,DRK-05,3,35000,105000,Cash,Take Away
2353,SUN-9667923,16-11-2023,Choco Lava Cake,Dessert,DST-04,3,35000,105000,Cash,Dine in
2354,SUN-3723719,17-03-2023,Grill Chicken Caesar Salad,Food,FOD-04,4,42000,168000,Digital Wallet,Take Away
2355,SUN-4740409,24-11-2023,Caramel Machiato,Drinks,DRK-04,4,38000,152000,Debit Card,Take Away
2356,SUN-3732627,19-10-2023,Cinnamon Roll,Dessert,DST-05,1,28000,28000,Debit Card,Dine in
2357,SUN-1208655,28-12-2023,Classic Tirmaisu,Dessert,DST-01,1,38000,38000,Debit Card,Take Away
2358,SUN-2980040,24-09-2023,Fudgy Brownies,Dessert,DST-02,2,25000,50000,Cash,Dine in
2359,SUN-7847217,02-05-2023,Espreso Single,Drinks,DRK-01,2,22000,44000,Digital Wallet,Dine in
2360,SUN-5871711,25-04-2023,Creamy Maycha Latte,Drinks,DRK-05,2,35000,70000,Digital Wallet,Dine in
2361,SUN-3405704,21-06-2023,Cafe Latte,Drinks,DRK-03,1,32000,32000,Debit Card,Dine in
2362,SUN-5829466,02-06-2023,Iced Americano,Drinks,DRK-02,2,28000,56000,Digital Wallet,Dine in
2363,SUN-9699420,29-12-2023,Espreso Single,Drinks,DRK-01,2,22000,44000,Cash,Take Away
2364,SUN-6681573,22-07-2023,New York Cheesecake,Dessert,DST-03,3,42000,126000,Cash,Dine in
2365,SUN-5408094,13-09-2023,Caramel Machiato,Drinks,DRK-04,3,38000,114000,Debit Card,Online Order
2366,SUN-3633271,02-09-2023,Espreso Single,Drinks,DRK-01,1,22000,22000,Digital Wallet,Online Order
2367,SUN-8500898,21-01-2023,Iced Americano,Drinks,DRK-02,2,28000,56000,Debit Card,Dine in
2368,SUN-4630384,02-11-2023,Cafe Latte,Drinks,DRK-03,4,32000,128000,Digital Wallet,Dine in
2369,SUN-7552515,28-11-2023,Beef Carbonara Pasta,Food,FOD-02,2,52000,104000,Debit Card,Online Order
2370,SUN-1269398,02-06-2023,Espreso Single,Drinks,DRK-01,2,22000,44000,Digital Wallet,Dine in
2371,SUN-5592594,14-08-2023,Buttermilk Fried Chicken,Food,FOD-01,4,48000,192000,Digital Wallet,Dine in
2372,SUN-6381766,06-03-2023,Classic Tirmaisu,Dessert,DST-01,3,38000,114000,Digital Wallet,Take Away
2373,SUN-4143185,12-03-2023,Beef Carbonara Pasta,Food,FOD-02,4,52000,208000,Debit Card,Online Order
2374,SUN-8897386,29-11-2023,Nasi Goreng Kampung,Food,FOD-03,2,38000,76000,Digital Wallet,Dine in
2375,SUN-9587093,07-05-2023,New York Cheesecake,Dessert,DST-03,3,42000,126000,Digital Wallet,Take Away
2376,SUN-8966283,02-11-2023,Cinnamon Roll,Dessert,DST-05,4,28000,112000,Debit Card,Online Order
2377,SUN-3222531,30-07-2023,Fudgy Brownies,Dessert,DST-02,3,25000,75000,Digital Wallet,Online Order
2378,SUN-7800422,27-05-2023,Nasi Goreng Kampung,Food,FOD-03,4,38000,152000,Debit Card,Online Order
2379,SUN-6285267,27-08-2023,Club Sandwich,Food,FOD-05,4,45000,180000,Debit Card,Dine in
2380,SUN-6428526,20-04-2023,Classic Tirmaisu,Dessert,DST-01,4,38000,152000,Cash,Take Away
2381,SUN-6857264,30-05-2023,Cinnamon Roll,Dessert,DST-05,4,28000,112000,Cash,Take Away
2382,SUN-6381486,27-07-2023,Beef Carbonara Pasta,Food,FOD-02,3,52000,156000,Digital Wallet,Dine in
2383,SUN-8558090,29-09-2023,Fudgy Brownies,Dessert,DST-02,3,25000,75000,Debit Card,Take Away
2384,SUN-3496430,06-06-2023,Club Sandwich,Food,FOD-05,4,45000,180000,Cash,Take Away
2385,SUN-7449929,14-07-2023,Cafe Latte,Drinks,DRK-03,2,32000,64000,Digital Wallet,Online Order
2386,SUN-7748406,07-02-2023,Nasi Goreng Kampung,Food,FOD-03,1,38000,38000,Digital Wallet,Take Away
2387,SUN-5795795,22-12-2023,Buttermilk Fried Chicken,Food,FOD-01,2,48000,96000,Debit Card,Online Order
2388,SUN-1865931,23-01-2023,Buttermilk Fried Chicken,Food,FOD-01,3,48000,144000,Digital Wallet,Dine in
2389,SUN-3691134,08-11-2023,Nasi Goreng Kampung,Food,FOD-03,3,38000,114000,Digital Wallet,Dine in
2390,SUN-1069008,11-09-2023,Beef Carbonara Pasta,Food,FOD-02,2,52000,104000,Debit Card,Dine in
2391,SUN-3467645,24-02-2023,Grill Chicken Caesar Salad,Food,FOD-04,4,42000,168000,Cash,Take Away
2392,SUN-4703957,27-03-2023,Club Sandwich,Food,FOD-05,3,45000,135000,Digital Wallet,Take Away
2393,SUN-3632591,07-02-2023,Classic Tirmaisu,Dessert,DST-01,2,38000,76000,Debit Card,Online Order
2394,SUN-9824254,30-03-2023,Buttermilk Fried Chicken,Food,FOD-01,3,48000,144000,Digital Wallet,Online Order
2395,SUN-7265204,08-11-2023,Nasi Goreng Kampung,Food,FOD-03,3,38000,114000,Cash,Take Away
2396,SUN-4838819,25-12-2023,Creamy Maycha Latte,Drinks,DRK-05,4,35000,140000,Cash,Take Away
2397,SUN-3925857,10-08-2023,Cinnamon Roll,Dessert,DST-05,3,28000,84000,Digital Wallet,Online Order
2398,SUN-6759300,14-07-2023,Espreso Single,Drinks,DRK-01,1,22000,22000,Debit Card,Take Away
2399,SUN-8953751,23-12-2023,Espreso Single,Drinks,DRK-01,3,22000,66000,Debit Card,Dine in
2400,SUN-9339166,02-04-2023,Nasi Goreng Kampung,Food,FOD-03,2,38000,76000,Debit Card,Dine in
2401,SUN-7408190,09-06-2023,Nasi Goreng Kampung,Food,FOD-03,3,38000,114000,Cash,Dine in
2402,SUN-8897744,31-08-2023,Iced Americano,Drinks,DRK-02,2,28000,56000,Digital Wallet,Dine in
2403,SUN-5060305,07-03-2023,Club Sandwich,Food,FOD-05,4,45000,180000,Debit Card,Online Order
2404,SUN-4308197,06-01-2023,Nasi Goreng Kampung,Food,FOD-03,2,38000,76000,Debit Card,Dine in
2405,SUN-5589567,14-01-2023,Iced Americano,Drinks,DRK-02,1,28000,28000,Debit Card,Take Away
2406,SUN-7064517,14-12-2023,Cinnamon Roll,Dessert,DST-05,4,28000,112000,Cash,Online Order
2407,SUN-3376710,08-10-2023,New York Cheesecake,Dessert,DST-03,4,42000,168000,Debit Card,Dine in
2408,SUN-6328490,06-04-2023,Grill Chicken Caesar Salad,Food,FOD-04,1,42000,42000,Debit Card,Online Order
2409,SUN-6006320,31-01-2023,Iced Americano,Drinks,DRK-02,4,28000,112000,Cash,Dine in
2410,SUN-5542721,26-07-2023,Classic Tirmaisu,Dessert,DST-01,4,38000,152000,Digital Wallet,Dine in
2411,SUN-2852391,24-08-2023,Caramel Machiato,Drinks,DRK-04,1,38000,38000,Digital Wallet,Take Away
2412,SUN-4349097,09-06-2023,New York Cheesecake,Dessert,DST-03,3,42000,126000,Debit Card,Dine in
2413,SUN-9676884,25-07-2023,Cinnamon Roll,Dessert,DST-04,2,28000,56000,Cash,Dine in
2414,SUN-1183588,14-04-2023,Iced Americano,Drinks,DRK-02,4,28000,112000,Debit Card,Dine in
2415,SUN-1509668,27-09-2023,Cafe Latte,Drinks,DRK-03,1,32000,32000,Debit Card,Dine in
2416,SUN-5523264,29-07-2023,Caramel Machiato,Drinks,DRK-04,4,38000,152000,Digital Wallet,Take Away
2417,SUN-3997167,11-12-2023,Nasi Goreng Kampung,Food,FOD-03,3,38000,114000,Cash,Take Away
2418,SUN-7059512,01-01-2023,Cinnamon Roll,Dessert,DST-05,4,28000,112000,Digital Wallet,Online Order
2419,SUN-9756216,28-03-2023,Classic Tirmaisu,Dessert,DST-01,2,38000,76000,Digital Wallet,Dine in
2420,SUN-9931904,17-01-2023,New York Cheesecake,Dessert,DST-03,4,42000,168000,Cash,Take Away
2421,SUN-9488885,26-06-2023,Nasi Goreng Kampung,Food,FOD-03,3,38000,114000,Debit Card,Dine in
2422,SUN-4829294,09-02-2023,Choco Lava Cake,Dessert,DST-04,2,35000,70000,Cash,Dine in
2423,SUN-2620888,02-10-2023,Classic Tirmaisu,Dessert,DST-01,3,38000,114000,Digital Wallet,Online Order
2424,SUN-7919612,07-03-2023,Nasi Goreng Kampung,Food,FOD-03,3,38000,114000,Digital Wallet,Dine in
2425,SUN-6641778,15-03-2023,Nasi Goreng Kampung,Food,FOD-03,4,38000,152000,Digital Wallet,Dine in
2426,SUN-9892653,03-10-2023,Espreso Single,Drinks,DRK-01,3,22000,66000,Debit Card,Dine in
2427,SUN-3351867,03-02-2023,Caramel Machiato,Drinks,DRK-04,3,38000,114000,Cash,Take Away
2428,SUN-9977317,12-01-2023,Grill Chicken Caesar Salad,Food,FOD-04,4,42000,168000,Debit Card,Dine in
2429,SUN-6815697,20-02-2023,Choco Lava Cake,Dessert,DST-04,4,35000,140000,Digital Wallet,Online Order
2430,SUN-8408240,29-12-2023,Choco Lava Cake,Dessert,DST-04,3,35000,105000,Cash,Dine in
2431,SUN-4364144,07-12-2023,Grill Chicken Caesar Salad,Food,FOD-04,4,42000,168000,Cash,Dine in
2432,SUN-7625581,03-08-2023,Choco Lava Cake,Dessert,DST-04,1,35000,35000,Debit Card,Take Away
2433,SUN-5217333,16-10-2023,Buttermilk Fried Chicken,Food,FOD-01,4,48000,192000,Cash,Take Away
2434,SUN-7580288,24-09-2023,Buttermilk Fried Chicken,Food,FOD-01,3,48000,144000,Digital Wallet,Online Order
2435,SUN-3919860,15-03-2023,Classic Tirmaisu,Dessert,DST-01,4,38000,152000,Debit Card,Dine in
2436,SUN-9681854,27-12-2023,Espreso Single,Drinks,DRK-01,2,22000,44000,Debit Card,Take Away
2437,SUN-9140493,06-01-2023,Choco Lava Cake,Dessert,DST-04,4,35000,140000,Debit Card,Take Away
2438,SUN-5670908,26-11-2023,Fudgy Brownies,Dessert,DST-02,3,25000,75000,Debit Card,Online Order
2439,SUN-8779334,21-08-2023,Choco Lava Cake,Dessert,DST-04,2,35000,70000,Debit Card,Dine in
2440,SUN-2338839,07-05-2023,Cinnamon Roll,Dessert,DST-05,3,28000,84000,Debit Card,Take Away
2441,SUN-4073337,28-04-2023,Fudgy Brownies,Dessert,DST-02,4,25000,100000,Debit Card,Dine in
2442,SUN-6637400,15-12-2023,Fudgy Brownies,Dessert,DST-02,3,25000,75000,Cash,Take Away
2443,SUN-4458771,25-03-2023,Creamy Maycha Latte,Drinks,DRK-05,4,35000,140000,Digital Wallet,Online Order
2444,SUN-9022180,28-11-2023,Classic Tirmaisu,Dessert,DST-01,3,38000,114000,Digital Wallet,Online Order
2445,SUN-6327514,14-03-2023,Iced Americano,Drinks,DRK-02,4,28000,112000,Cash,Take Away
2446,SUN-3907757,02-12-2023,Grill Chicken Caesar Salad,Food,FOD-04,4,42000,168000,Debit Card,Take Away
2447,SUN-3156852,22-06-2023,Choco Lava Cake,Dessert,DST-04,3,35000,105000,Debit Card,Online Order
2448,SUN-4296233,24-11-2023,Fudgy Brownies,Dessert,DST-02,1,25000,25000,Digital Wallet,Online Order
2449,SUN-5422702,05-05-2023,Buttermilk Fried Chicken,Food,FOD-01,1,48000,48000,Debit Card,Online Order
2450,SUN-9578555,19-10-2023,Classic Tirmaisu,Dessert,DST-01,1,38000,38000,Cash,Dine in
2451,SUN-9412589,10-12-2023,Creamy Maycha Latte,Drinks,DRK-05,1,35000,35000,Cash,Dine in
2452,SUN-5388867,17-08-2023,Espreso Single,Drinks,DRK-01,3,22000,66000,Cash,Dine in
2453,SUN-7911469,26-07-2023,Nasi Goreng Kampung,Food,FOD-03,4,38000,152000,Cash,Dine in
2454,SUN-1386454,02-10-2023,Cinnamon Roll,Dessert,DST-05,3,28000,84000,Cash,Take Away
2455,SUN-9898208,25-11-2023,Caramel Machiato,Drinks,DRK-04,3,38000,114000,Debit Card,Take Away
2456,SUN-5098530,05-12-2023,Nasi Goreng Kampung,Food,FOD-03,3,38000,114000,Debit Card,Online Order
2457,SUN-6424413,04-12-2023,Buttermilk Fried Chicken,Food,FOD-01,4,48000,192000,Cash,Dine in
2458,SUN-5701250,08-11-2023,Buttermilk Fried Chicken,Food,FOD-01,2,48000,96000,Digital Wallet,Online Order
2459,SUN-1523691,25-11-2023,Creamy Maycha Latte,Drinks,DRK-05,4,35000,140000,Debit Card,Take Away
2460,SUN-9016259,06-12-2023,Cinnamon Roll,Dessert,DST-05,2,28000,56000,Digital Wallet,Online Order
2461,SUN-9914730,01-07-2023,Iced Americano,Drinks,DRK-02,3,28000,84000,Cash,Take Away
2462,SUN-2402621,14-06-2023,New York Cheesecake,Dessert,DST-03,1,42000,42000,Digital Wallet,Take Away
2463,SUN-9607629,01-08-2023,Grill Chicken Caesar Salad,Food,FOD-04,4,42000,168000,Digital Wallet,Online Order
2464,SUN-2941793,02-07-2023,New York Cheesecake,Dessert,DST-03,2,42000,84000,Cash,Take Away
2465,SUN-8897833,15-07-2023,Beef Carbonara Pasta,Food,FOD-02,2,52000,104000,Debit Card,Online Order
2466,SUN-7240484,26-01-2023,Beef Carbonara Pasta,Food,FOD-02,2,52000,104000,Debit Card,Dine in
2467,SUN-4901160,08-01-2023,Cinnamon Roll,Dessert,DST-05,3,28000,84000,Debit Card,Take Away
2468,SUN-9976657,21-05-2023,Nasi Goreng Kampung,Food,FOD-03,4,38000,152000,Debit Card,Online Order
2469,SUN-8915791,12-12-2023,Cinnamon Roll,Dessert,DST-05,4,28000,112000,Digital Wallet,Online Order
2470,SUN-4838085,26-04-2023,Choco Lava Cake,Dessert,DST-04,4,35000,140000,Cash,Take Away
2471,SUN-2716045,25-02-2023,Caramel Machiato,Drinks,DRK-04,1,38000,38000,Debit Card,Online Order
2472,SUN-8247752,29-09-2023,Buttermilk Fried Chicken,Food,FOD-01,4,48000,192000,Digital Wallet,Online Order
2473,SUN-7778921,22-07-2023,Beef Carbonara Pasta,Food,FOD-02,1,52000,52000,Digital Wallet,Online Order
2474,SUN-5031517,05-08-2023,Beef Carbonara Pasta,Food,FOD-02,1,52000,52000,Debit Card,Online Order
2475,SUN-2710753,07-09-2023,Cafe Latte,Drinks,DRK-03,4,32000,128000,Digital Wallet,Take Away
2476,SUN-7261012,04-09-2023,Cinnamon Roll,Dessert,DST-05,2,28000,56000,Debit Card,Take Away
2477,SUN-7107720,15-10-2023,Beef Carbonara Pasta,Food,FOD-02,1,52000,52000,Cash,Take Away
2478,SUN-5731584,25-07-2023,Club Sandwich,Food,FOD-05,4,45000,180000,Cash,Dine in
2479,SUN-4078615,17-07-2023,New York Cheesecake,Dessert,DST-03,1,42000,42000,Cash,Dine in
2480,SUN-5230144,14-12-2023,Club Sandwich,Food,FOD-05,1,45000,45000,Digital Wallet,Online Order
2481,SUN-2292827,22-08-2023,Beef Carbonara Pasta,Food,FOD-02,2,52000,104000,Cash,Take Away
2482,SUN-9418096,07-04-2023,Beef Carbonara Pasta,Food,FOD-02,1,52000,52000,Cash,Dine in
2483,SUN-6957542,29-10-2023,Caramel Machiato,Drinks,DRK-04,1,38000,38000,Digital Wallet,Online Order
2484,SUN-1932249,05-10-2023,Beef Carbonara Pasta,Food,FOD-02,1,52000,52000,Digital Wallet,Online Order
2485,SUN-9951647,23-08-2023,Cinnamon Roll,Dessert,DST-05,4,28000,112000,Digital Wallet,Online Order
2486,SUN-4452973,06-05-2023,Buttermilk Fried Chicken,Food,FOD-01,3,48000,144000,Cash,Take Away
2487,SUN-1526670,01-09-2023,New York Cheesecake,Dessert,DST-03,3,42000,126000,Debit Card,Online Order
2488,SUN-9128467,26-10-2023,Club Sandwich,Food,FOD-05,1,45000,45000,Digital Wallet,Online Order
2489,SUN-9091051,08-11-2023,Espreso Single,Drinks,DRK-01,2,22000,44000,Cash,Online Order
2490,SUN-9428135,19-07-2023,Caramel Machiato,Drinks,DRK-04,1,38000,38000,Digital Wallet,Dine in
2491,SUN-2743758,27-01-2023,Fudgy Brownies,Dessert,DST-02,1,25000,25000,Cash,Take Away
2492,SUN-6012013,07-07-2023,Classic Tirmaisu,Dessert,DST-01,1,38000,38000,Cash,Take Away
2493,SUN-5764406,09-07-2023,Iced Americano,Drinks,DRK-02,3,28000,84000,Debit Card,Online Order
2494,SUN-3783445,12-09-2023,Fudgy Brownies,Dessert,DST-02,3,25000,75000,Cash,Dine in
2495,SUN-4832463,10-01-2023,Iced Americano,Drinks,DRK-02,3,28000,84000,Debit Card,Dine in
2496,SUN-2074114,26-12-2023,Grill Chicken Caesar Salad,Food,FOD-04,4,42000,168000,Cash,Dine in
2497,SUN-3575092,25-02-2023,Cinnamon Roll,Dessert,DST-05,2,28000,56000,Debit Card,Online Order
2498,SUN-1552645,15-10-2023,Cafe Latte,Drinks,DRK-03,2,32000,64000,Debit Card,Take Away
2499,SUN-2676081,11-01-2023,Grill Chicken Caesar Salad,Food,FOD-04,3,42000,126000,Debit Card,Online Order
2500,SUN-7597954,25-12-2023,Iced Americano,Drinks,DRK-02,4,28000,112000,Cash,Dine in
2501,SUN-1391755,13-11-2023,Classic Tirmaisu,Dessert,DST-01,3,38000,114000,Digital Wallet,Online Order
2502,SUN-4003667,25-07-2023,Beef Carbonara Pasta,Food,FOD-02,3,52000,156000,Cash,Online Order
2503,SUN-3472385,01-05-2023,Iced Americano,Drinks,DRK-02,1,28000,28000,Debit Card,Online Order
2504,SUN-1752832,24-06-2023,New York Cheesecake,Dessert,DST-03,2,42000,84000,Digital Wallet,Dine in
2505,SUN-6303106,10-07-2023,Fudgy Brownies,Dessert,DST-02,4,25000,100000,Cash,Take Away
2506,SUN-9953906,07-03-2023,Nasi Goreng Kampung,Food,FOD-03,1,38000,38000,Debit Card,Online Order
2507,SUN-9639055,15-10-2023,Classic Tirmaisu,Dessert,DST-01,2,38000,76000,Digital Wallet,Dine in
2508,SUN-9331752,14-08-2023,Club Sandwich,Food,FOD-05,4,45000,180000,Debit Card,Take Away
2509,SUN-4242839,09-09-2023,Beef Carbonara Pasta,Food,FOD-02,2,52000,104000,Digital Wallet,Online Order
2510,SUN-5269211,20-02-2023,Iced Americano,Drinks,DRK-02,4,28000,112000,Debit Card,Take Away
2511,SUN-3327438,05-12-2023,Beef Carbonara Pasta,Food,FOD-02,1,52000,52000,Debit Card,Take Away
2512,SUN-4951268,11-07-2023,Buttermilk Fried Chicken,Food,FOD-01,4,48000,192000,Digital Wallet,Dine in
2513,SUN-6871013,28-06-2023,Buttermilk Fried Chicken,Food,FOD-01,1,48000,48000,Cash,Take Away
2514,SUN-4220032,17-01-2023,Buttermilk Fried Chicken,Food,FOD-01,4,48000,192000,Cash,Take Away
2515,SUN-9640765,14-09-2023,Choco Lava Cake,Dessert,DST-04,3,35000,105000,Digital Wallet,Take Away
2516,SUN-2109267,02-11-2023,Espreso Single,Drinks,DRK-01,1,22000,22000,Cash,Take Away
2517,SUN-8512582,13-11-2023,Cafe Latte,Drinks,DRK-03,2,32000,64000,Cash,Dine in
2518,SUN-5908740,07-03-2023,Iced Americano,Drinks,DRK-02,3,28000,84000,Digital Wallet,Online Order
2519,SUN-7396318,09-02-2023,Iced Americano,Drinks,DRK-02,1,28000,28000,Cash,Take Away
2520,SUN-3355823,23-03-2023,Classic Tirmaisu,Dessert,DST-01,1,38000,38000,Cash,Dine in
2521,SUN-7394254,21-06-2023,Grill Chicken Caesar Salad,Food,FOD-04,3,42000,126000,Debit Card,Take Away
2522,SUN-5168668,31-01-2023,Caramel Machiato,Drinks,DRK-04,2,38000,76000,Debit Card,Dine in
2523,SUN-1599130,02-02-2023,Cinnamon Roll,Dessert,DST-05,3,28000,84000,Digital Wallet,Dine in
2524,SUN-4703954,28-05-2023,Caramel Machiato,Drinks,DRK-04,1,38000,38000,Digital Wallet,Online Order
2525,SUN-9362512,23-07-2023,Club Sandwich,Food,FOD-05,1,45000,45000,Digital Wallet,Dine in
2526,SUN-7585303,10-01-2023,Caramel Machiato,Drinks,DRK-04,3,38000,114000,Digital Wallet,Online Order
2527,SUN-8963412,25-04-2023,Club Sandwich,Food,FOD-05,2,45000,90000,Cash,Dine in
2528,SUN-1188679,11-11-2023,New York Cheesecake,Dessert,DST-03,4,42000,168000,Cash,Dine in
2529,SUN-5688247,03-11-2023,Choco Lava Cake,Dessert,DST-04,1,35000,35000,Cash,Online Order
2530,SUN-9486964,03-08-2023,New York Cheesecake,Dessert,DST-03,4,42000,168000,Cash,Dine in
2531,SUN-2340186,20-06-2023,Creamy Maycha Latte,Drinks,DRK-05,2,35000,70000,Debit Card,Take Away
2532,SUN-8575322,15-02-2023,Beef Carbonara Pasta,Food,FOD-02,2,52000,104000,Debit Card,Online Order
2533,SUN-3427303,01-03-2023,New York Cheesecake,Dessert,DST-03,4,42000,168000,Debit Card,Online Order
2534,SUN-3298745,19-06-2023,Cafe Latte,Drinks,DRK-03,1,32000,32000,Debit Card,Online Order
2535,SUN-7621854,15-11-2023,Club Sandwich,Food,FOD-05,4,45000,180000,Debit Card,Take Away
2536,SUN-7348389,09-10-2023,Fudgy Brownies,Dessert,DST-02,3,25000,75000,Debit Card,Take Away
2537,SUN-1976524,05-06-2023,Cafe Latte,Drinks,DRK-03,4,32000,128000,Debit Card,Dine in
2538,SUN-6518224,23-07-2023,Nasi Goreng Kampung,Food,FOD-03,2,38000,76000,Digital Wallet,Online Order
2539,SUN-1031782,08-01-2023,Espreso Single,Drinks,DRK-01,1,22000,22000,Cash,Take Away
2540,SUN-7871463,07-06-2023,Buttermilk Fried Chicken,Food,FOD-01,3,48000,144000,Debit Card,Online Order
2541,SUN-5857056,09-04-2023,Grill Chicken Caesar Salad,Food,FOD-04,2,42000,84000,Debit Card,Online Order
2542,SUN-2453949,16-10-2023,Espreso Single,Drinks,DRK-01,2,22000,44000,Debit Card,Dine in
2543,SUN-3476928,08-02-2023,Beef Carbonara Pasta,Food,FOD-02,1,52000,52000,Digital Wallet,Take Away
2544,SUN-6035675,06-04-2023,Nasi Goreng Kampung,Food,FOD-03,3,38000,114000,Cash,Take Away
2545,SUN-1983373,10-01-2023,Cinnamon Roll,Dessert,DST-05,3,28000,84000,Cash,Dine in
2546,SUN-3078594,10-06-2023,Nasi Goreng Kampung,Food,FOD-03,2,38000,76000,Digital Wallet,Online Order
2547,SUN-4725018,21-02-2023,Classic Tirmaisu,Dessert,DST-01,3,38000,114000,Debit Card,Dine in
2548,SUN-9901555,01-06-2023,Fudgy Brownies,Dessert,DST-02,2,25000,50000,Digital Wallet,Online Order
2549,SUN-3836856,19-04-2023,Choco Lava Cake,Dessert,DST-04,1,35000,35000,Cash,Dine in
2550,SUN-2122596,20-05-2023,Creamy Maycha Latte,Drinks,DRK-05,2,35000,70000,Digital Wallet,Online Order
2551,SUN-6238721,04-05-2023,Nasi Goreng Kampung,Food,FOD-03,4,38000,152000,Debit Card,Take Away
2552,SUN-6942993,06-05-2023,Cinnamon Roll,Dessert,DST-05,3,28000,84000,Cash,Dine in
2553,SUN-8834849,09-06-2023,Choco Lava Cake,Dessert,DST-04,3,35000,105000,Digital Wallet,Dine in
2554,SUN-2623102,02-08-2023,Classic Tirmaisu,Dessert,DST-01,1,38000,38000,Digital Wallet,Dine in
2555,SUN-7213293,19-04-2023,Buttermilk Fried Chicken,Food,FOD-01,2,48000,96000,Debit Card,Online Order
2556,SUN-4299865,13-02-2023,Iced Americano,Drinks,DRK-02,1,28000,28000,Cash,Dine in
2557,SUN-3297640,28-04-2023,Creamy Maycha Latte,Drinks,DRK-05,2,35000,70000,Cash,Dine in
2558,SUN-7902818,18-01-2023,Cinnamon Roll,Dessert,DST-05,1,28000,28000,Digital Wallet,Take Away
2559,SUN-4651828,18-06-2023,Beef Carbonara Pasta,Food,FOD-02,3,52000,156000,Digital Wallet,Dine in
2560,SUN-2300385,17-10-2023,Cafe Latte,Drinks,DRK-03,1,32000,32000,Debit Card,Dine in
2561,SUN-5693841,09-05-2023,Iced Americano,Drinks,DRK-02,2,28000,56000,Digital Wallet,Dine in
2562,SUN-3861004,29-08-2023,Caramel Machiato,Drinks,DRK-04,4,38000,152000,Digital Wallet,Online Order
2563,SUN-6943844,01-10-2023,New York Cheesecake,Dessert,DST-03,1,42000,42000,Digital Wallet,Online Order
2564,SUN-5685168,04-12-2023,Espreso Single,Drinks,DRK-01,4,22000,88000,Debit Card,Online Order
2565,SUN-3515983,13-10-2023,Classic Tirmaisu,Dessert,DST-01,2,38000,76000,Debit Card,Take Away
2566,SUN-9027687,23-12-2023,Buttermilk Fried Chicken,Food,FOD-01,3,48000,144000,Debit Card,Online Order
2567,SUN-4418029,07-01-2023,Fudgy Brownies,Dessert,DST-02,1,25000,25000,Digital Wallet,Online Order
2568,SUN-4236565,07-02-2023,Choco Lava Cake,Dessert,DST-04,1,35000,35000,Cash,Online Order
2569,SUN-4557877,01-03-2023,Fudgy Brownies,Dessert,DST-02,3,25000,75000,Digital Wallet,Dine in
2570,SUN-1914015,16-02-2023,Classic Tirmaisu,Dessert,DST-01,4,38000,152000,Cash,Take Away
2571,SUN-4928047,07-02-2023,Buttermilk Fried Chicken,Food,FOD-01,2,48000,96000,Debit Card,Online Order
2572,SUN-5066557,10-02-2023,New York Cheesecake,Dessert,DST-03,1,42000,42000,Debit Card,Take Away
2573,SUN-4630183,09-05-2023,Creamy Maycha Latte,Drinks,DRK-05,2,35000,70000,Cash,Take Away
2574,SUN-5214943,27-07-2023,Creamy Maycha Latte,Drinks,DRK-05,3,35000,105000,Cash,Dine in
2575,SUN-8689043,11-05-2023,Caramel Machiato,Drinks,DRK-04,1,38000,38000,Debit Card,Take Away
2576,SUN-1746367,22-01-2023,Espreso Single,Drinks,DRK-01,1,22000,22000,Cash,Dine in
2577,SUN-2861790,01-10-2023,Buttermilk Fried Chicken,Food,FOD-01,1,48000,48000,Cash,Dine in
2578,SUN-9006933,08-09-2023,Fudgy Brownies,Dessert,DST-02,2,25000,50000,Debit Card,Take Away
2579,SUN-7156864,24-09-2023,Cinnamon Roll,Dessert,DST-05,1,28000,28000,Debit Card,Online Order
2580,SUN-4421847,10-11-2023,Choco Lava Cake,Dessert,DST-04,1,35000,35000,Digital Wallet,Online Order
2581,SUN-2606903,19-11-2023,New York Cheesecake,Dessert,DST-03,2,42000,84000,Debit Card,Dine in
2582,SUN-7553539,17-06-2023,New York Cheesecake,Dessert,DST-03,1,42000,42000,Digital Wallet,Online Order
2583,SUN-5306660,07-09-2023,Espreso Single,Drinks,DRK-01,2,22000,44000,Cash,Dine in
2584,SUN-5657652,30-03-2023,Grill Chicken Caesar Salad,Food,FOD-04,2,42000,84000,Digital Wallet,Online Order
2585,SUN-5768499,06-08-2023,Iced Americano,Drinks,DRK-02,4,28000,112000,Cash,Dine in
2586,SUN-6454047,23-09-2023,Nasi Goreng Kampung,Food,FOD-03,2,38000,76000,Digital Wallet,Take Away
2587,SUN-2841707,29-12-2023,Classic Tirmaisu,Dessert,DST-01,2,38000,76000,Digital Wallet,Online Order
2588,SUN-1098787,05-05-2023,New York Cheesecake,Dessert,DST-03,2,42000,84000,Debit Card,Dine in
2589,SUN-2134773,23-08-2023,Club Sandwich,Food,FOD-05,1,45000,45000,Digital Wallet,Take Away
2590,SUN-4159723,19-03-2023,Club Sandwich,Food,FOD-05,2,45000,90000,Debit Card,Dine in
2591,SUN-4977455,23-05-2023,Iced Americano,Drinks,DRK-02,2,28000,56000,Digital Wallet,Dine in
2592,SUN-4309362,27-11-2023,Nasi Goreng Kampung,Food,FOD-03,3,38000,114000,Cash,Dine in
2593,SUN-3943962,22-04-2023,Beef Carbonara Pasta,Food,FOD-02,1,52000,52000,Debit Card,Dine in
2594,SUN-4103669,10-06-2023,Buttermilk Fried Chicken,Food,FOD-01,1,48000,48000,Cash,Dine in
2595,SUN-8611345,14-01-2023,Espreso Single,Drinks,DRK-01,2,22000,44000,Debit Card,Online Order
2596,SUN-6733748,10-01-2023,Creamy Maycha Latte,Drinks,DRK-05,1,35000,35000,Digital Wallet,Take Away
2597,SUN-3863827,11-12-2023,Beef Carbonara Pasta,Food,FOD-02,3,52000,156000,Debit Card,Dine in
2598,SUN-9239528,20-03-2023,Caramel Machiato,Drinks,DRK-04,3,38000,114000,Digital Wallet,Online Order
2599,SUN-7323391,02-10-2023,Choco Lava Cake,Dessert,DST-04,2,35000,70000,Cash,Dine in
2600,SUN-5788140,25-02-2023,Cinnamon Roll,Dessert,DST-04,1,28000,28000,Debit Card,Dine in
2601,SUN-2307019,18-05-2023,Buttermilk Fried Chicken,Food,FOD-01,1,48000,48000,Cash,Take Away
2602,SUN-4357330,06-02-2023,Creamy Maycha Latte,Drinks,DRK-05,1,35000,35000,Debit Card,Take Away
2603,SUN-7949829,16-11-2023,Choco Lava Cake,Dessert,DST-04,3,35000,105000,Debit Card,Dine in
2604,SUN-2046595,22-10-2023,Classic Tirmaisu,Dessert,DST-01,3,38000,114000,Digital Wallet,Online Order
2605,SUN-9646589,06-10-2023,Beef Carbonara Pasta,Food,FOD-02,4,52000,208000,Debit Card,Dine in
2606,SUN-5887780,02-12-2023,Cinnamon Roll,Dessert,DST-05,3,28000,84000,Debit Card,Online Order
2607,SUN-6825589,19-06-2023,Buttermilk Fried Chicken,Food,FOD-01,4,48000,192000,Digital Wallet,Take Away
2608,SUN-2579065,13-01-2023,Caramel Machiato,Drinks,DRK-04,3,38000,114000,Cash,Take Away
2609,SUN-1776525,15-12-2023,New York Cheesecake,Dessert,DST-03,2,42000,84000,Digital Wallet,Dine in
2610,SUN-1346962,03-04-2023,Espreso Single,Drinks,DRK-01,2,22000,44000,Debit Card,Dine in
2611,SUN-7690047,22-11-2023,Espreso Single,Drinks,DRK-01,2,22000,44000,Cash,Dine in
2612,SUN-2146255,11-10-2023,Nasi Goreng Kampung,Food,FOD-03,2,38000,76000,Debit Card,Dine in
2613,SUN-3387181,13-05-2023,Club Sandwich,Food,FOD-05,4,45000,180000,Debit Card,Take Away
2614,SUN-5734907,12-02-2023,Espreso Single,Drinks,DRK-01,1,22000,22000,Digital Wallet,Take Away
2615,SUN-1088681,05-06-2023,Creamy Maycha Latte,Drinks,DRK-05,3,35000,105000,Debit Card,Online Order
2616,SUN-3539139,24-10-2023,Cinnamon Roll,Dessert,DST-05,3,28000,84000,Cash,Take Away
2617,SUN-2011688,25-02-2023,Creamy Maycha Latte,Drinks,DRK-05,2,35000,70000,Digital Wallet,Dine in
2618,SUN-1454217,28-07-2023,Classic Tirmaisu,Dessert,DST-01,1,38000,38000,Debit Card,Dine in
2619,SUN-1499273,07-02-2023,Cafe Latte,Drinks,DRK-03,4,32000,128000,Debit Card,Take Away
2620,SUN-9888366,08-12-2023,Cinnamon Roll,Dessert,DST-05,1,28000,28000,Digital Wallet,Dine in
2621,SUN-2059544,11-05-2023,Cinnamon Roll,Dessert,DST-05,4,28000,112000,Debit Card,Dine in
2622,SUN-9001360,21-12-2023,Caramel Machiato,Drinks,DRK-04,4,38000,152000,Digital Wallet,Take Away
2623,SUN-2020211,20-03-2023,Buttermilk Fried Chicken,Food,FOD-01,4,48000,192000,Debit Card,Dine in
2624,SUN-2763240,06-01-2023,Nasi Goreng Kampung,Food,FOD-03,4,38000,152000,Digital Wallet,Online Order
2625,SUN-3271764,26-01-2023,Creamy Maycha Latte,Drinks,DRK-05,3,35000,105000,Cash,Online Order
2626,SUN-5860232,19-04-2023,Choco Lava Cake,Dessert,DST-04,1,35000,35000,Debit Card,Dine in
2627,SUN-5501206,26-09-2023,Nasi Goreng Kampung,Food,FOD-03,1,38000,38000,Cash,Online Order
2628,SUN-3985919,28-06-2023,Creamy Maycha Latte,Drinks,DRK-05,4,35000,140000,Debit Card,Online Order
2629,SUN-5394581,17-12-2023,Espreso Single,Drinks,DRK-01,4,22000,88000,Debit Card,Dine in
2630,SUN-1645075,28-08-2023,Classic Tirmaisu,Dessert,DST-01,3,38000,114000,Debit Card,Online Order
2631,SUN-9543136,08-09-2023,New York Cheesecake,Dessert,DST-03,2,42000,84000,Digital Wallet,Online Order
2632,SUN-7951592,26-08-2023,Choco Lava Cake,Dessert,DST-04,4,35000,140000,Digital Wallet,Dine in
2633,SUN-1293858,28-11-2023,Iced Americano,Drinks,DRK-02,4,28000,112000,Debit Card,Take Away
2634,SUN-5817015,19-05-2023,Nasi Goreng Kampung,Food,FOD-03,2,38000,76000,Digital Wallet,Dine in
2635,SUN-1246784,14-11-2023,Choco Lava Cake,Dessert,DST-04,3,35000,105000,Cash,Take Away
2636,SUN-1212336,09-01-2023,Creamy Maycha Latte,Drinks,DRK-05,4,35000,140000,Cash,Take Away
2637,SUN-9162899,24-08-2023,Grill Chicken Caesar Salad,Food,FOD-04,2,42000,84000,Cash,Online Order
2638,SUN-9232565,20-06-2023,Caramel Machiato,Drinks,DRK-04,1,38000,38000,Digital Wallet,Online Order
2639,SUN-9810758,10-07-2023,Fudgy Brownies,Dessert,DST-02,4,25000,100000,Debit Card,Dine in
2640,SUN-6515736,04-11-2023,Cinnamon Roll,Dessert,DST-05,1,28000,28000,Digital Wallet,Dine in
2641,SUN-5562206,11-05-2023,Choco Lava Cake,Dessert,DST-04,2,35000,70000,Digital Wallet,Dine in
2642,SUN-4382261,20-05-2023,Club Sandwich,Food,FOD-05,4,45000,180000,Debit Card,Take Away
2643,SUN-1007165,30-06-2023,Cinnamon Roll,Dessert,DST-05,1,28000,28000,Cash,Dine in
2644,SUN-9003689,23-06-2023,Iced Americano,Drinks,DRK-02,1,28000,28000,Cash,Take Away
2645,SUN-8632026,28-04-2023,Iced Americano,Drinks,DRK-02,1,28000,28000,Digital Wallet,Dine in
2646,SUN-7011509,24-10-2023,Club Sandwich,Food,FOD-05,2,45000,90000,Debit Card,Online Order
2647,SUN-8844831,04-03-2023,Buttermilk Fried Chicken,Food,FOD-01,1,48000,48000,Digital Wallet,Online Order
2648,SUN-9672004,23-11-2023,Iced Americano,Drinks,DRK-02,2,28000,56000,Digital Wallet,Online Order
2649,SUN-8650584,30-06-2023,Buttermilk Fried Chicken,Food,FOD-01,1,48000,48000,Digital Wallet,Dine in
2650,SUN-2290291,19-08-2023,Classic Tirmaisu,Dessert,DST-01,3,38000,114000,Debit Card,Online Order
2651,SUN-3187342,30-08-2023,Beef Carbonara Pasta,Food,FOD-02,1,52000,52000,Debit Card,Take Away
2652,SUN-6613208,27-06-2023,Club Sandwich,Food,FOD-05,2,45000,90000,Digital Wallet,Online Order
2653,SUN-2177015,02-08-2023,Iced Americano,Drinks,DRK-02,1,28000,28000,Cash,Take Away
2654,SUN-8096481,06-05-2023,Fudgy Brownies,Dessert,DST-02,2,25000,50000,Digital Wallet,Online Order
2655,SUN-5899838,27-09-2023,Grill Chicken Caesar Salad,Food,FOD-04,2,42000,84000,Digital Wallet,Online Order
2656,SUN-5268173,06-07-2023,New York Cheesecake,Dessert,DST-03,4,42000,168000,Digital Wallet,Dine in
2657,SUN-7735513,03-05-2023,Cinnamon Roll,Dessert,DST-05,1,28000,28000,Cash,Online Order
2658,SUN-5078740,24-01-2023,Choco Lava Cake,Dessert,DST-04,3,35000,105000,Debit Card,Online Order
2659,SUN-9724475,01-01-2023,Espreso Single,Drinks,DRK-01,4,22000,88000,Digital Wallet,Online Order
2660,SUN-3133785,08-07-2023,Beef Carbonara Pasta,Food,FOD-02,4,52000,208000,Digital Wallet,Online Order
2661,SUN-2834693,19-03-2023,Nasi Goreng Kampung,Food,FOD-03,3,38000,114000,Digital Wallet,Online Order
2662,SUN-9412494,12-06-2023,Espreso Single,Drinks,DRK-01,2,22000,44000,Digital Wallet,Dine in
2663,SUN-8295223,16-04-2023,Choco Lava Cake,Dessert,DST-04,2,35000,70000,Digital Wallet,Dine in
2664,SUN-4585078,25-01-2023,Fudgy Brownies,Dessert,DST-02,1,25000,25000,Cash,Take Away
2665,SUN-1521619,21-07-2023,Grill Chicken Caesar Salad,Food,FOD-04,4,42000,168000,Debit Card,Online Order
2666,SUN-2836186,18-10-2023,Espreso Single,Drinks,DRK-01,4,22000,88000,Digital Wallet,Dine in
2667,SUN-7440335,23-05-2023,Fudgy Brownies,Dessert,DST-02,1,25000,25000,Debit Card,Dine in
2668,SUN-3128485,21-02-2023,Club Sandwich,Food,FOD-05,3,45000,135000,Digital Wallet,Dine in
2669,SUN-5307363,29-08-2023,Nasi Goreng Kampung,Food,FOD-03,1,38000,38000,Debit Card,Online Order
2670,SUN-6939714,25-06-2023,Buttermilk Fried Chicken,Food,FOD-01,4,48000,192000,Cash,Online Order
2671,SUN-7983450,23-03-2023,Creamy Maycha Latte,Drinks,DRK-05,2,35000,70000,Cash,Online Order
2672,SUN-5850921,12-06-2023,Choco Lava Cake,Dessert,DST-04,3,35000,105000,Debit Card,Online Order
2673,SUN-2385792,20-06-2023,Iced Americano,Drinks,DRK-02,4,28000,112000,Digital Wallet,Take Away
2674,SUN-4527903,05-05-2023,Buttermilk Fried Chicken,Food,FOD-01,1,48000,48000,Debit Card,Online Order
2675,SUN-5639913,01-01-2023,Espreso Single,Drinks,DRK-01,3,22000,66000,Debit Card,Dine in
2676,SUN-8264286,18-11-2023,New York Cheesecake,Dessert,DST-03,2,42000,84000,Debit Card,Take Away
2677,SUN-8232630,08-09-2023,Club Sandwich,Food,FOD-05,3,45000,135000,Debit Card,Dine in
2678,SUN-7629533,17-05-2023,Cafe Latte,Drinks,DRK-03,1,32000,32000,Debit Card,Online Order
2679,SUN-5118885,12-11-2023,Cinnamon Roll,Dessert,DST-05,3,28000,84000,Digital Wallet,Online Order
2680,SUN-6950061,02-03-2023,Creamy Maycha Latte,Drinks,DRK-05,2,35000,70000,Digital Wallet,Take Away
2681,SUN-5179527,10-11-2023,Iced Americano,Drinks,DRK-02,4,28000,112000,Debit Card,Online Order
2682,SUN-6651742,04-06-2023,Caramel Machiato,Drinks,DRK-04,4,38000,152000,Cash,Take Away
2683,SUN-3798870,16-11-2023,Cafe Latte,Drinks,DRK-03,2,32000,64000,Cash,Dine in
2684,SUN-1372878,01-07-2023,Choco Lava Cake,Dessert,DST-04,2,35000,70000,Cash,Dine in
2685,SUN-9804686,13-03-2023,Fudgy Brownies,Dessert,DST-02,4,25000,100000,Debit Card,Dine in
2686,SUN-5478135,07-04-2023,Espreso Single,Drinks,DRK-01,2,22000,44000,Debit Card,Online Order
2687,SUN-2404281,25-12-2023,Nasi Goreng Kampung,Food,FOD-03,1,38000,38000,Cash,Dine in
2688,SUN-6722467,13-07-2023,Classic Tirmaisu,Dessert,DST-01,1,38000,38000,Digital Wallet,Online Order
2689,SUN-6731113,21-07-2023,Beef Carbonara Pasta,Food,FOD-02,1,52000,52000,Digital Wallet,Online Order
2690,SUN-6040923,03-12-2023,Choco Lava Cake,Dessert,DST-04,4,35000,140000,Digital Wallet,Dine in
2691,SUN-4286010,09-03-2023,Nasi Goreng Kampung,Food,FOD-03,2,38000,76000,Cash,Take Away
2692,SUN-6557642,31-05-2023,Creamy Maycha Latte,Drinks,DRK-05,3,35000,105000,Cash,Dine in
2693,SUN-8727993,03-02-2023,Cinnamon Roll,Dessert,DST-05,2,28000,56000,Debit Card,Online Order
2694,SUN-2327410,02-03-2023,Creamy Maycha Latte,Drinks,DRK-05,1,35000,35000,Cash,Dine in
2695,SUN-4422219,26-01-2023,Fudgy Brownies,Dessert,DST-02,1,25000,25000,Debit Card,Online Order
2696,SUN-3195182,12-09-2023,Classic Tirmaisu,Dessert,DST-01,2,38000,76000,Cash,Take Away
2697,SUN-6726396,21-08-2023,Iced Americano,Drinks,DRK-02,4,28000,112000,Cash,Take Away
2698,SUN-5199372,12-10-2023,Club Sandwich,Food,FOD-05,4,45000,180000,Digital Wallet,Take Away
2699,SUN-8038480,18-08-2023,Club Sandwich,Food,FOD-05,3,45000,135000,Debit Card,Dine in
2700,SUN-7255836,10-08-2023,Club Sandwich,Food,FOD-05,1,45000,45000,Cash,Take Away
2701,SUN-9806865,15-10-2023,Cafe Latte,Drinks,DRK-03,2,32000,64000,Digital Wallet,Dine in
2702,SUN-5287095,24-05-2023,Buttermilk Fried Chicken,Food,FOD-01,4,48000,192000,Digital Wallet,Dine in
2703,SUN-5212660,29-08-2023,Iced Americano,Drinks,DRK-02,2,28000,56000,Digital Wallet,Online Order
2704,SUN-8736169,03-12-2023,Creamy Maycha Latte,Drinks,DRK-05,2,35000,70000,Digital Wallet,Dine in
2705,SUN-4194129,09-07-2023,Cafe Latte,Drinks,DRK-03,1,32000,32000,Debit Card,Take Away
2706,SUN-6727365,25-10-2023,Grill Chicken Caesar Salad,Food,FOD-04,1,42000,42000,Cash,Dine in
2707,SUN-2795097,01-03-2023,Grill Chicken Caesar Salad,Food,FOD-04,4,42000,168000,Debit Card,Dine in
2708,SUN-1631435,30-10-2023,Buttermilk Fried Chicken,Food,FOD-01,4,48000,192000,Cash,Dine in
2709,SUN-8731482,26-09-2023,Club Sandwich,Food,FOD-05,2,45000,90000,Debit Card,Dine in
2710,SUN-2299583,03-10-2023,Grill Chicken Caesar Salad,Food,FOD-04,4,42000,168000,Cash,Dine in
2711,SUN-5481744,02-01-2023,Classic Tirmaisu,Dessert,DST-01,4,38000,152000,Digital Wallet,Take Away
2712,SUN-2470123,24-06-2023,Classic Tirmaisu,Dessert,DST-01,2,38000,76000,Debit Card,Dine in
2713,SUN-9535583,30-08-2023,Choco Lava Cake,Dessert,DST-04,2,35000,70000,Digital Wallet,Online Order
2714,SUN-3262910,18-03-2023,Club Sandwich,Food,FOD-05,1,45000,45000,Digital Wallet,Take Away
2715,SUN-9963085,02-03-2023,Espreso Single,Drinks,DRK-01,4,22000,88000,Debit Card,Dine in
2716,SUN-2855565,26-10-2023,Nasi Goreng Kampung,Food,FOD-03,3,38000,114000,Debit Card,Online Order
2717,SUN-9945723,27-02-2023,Cinnamon Roll,Dessert,DST-05,4,28000,112000,Digital Wallet,Take Away
2718,SUN-9003401,29-03-2023,Iced Americano,Drinks,DRK-02,3,28000,84000,Debit Card,Take Away
2719,SUN-1241688,27-11-2023,Beef Carbonara Pasta,Food,FOD-02,3,52000,156000,Digital Wallet,Dine in
2720,SUN-6000485,24-02-2023,Espreso Single,Drinks,DRK-01,3,22000,66000,Debit Card,Online Order
2721,SUN-5089810,05-12-2023,Espreso Single,Drinks,DRK-01,4,22000,88000,Digital Wallet,Online Order
2722,SUN-6005665,14-07-2023,Cinnamon Roll,Dessert,DST-05,2,28000,56000,Digital Wallet,Take Away
2723,SUN-8801578,20-09-2023,Club Sandwich,Food,FOD-05,2,45000,90000,Digital Wallet,Take Away
2724,SUN-1512013,08-05-2023,Buttermilk Fried Chicken,Food,FOD-01,4,48000,192000,Digital Wallet,Dine in
2725,SUN-6462291,25-03-2023,Iced Americano,Drinks,DRK-02,2,28000,56000,Cash,Dine in
2726,SUN-3620108,20-01-2023,Iced Americano,Drinks,DRK-02,4,28000,112000,Debit Card,Dine in
2727,SUN-6010391,21-06-2023,Cafe Latte,Drinks,DRK-03,1,32000,32000,Digital Wallet,Online Order
2728,SUN-3896615,31-03-2023,Classic Tirmaisu,Dessert,DST-01,1,38000,38000,Debit Card,Take Away
2729,SUN-3901634,07-05-2023,Fudgy Brownies,Dessert,DST-02,4,25000,100000,Debit Card,Take Away
2730,SUN-9997211,27-11-2023,Caramel Machiato,Drinks,DRK-04,2,38000,76000,Cash,Dine in
2731,SUN-5374268,12-02-2023,Classic Tirmaisu,Dessert,DST-01,1,38000,38000,Debit Card,Dine in
2732,SUN-8385257,09-03-2023,Club Sandwich,Food,FOD-05,3,45000,135000,Cash,Take Away
2733,SUN-1766022,28-03-2023,Caramel Machiato,Drinks,DRK-04,1,38000,38000,Digital Wallet,Online Order
2734,SUN-3642545,03-03-2023,Classic Tirmaisu,Dessert,DST-01,1,38000,38000,Digital Wallet,Dine in
2735,SUN-4501194,22-01-2023,Club Sandwich,Food,FOD-05,3,45000,135000,Debit Card,Take Away
2736,SUN-7560363,12-06-2023,Club Sandwich,Food,FOD-05,2,45000,90000,Digital Wallet,Dine in
2737,SUN-3235729,21-12-2023,Club Sandwich,Food,FOD-05,1,45000,45000,Digital Wallet,Take Away
2738,SUN-4012969,26-11-2023,Espreso Single,Drinks,DRK-01,4,22000,88000,Debit Card,Online Order
2739,SUN-4325179,28-03-2023,Buttermilk Fried Chicken,Food,FOD-01,1,48000,48000,Digital Wallet,Take Away
2740,SUN-2377730,03-02-2023,Espreso Single,Drinks,DRK-01,1,22000,22000,Debit Card,Take Away
2741,SUN-5693316,22-05-2023,Club Sandwich,Food,FOD-05,2,45000,90000,Digital Wallet,Online Order
2742,SUN-1649278,14-01-2023,Beef Carbonara Pasta,Food,FOD-02,4,52000,208000,Digital Wallet,Online Order
2743,SUN-6676103,01-04-2023,Classic Tirmaisu,Dessert,DST-01,2,38000,76000,Digital Wallet,Dine in
2744,SUN-7211180,15-03-2023,Fudgy Brownies,Dessert,DST-02,4,25000,100000,Debit Card,Online Order
2745,SUN-1054382,26-08-2023,Club Sandwich,Food,FOD-05,1,45000,45000,Digital Wallet,Take Away
2746,SUN-7392240,14-02-2023,Cafe Latte,Drinks,DRK-03,2,32000,64000,Digital Wallet,Dine in
2747,SUN-4523300,25-07-2023,Caramel Machiato,Drinks,DRK-04,2,38000,76000,Debit Card,Dine in
2748,SUN-3834430,13-08-2023,Fudgy Brownies,Dessert,DST-02,1,25000,25000,Cash,Take Away
2749,SUN-9494961,07-10-2023,Espreso Single,Drinks,DRK-01,2,22000,44000,Cash,Dine in
2750,SUN-7424130,26-05-2023,Beef Carbonara Pasta,Food,FOD-02,3,52000,156000,Debit Card,Online Order
2751,SUN-3836312,05-01-2023,Cinnamon Roll,Dessert,DST-05,2,28000,56000,Digital Wallet,Online Order
2752,SUN-8438641,05-10-2023,Cafe Latte,Drinks,DRK-03,4,32000,128000,Cash,Dine in
2753,SUN-7927993,16-03-2023,Espreso Single,Drinks,DRK-01,3,22000,66000,Digital Wallet,Dine in
2754,SUN-8867129,29-09-2023,Club Sandwich,Food,FOD-05,4,45000,180000,Cash,Dine in
2755,SUN-9827032,07-08-2023,Buttermilk Fried Chicken,Food,FOD-01,1,48000,48000,Digital Wallet,Online Order
2756,SUN-1394593,10-12-2023,Caramel Machiato,Drinks,DRK-04,2,38000,76000,Debit Card,Dine in
2757,SUN-6262616,30-07-2023,Beef Carbonara Pasta,Food,FOD-02,4,52000,208000,Cash,Dine in
2758,SUN-9505044,30-05-2023,Choco Lava Cake,Dessert,DST-04,4,35000,140000,Debit Card,Dine in
2759,SUN-1348459,28-10-2023,Creamy Maycha Latte,Drinks,DRK-05,1,35000,35000,Debit Card,Take Away
2760,SUN-1076140,23-02-2023,Buttermilk Fried Chicken,Food,FOD-01,4,48000,192000,Digital Wallet,Take Away
2761,SUN-5310172,30-01-2023,Grill Chicken Caesar Salad,Food,FOD-04,2,42000,84000,Debit Card,Online Order
2762,SUN-5057749,09-09-2023,Choco Lava Cake,Dessert,DST-04,3,35000,105000,Debit Card,Dine in
2763,SUN-9892001,16-05-2023,Creamy Maycha Latte,Drinks,DRK-05,3,35000,105000,Debit Card,Take Away
2764,SUN-4429825,17-04-2023,Cafe Latte,Drinks,DRK-03,3,32000,96000,Cash,Online Order
2765,SUN-5345779,28-05-2023,Beef Carbonara Pasta,Food,FOD-02,3,52000,156000,Debit Card,Online Order
2766,SUN-4167359,03-01-2023,Buttermilk Fried Chicken,Food,FOD-01,4,48000,192000,Digital Wallet,Dine in
2767,SUN-1252923,07-07-2023,Grill Chicken Caesar Salad,Food,FOD-04,3,42000,126000,Debit Card,Take Away
2768,SUN-8521961,13-06-2023,New York Cheesecake,Dessert,DST-03,3,42000,126000,Cash,Dine in
2769,SUN-9702898,09-05-2023,Classic Tirmaisu,Dessert,DST-01,4,38000,152000,Digital Wallet,Online Order
2770,SUN-8091300,17-08-2023,Caramel Machiato,Drinks,DRK-04,2,38000,76000,Digital Wallet,Take Away
2771,SUN-3865336,26-09-2023,Cinnamon Roll,Dessert,DST-05,2,28000,56000,Cash,Dine in
2772,SUN-7648786,26-10-2023,Espreso Single,Drinks,DRK-01,4,22000,88000,Debit Card,Dine in
2773,SUN-4977270,08-02-2023,Classic Tirmaisu,Dessert,DST-01,2,38000,76000,Digital Wallet,Take Away
2774,SUN-3319637,02-04-2023,Creamy Maycha Latte,Drinks,DRK-05,3,35000,105000,Digital Wallet,Dine in
2775,SUN-1048715,23-01-2023,Choco Lava Cake,Dessert,DST-04,4,35000,140000,Digital Wallet,Take Away
2776,SUN-9614900,20-01-2023,Beef Carbonara Pasta,Food,FOD-02,4,52000,208000,Debit Card,Dine in
2777,SUN-8331195,25-04-2023,New York Cheesecake,Dessert,DST-03,1,42000,42000,Debit Card,Dine in
2778,SUN-4459089,09-06-2023,Beef Carbonara Pasta,Food,FOD-02,1,52000,52000,Digital Wallet,Dine in
2779,SUN-4213040,02-02-2023,Grill Chicken Caesar Salad,Food,FOD-04,1,42000,42000,Digital Wallet,Take Away
2780,SUN-7440610,26-03-2023,Fudgy Brownies,Dessert,DST-02,3,25000,75000,Digital Wallet,Online Order
2781,SUN-3863344,24-05-2023,Cinnamon Roll,Dessert,DST-05,3,28000,84000,Debit Card,Take Away
2782,SUN-9058154,26-10-2023,New York Cheesecake,Dessert,DST-03,3,42000,126000,Cash,Dine in
2783,SUN-5535683,31-07-2023,Fudgy Brownies,Dessert,DST-02,4,25000,100000,Debit Card,Take Away
2784,SUN-1632604,01-12-2023,Creamy Maycha Latte,Drinks,DRK-05,1,35000,35000,Debit Card,Online Order
2785,SUN-2490499,31-01-2023,Choco Lava Cake,Dessert,DST-04,2,35000,70000,Digital Wallet,Online Order
2786,SUN-2492416,09-04-2023,Classic Tirmaisu,Dessert,DST-01,1,38000,38000,Debit Card,Take Away
2787,SUN-2647953,17-06-2023,Cafe Latte,Drinks,DRK-03,1,32000,32000,Digital Wallet,Dine in
2788,SUN-7977596,10-12-2023,Cinnamon Roll,Dessert,DST-05,1,28000,28000,Debit Card,Dine in
2789,SUN-5342858,22-07-2023,Fudgy Brownies,Dessert,DST-02,3,25000,75000,Cash,Take Away
2790,SUN-4350433,30-07-2023,Club Sandwich,Food,FOD-05,1,45000,45000,Cash,Take Away
2791,SUN-8830288,26-07-2023,Club Sandwich,Food,FOD-05,4,45000,180000,Digital Wallet,Take Away
2792,SUN-5798361,24-08-2023,Caramel Machiato,Drinks,DRK-04,4,38000,152000,Debit Card,Take Away
2793,SUN-9162841,12-01-2023,Cinnamon Roll,Dessert,DST-05,4,28000,112000,Cash,Online Order
2794,SUN-7031803,30-08-2023,Iced Americano,Drinks,DRK-02,3,28000,84000,Digital Wallet,Dine in
2795,SUN-3441463,10-10-2023,Classic Tirmaisu,Dessert,DST-01,1,38000,38000,Digital Wallet,Online Order
2796,SUN-8329399,06-10-2023,Nasi Goreng Kampung,Food,FOD-03,3,38000,114000,Digital Wallet,Online Order
2797,SUN-8010646,21-09-2023,Buttermilk Fried Chicken,Food,FOD-01,2,48000,96000,Cash,Dine in
2798,SUN-4534695,04-02-2023,Fudgy Brownies,Dessert,DST-02,1,25000,25000,Digital Wallet,Online Order
2799,SUN-2651111,19-04-2023,Fudgy Brownies,Dessert,DST-02,3,25000,75000,Digital Wallet,Dine in
2800,SUN-7656384,01-12-2023,Caramel Machiato,Drinks,DRK-04,2,38000,76000,Cash,Take Away
2801,SUN-8640509,22-06-2023,Caramel Machiato,Drinks,DRK-04,1,38000,38000,Cash,Take Away
2802,SUN-3769988,11-01-2023,Cinnamon Roll,Dessert,DST-05,3,28000,84000,Debit Card,Dine in
2803,SUN-5109620,27-09-2023,Caramel Machiato,Drinks,DRK-04,2,38000,76000,Digital Wallet,Online Order
2804,SUN-2197392,14-03-2023,Club Sandwich,Food,FOD-05,2,45000,90000,Debit Card,Take Away
2805,SUN-7087248,01-11-2023,Classic Tirmaisu,Dessert,DST-01,2,38000,76000,Digital Wallet,Dine in
2806,SUN-7398861,08-10-2023,Espreso Single,Drinks,DRK-01,3,22000,66000,Debit Card,Take Away
2807,SUN-6222991,01-04-2023,Buttermilk Fried Chicken,Food,FOD-01,1,48000,48000,Digital Wallet,Online Order
2808,SUN-6643695,18-08-2023,Club Sandwich,Food,FOD-05,3,45000,135000,Digital Wallet,Take Away
2809,SUN-6487036,09-10-2023,Iced Americano,Drinks,DRK-02,2,28000,56000,Digital Wallet,Take Away
2810,SUN-3947999,28-04-2023,Beef Carbonara Pasta,Food,FOD-02,3,52000,156000,Cash,Take Away
2811,SUN-8719143,04-06-2023,Caramel Machiato,Drinks,DRK-04,3,38000,114000,Digital Wallet,Online Order
2812,SUN-7083951,16-12-2023,Fudgy Brownies,Dessert,DST-02,1,25000,25000,Digital Wallet,Online Order
2813,SUN-3932453,14-12-2023,Choco Lava Cake,Dessert,DST-04,3,35000,105000,Digital Wallet,Take Away
2814,SUN-9176670,12-01-2023,Buttermilk Fried Chicken,Food,FOD-01,4,48000,192000,Debit Card,Online Order
2815,SUN-9695029,17-11-2023,Classic Tirmaisu,Dessert,DST-01,4,38000,152000,Digital Wallet,Take Away
2816,SUN-7858549,29-12-2023,Choco Lava Cake,Dessert,DST-04,1,35000,35000,Digital Wallet,Dine in
2817,SUN-3733608,11-05-2023,Iced Americano,Drinks,DRK-02,2,28000,56000,Digital Wallet,Dine in
2818,SUN-8974282,16-08-2023,Beef Carbonara Pasta,Food,FOD-02,3,52000,156000,Cash,Online Order
2819,SUN-5400711,12-05-2023,Caramel Machiato,Drinks,DRK-04,3,38000,114000,Digital Wallet,Take Away
2820,SUN-8476024,07-12-2023,Caramel Machiato,Drinks,DRK-04,4,38000,152000,Debit Card,Online Order
2821,SUN-8284786,27-06-2023,Beef Carbonara Pasta,Food,FOD-02,1,52000,52000,Digital Wallet,Take Away
2822,SUN-2709021,13-10-2023,Buttermilk Fried Chicken,Food,FOD-01,1,48000,48000,Digital Wallet,Take Away
2823,SUN-5080049,17-12-2023,Cafe Latte,Drinks,DRK-03,3,32000,96000,Debit Card,Take Away
2824,SUN-2449707,15-09-2023,Cinnamon Roll,Dessert,DST-05,3,28000,84000,Debit Card,Online Order
2825,SUN-9203678,22-02-2023,Choco Lava Cake,Dessert,DST-04,1,35000,35000,Cash,Take Away
2826,SUN-3900693,28-05-2023,Cinnamon Roll,Dessert,DST-05,3,28000,84000,Cash,Dine in
2827,SUN-9031388,20-07-2023,Cafe Latte,Drinks,DRK-03,3,32000,96000,Debit Card,Dine in
2828,SUN-7370969,08-09-2023,Beef Carbonara Pasta,Food,FOD-02,1,52000,52000,Debit Card,Take Away
2829,SUN-6570256,25-08-2023,Grill Chicken Caesar Salad,Food,FOD-04,1,42000,42000,Cash,Dine in
2830,SUN-4308241,21-12-2023,Iced Americano,Drinks,DRK-02,4,28000,112000,Cash,Dine in
2831,SUN-7381173,20-09-2023,Caramel Machiato,Drinks,DRK-04,2,38000,76000,Digital Wallet,Take Away
2832,SUN-5533603,30-12-2023,Club Sandwich,Food,FOD-05,2,45000,90000,Digital Wallet,Take Away
2833,SUN-4259678,25-01-2023,Classic Tirmaisu,Dessert,DST-01,4,38000,152000,Debit Card,Dine in
2834,SUN-5324530,19-03-2023,Club Sandwich,Food,FOD-05,1,45000,45000,Debit Card,Online Order
2835,SUN-5102133,07-08-2023,Caramel Machiato,Drinks,DRK-04,1,38000,38000,Digital Wallet,Take Away
2836,SUN-6337770,07-09-2023,Cafe Latte,Drinks,DRK-03,3,32000,96000,Digital Wallet,Online Order
2837,SUN-8745272,14-06-2023,Grill Chicken Caesar Salad,Food,FOD-04,1,42000,42000,Digital Wallet,Take Away
2838,SUN-4802968,26-02-2023,Club Sandwich,Food,FOD-05,1,45000,45000,Digital Wallet,Online Order
2839,SUN-7507520,04-05-2023,Classic Tirmaisu,Dessert,DST-01,3,38000,114000,Cash,Dine in
2840,SUN-2887746,27-01-2023,New York Cheesecake,Dessert,DST-03,2,42000,84000,Debit Card,Dine in
2841,SUN-2249858,21-12-2023,Buttermilk Fried Chicken,Food,FOD-01,3,48000,144000,Debit Card,Dine in
2842,SUN-2766434,08-09-2023,Cinnamon Roll,Dessert,DST-04,3,28000,84000,Cash,Take Away
2843,SUN-8701821,08-02-2023,Nasi Goreng Kampung,Food,FOD-03,4,38000,152000,Debit Card,Online Order
2844,SUN-7082755,29-08-2023,Espreso Single,Drinks,DRK-01,2,22000,44000,Cash,Dine in
2845,SUN-5503870,16-09-2023,Iced Americano,Drinks,DRK-02,1,28000,28000,Debit Card,Dine in
2846,SUN-3054220,21-03-2023,Cafe Latte,Drinks,DRK-03,3,32000,96000,Cash,Dine in
2847,SUN-9693872,23-05-2023,Nasi Goreng Kampung,Food,FOD-03,4,38000,152000,Digital Wallet,Take Away
2848,SUN-3582620,21-07-2023,Cinnamon Roll,Dessert,DST-05,2,28000,56000,Debit Card,Online Order
2849,SUN-5045173,13-12-2023,New York Cheesecake,Dessert,DST-03,3,42000,126000,Digital Wallet,Online Order
2850,SUN-7504727,07-01-2023,Fudgy Brownies,Dessert,DST-02,1,25000,25000,Debit Card,Online Order
2851,SUN-8298304,02-07-2023,Club Sandwich,Food,FOD-05,4,45000,180000,Digital Wallet,Online Order
2852,SUN-8805314,27-02-2023,Fudgy Brownies,Dessert,DST-02,4,25000,100000,Debit Card,Online Order
2853,SUN-5111046,15-06-2023,Caramel Machiato,Drinks,DRK-04,1,38000,38000,Debit Card,Dine in
2854,SUN-3800416,26-08-2023,Choco Lava Cake,Dessert,DST-04,1,35000,35000,Debit Card,Dine in
2855,SUN-6105587,01-04-2023,Choco Lava Cake,Dessert,DST-04,4,35000,140000,Digital Wallet,Online Order
2856,SUN-3753855,12-05-2023,Iced Americano,Drinks,DRK-02,2,28000,56000,Digital Wallet,Online Order
2857,SUN-9782968,14-07-2023,Cinnamon Roll,Dessert,DST-05,3,28000,84000,Digital Wallet,Take Away
2858,SUN-7307611,08-03-2023,Choco Lava Cake,Dessert,DST-04,2,35000,70000,Cash,Dine in
2859,SUN-3369789,12-11-2023,Classic Tirmaisu,Dessert,DST-01,3,38000,114000,Digital Wallet,Online Order
2860,SUN-4292056,20-09-2023,Grill Chicken Caesar Salad,Food,FOD-04,2,42000,84000,Debit Card,Online Order
2861,SUN-5992833,27-01-2023,Beef Carbonara Pasta,Food,FOD-02,4,52000,208000,Debit Card,Online Order
2862,SUN-8057476,24-05-2023,Nasi Goreng Kampung,Food,FOD-03,4,38000,152000,Debit Card,Take Away
2863,SUN-2490786,29-08-2023,Cinnamon Roll,Dessert,DST-05,4,28000,112000,Digital Wallet,Online Order
2864,SUN-4093739,31-01-2023,Espreso Single,Drinks,DRK-01,1,22000,22000,Digital Wallet,Take Away
2865,SUN-4471323,23-02-2023,Iced Americano,Drinks,DRK-02,4,28000,112000,Debit Card,Online Order
2866,SUN-7020751,29-01-2023,Classic Tirmaisu,Dessert,DST-01,3,38000,114000,Debit Card,Take Away
2867,SUN-8998339,24-03-2023,New York Cheesecake,Dessert,DST-03,4,42000,168000,Cash,Dine in
2868,SUN-5863315,11-12-2023,Iced Americano,Drinks,DRK-02,4,28000,112000,Digital Wallet,Dine in
2869,SUN-8007109,08-11-2023,Club Sandwich,Food,FOD-05,2,45000,90000,Digital Wallet,Online Order
2870,SUN-9833625,24-08-2023,Cafe Latte,Drinks,DRK-03,3,32000,96000,Debit Card,Online Order
2871,SUN-5423463,27-01-2023,New York Cheesecake,Dessert,DST-03,3,42000,126000,Digital Wallet,Online Order
2872,SUN-8970571,15-10-2023,Beef Carbonara Pasta,Food,FOD-02,3,52000,156000,Cash,Take Away
2873,SUN-6585912,25-09-2023,Caramel Machiato,Drinks,DRK-04,4,38000,152000,Digital Wallet,Dine in
2874,SUN-1446686,04-07-2023,Grill Chicken Caesar Salad,Food,FOD-04,1,42000,42000,Digital Wallet,Online Order
2875,SUN-6710749,22-01-2023,Iced Americano,Drinks,DRK-02,1,28000,28000,Debit Card,Online Order
2876,SUN-2361225,29-05-2023,Nasi Goreng Kampung,Food,FOD-03,4,38000,152000,Debit Card,Online Order
2877,SUN-5254897,05-07-2023,Club Sandwich,Food,FOD-05,1,45000,45000,Cash,Take Away
2878,SUN-5351597,10-02-2023,Club Sandwich,Food,FOD-05,3,45000,135000,Cash,Dine in
2879,SUN-6513639,16-08-2023,Creamy Maycha Latte,Drinks,DRK-05,1,35000,35000,Debit Card,Dine in
2880,SUN-3114568,11-07-2023,Nasi Goreng Kampung,Food,FOD-03,3,38000,114000,Debit Card,Online Order
2881,SUN-3142388,23-02-2023,Grill Chicken Caesar Salad,Food,FOD-04,2,42000,84000,Debit Card,Take Away
2882,SUN-6160368,01-02-2023,Choco Lava Cake,Dessert,DST-04,1,35000,35000,Cash,Take Away
2883,SUN-4818273,20-10-2023,Classic Tirmaisu,Dessert,DST-01,1,38000,38000,Digital Wallet,Take Away
2884,SUN-6902091,31-01-2023,Choco Lava Cake,Dessert,DST-04,1,35000,35000,Cash,Dine in
2885,SUN-5767837,22-03-2023,Nasi Goreng Kampung,Food,FOD-03,3,38000,114000,Debit Card,Dine in
2886,SUN-7512880,12-10-2023,Cafe Latte,Drinks,DRK-03,4,32000,128000,Debit Card,Take Away
2887,SUN-1076696,23-06-2023,Cafe Latte,Drinks,DRK-03,2,32000,64000,Debit Card,Online Order
2888,SUN-1061356,07-05-2023,Iced Americano,Drinks,DRK-02,2,28000,56000,Debit Card,Online Order
2889,SUN-2935519,29-03-2023,Classic Tirmaisu,Dessert,DST-01,1,38000,38000,Debit Card,Online Order
2890,SUN-1367777,10-06-2023,Grill Chicken Caesar Salad,Food,FOD-04,4,42000,168000,Digital Wallet,Take Away
2891,SUN-8126620,06-10-2023,Creamy Maycha Latte,Drinks,DRK-05,2,35000,70000,Digital Wallet,Dine in
2892,SUN-5920945,15-03-2023,Choco Lava Cake,Dessert,DST-04,1,35000,35000,Digital Wallet,Take Away
2893,SUN-2298153,02-04-2023,Fudgy Brownies,Dessert,DST-02,1,25000,25000,Digital Wallet,Dine in
2894,SUN-3018107,03-04-2023,Fudgy Brownies,Dessert,DST-02,3,25000,75000,Debit Card,Online Order
2895,SUN-3205939,06-04-2023,Beef Carbonara Pasta,Food,FOD-02,4,52000,208000,Cash,Dine in
2896,SUN-2297720,06-02-2023,Cafe Latte,Drinks,DRK-03,4,32000,128000,Digital Wallet,Dine in
2897,SUN-3172196,05-01-2023,Espreso Single,Drinks,DRK-01,2,22000,44000,Digital Wallet,Dine in
2898,SUN-5604908,17-11-2023,Cinnamon Roll,Dessert,DST-04,4,28000,112000,Debit Card,Dine in
2899,SUN-9566819,25-11-2023,Iced Americano,Drinks,DRK-02,2,28000,56000,Cash,Take Away
2900,SUN-3418601,15-04-2023,Cafe Latte,Drinks,DRK-03,4,32000,128000,Debit Card,Take Away
2901,SUN-7523319,13-01-2023,New York Cheesecake,Dessert,DST-03,1,42000,42000,Digital Wallet,Online Order
2902,SUN-7719061,29-05-2023,Cafe Latte,Drinks,DRK-03,4,32000,128000,Debit Card,Take Away
2903,SUN-1665080,25-04-2023,Buttermilk Fried Chicken,Food,FOD-01,2,48000,96000,Debit Card,Online Order
2904,SUN-3244486,15-12-2023,Cinnamon Roll,Dessert,DST-05,4,28000,112000,Debit Card,Take Away
2905,SUN-8122147,25-08-2023,Caramel Machiato,Drinks,DRK-04,3,38000,114000,Digital Wallet,Online Order
2906,SUN-7524093,15-03-2023,Espreso Single,Drinks,DRK-01,3,22000,66000,Cash,Take Away
2907,SUN-8665708,02-05-2023,Club Sandwich,Food,FOD-05,1,45000,45000,Debit Card,Online Order
2908,SUN-9361271,02-01-2023,Fudgy Brownies,Dessert,DST-02,4,25000,100000,Debit Card,Dine in
2909,SUN-4908468,06-08-2023,Choco Lava Cake,Dessert,DST-04,4,35000,140000,Digital Wallet,Take Away
2910,SUN-8347046,20-04-2023,Club Sandwich,Food,FOD-05,2,45000,90000,Digital Wallet,Take Away
2911,SUN-3281014,14-05-2023,Fudgy Brownies,Dessert,DST-02,3,25000,75000,Digital Wallet,Take Away
2912,SUN-2830354,04-10-2023,Grill Chicken Caesar Salad,Food,FOD-04,2,42000,84000,Digital Wallet,Take Away
2913,SUN-4122218,18-11-2023,Cafe Latte,Drinks,DRK-03,4,32000,128000,Debit Card,Dine in
2914,SUN-3096188,20-09-2023,Creamy Maycha Latte,Drinks,DRK-05,4,35000,140000,Debit Card,Online Order
2915,SUN-3483574,28-02-2023,New York Cheesecake,Dessert,DST-03,3,42000,126000,Debit Card,Online Order
2916,SUN-5829252,01-11-2023,New York Cheesecake,Dessert,DST-03,4,42000,168000,Debit Card,Online Order
2917,SUN-4076402,07-01-2023,Nasi Goreng Kampung,Food,FOD-03,4,38000,152000,Digital Wallet,Online Order
2918,SUN-4407036,24-02-2023,Nasi Goreng Kampung,Food,FOD-03,1,38000,38000,Digital Wallet,Dine in
2919,SUN-6360592,06-02-2023,Fudgy Brownies,Dessert,DST-02,1,25000,25000,Digital Wallet,Dine in
2920,SUN-9744171,22-05-2023,Buttermilk Fried Chicken,Food,FOD-01,4,48000,192000,Digital Wallet,Take Away
2921,SUN-1175068,11-07-2023,Beef Carbonara Pasta,Food,FOD-02,2,52000,104000,Debit Card,Online Order
2922,SUN-1892335,24-04-2023,Club Sandwich,Food,FOD-05,1,45000,45000,Cash,Dine in
2923,SUN-8653308,05-08-2023,Buttermilk Fried Chicken,Food,FOD-01,1,48000,48000,Debit Card,Online Order
2924,SUN-1570355,17-12-2023,Nasi Goreng Kampung,Food,FOD-03,1,38000,38000,Debit Card,Dine in
2925,SUN-8764636,01-11-2023,Creamy Maycha Latte,Drinks,DRK-05,3,35000,105000,Debit Card,Dine in
2926,SUN-6433301,13-06-2023,Cafe Latte,Drinks,DRK-03,4,32000,128000,Cash,Dine in
2927,SUN-1903400,15-12-2023,Choco Lava Cake,Dessert,DST-04,2,35000,70000,Debit Card,Online Order
2928,SUN-4702116,30-07-2023,Fudgy Brownies,Dessert,DST-02,3,25000,75000,Debit Card,Dine in
2929,SUN-1745511,27-05-2023,Fudgy Brownies,Dessert,DST-02,3,25000,75000,Digital Wallet,Online Order
2930,SUN-5566190,04-03-2023,Espreso Single,Drinks,DRK-01,1,22000,22000,Digital Wallet,Online Order
2931,SUN-9961474,28-10-2023,Espreso Single,Drinks,DRK-01,4,22000,88000,Digital Wallet,Dine in
2932,SUN-9783019,17-01-2023,Grill Chicken Caesar Salad,Food,FOD-04,1,42000,42000,Digital Wallet,Online Order
2933,SUN-6667524,28-05-2023,Espreso Single,Drinks,DRK-01,2,22000,44000,Digital Wallet,Online Order
2934,SUN-9124026,19-11-2023,Classic Tirmaisu,Dessert,DST-01,1,38000,38000,Debit Card,Dine in
2935,SUN-4216155,16-05-2023,Club Sandwich,Food,FOD-05,3,45000,135000,Digital Wallet,Online Order
2936,SUN-6275963,31-07-2023,Caramel Machiato,Drinks,DRK-04,3,38000,114000,Debit Card,Online Order
2937,SUN-7058153,18-02-2023,Creamy Maycha Latte,Drinks,DRK-05,4,35000,140000,Digital Wallet,Take Away
2938,SUN-3269266,01-10-2023,Cafe Latte,Drinks,DRK-03,1,32000,32000,Debit Card,Dine in
2939,SUN-8099789,14-11-2023,Classic Tirmaisu,Dessert,DST-01,3,38000,114000,Digital Wallet,Online Order
2940,SUN-7949054,13-01-2023,New York Cheesecake,Dessert,DST-03,3,42000,126000,Digital Wallet,Online Order
2941,SUN-9866116,03-05-2023,Iced Americano,Drinks,DRK-02,4,28000,112000,Digital Wallet,Dine in
2942,SUN-4156545,23-11-2023,Choco Lava Cake,Dessert,DST-04,4,35000,140000,Debit Card,Take Away
2943,SUN-9783783,25-08-2023,Iced Americano,Drinks,DRK-02,3,28000,84000,Debit Card,Dine in
2944,SUN-3111457,02-07-2023,Espreso Single,Drinks,DRK-01,3,22000,66000,Digital Wallet,Take Away
2945,SUN-8193276,08-07-2023,Buttermilk Fried Chicken,Food,FOD-01,1,48000,48000,Debit Card,Dine in
2946,SUN-3098478,03-01-2023,Beef Carbonara Pasta,Food,FOD-02,2,52000,104000,Digital Wallet,Online Order
2947,SUN-3140108,30-12-2023,Fudgy Brownies,Dessert,DST-02,4,25000,100000,Debit Card,Take Away
2948,SUN-9535478,26-05-2023,Espreso Single,Drinks,DRK-01,3,22000,66000,Debit Card,Online Order
2949,SUN-5536555,04-04-2023,Espreso Single,Drinks,DRK-01,2,22000,44000,Debit Card,Dine in
2950,SUN-3588124,21-08-2023,Iced Americano,Drinks,DRK-02,1,28000,28000,Digital Wallet,Dine in
2951,SUN-9420903,21-07-2023,Grill Chicken Caesar Salad,Food,FOD-04,4,42000,168000,Cash,Dine in
2952,SUN-5458530,16-03-2023,Iced Americano,Drinks,DRK-02,2,28000,56000,Digital Wallet,Dine in
2953,SUN-8692245,16-10-2023,Grill Chicken Caesar Salad,Food,FOD-04,2,42000,84000,Digital Wallet,Dine in
2954,SUN-1803493,17-05-2023,Club Sandwich,Food,FOD-05,4,45000,180000,Debit Card,Dine in
2955,SUN-3494489,11-03-2023,Beef Carbonara Pasta,Food,FOD-02,1,52000,52000,Digital Wallet,Dine in
2956,SUN-1344499,11-11-2023,Buttermilk Fried Chicken,Food,FOD-01,2,48000,96000,Cash,Dine in
2957,SUN-7062742,28-10-2023,Cafe Latte,Drinks,DRK-03,3,32000,96000,Debit Card,Take Away
2958,SUN-1870816,10-12-2023,Cinnamon Roll,Dessert,DST-04,3,28000,84000,Debit Card,Dine in
2959,SUN-3845205,23-07-2023,Choco Lava Cake,Dessert,DST-04,1,35000,35000,Debit Card,Online Order
2960,SUN-4749779,11-07-2023,New York Cheesecake,Dessert,DST-03,1,42000,42000,Digital Wallet,Take Away
2961,SUN-2120981,07-02-2023,Caramel Machiato,Drinks,DRK-04,3,38000,114000,Cash,Dine in
2962,SUN-8987244,25-09-2023,Espreso Single,Drinks,DRK-01,2,22000,44000,Debit Card,Dine in
2963,SUN-2370297,20-12-2023,Buttermilk Fried Chicken,Food,FOD-01,1,48000,48000,Cash,Dine in
2964,SUN-5896014,20-06-2023,Fudgy Brownies,Dessert,DST-02,2,25000,50000,Debit Card,Take Away
2965,SUN-1741012,31-05-2023,Nasi Goreng Kampung,Food,FOD-03,3,38000,114000,Cash,Dine in
2966,SUN-9200192,23-04-2023,Classic Tirmaisu,Dessert,DST-01,4,38000,152000,Debit Card,Dine in
2967,SUN-7843436,23-06-2023,Buttermilk Fried Chicken,Food,FOD-01,3,48000,144000,Debit Card,Take Away
2968,SUN-4961455,13-02-2023,Club Sandwich,Food,FOD-05,1,45000,45000,Digital Wallet,Dine in
2969,SUN-1229516,14-10-2023,Creamy Maycha Latte,Drinks,DRK-05,1,35000,35000,Digital Wallet,Dine in
2970,SUN-2966768,29-07-2023,Cinnamon Roll,Dessert,DST-05,2,28000,56000,Debit Card,Dine in
2971,SUN-5604266,19-12-2023,Espreso Single,Drinks,DRK-01,1,22000,22000,Digital Wallet,Online Order
2972,SUN-6625289,07-03-2023,Espreso Single,Drinks,DRK-01,2,22000,44000,Digital Wallet,Dine in
2973,SUN-5964979,31-03-2023,Caramel Machiato,Drinks,DRK-04,3,38000,114000,Digital Wallet,Take Away
2974,SUN-4299765,10-03-2023,Choco Lava Cake,Dessert,DST-04,1,35000,35000,Debit Card,Dine in
2975,SUN-8222560,19-02-2023,Cinnamon Roll,Dessert,DST-05,1,28000,28000,Digital Wallet,Take Away
2976,SUN-3042162,21-08-2023,Cinnamon Roll,Dessert,DST-05,4,28000,112000,Digital Wallet,Online Order
2977,SUN-2737572,29-09-2023,Choco Lava Cake,Dessert,DST-04,4,35000,140000,Cash,Take Away
2978,SUN-1001089,26-07-2023,Club Sandwich,Food,FOD-05,1,45000,45000,Cash,Take Away
2979,SUN-4489691,05-09-2023,Cafe Latte,Drinks,DRK-03,1,32000,32000,Debit Card,Online Order
2980,SUN-7468844,12-01-2023,Beef Carbonara Pasta,Food,FOD-02,3,52000,156000,Debit Card,Online Order
2981,SUN-6153338,12-06-2023,Cafe Latte,Drinks,DRK-03,4,32000,128000,Debit Card,Dine in
2982,SUN-5127376,11-02-2023,Beef Carbonara Pasta,Food,FOD-02,4,52000,208000,Cash,Dine in
2983,SUN-7093529,25-08-2023,Espreso Single,Drinks,DRK-01,1,22000,22000,Debit Card,Online Order
2984,SUN-1467319,14-05-2023,Creamy Maycha Latte,Drinks,DRK-05,4,35000,140000,Debit Card,Take Away
2985,SUN-1686208,11-12-2023,New York Cheesecake,Dessert,DST-03,3,42000,126000,Debit Card,Online Order
2986,SUN-5333145,30-04-2023,Cafe Latte,Drinks,DRK-03,1,32000,32000,Digital Wallet,Online Order
2987,SUN-5899396,04-11-2023,Cinnamon Roll,Dessert,DST-05,1,28000,28000,Debit Card,Online Order
2988,SUN-8071984,15-09-2023,Beef Carbonara Pasta,Food,FOD-02,4,52000,208000,Debit Card,Take Away
2989,SUN-2368687,27-07-2023,Club Sandwich,Food,FOD-05,4,45000,180000,Cash,Dine in
2990,SUN-5103483,01-07-2023,Choco Lava Cake,Dessert,DST-04,4,35000,140000,Digital Wallet,Dine in
2991,SUN-8461437,28-11-2023,Iced Americano,Drinks,DRK-02,4,28000,112000,Cash,Take Away
2992,SUN-7523873,14-08-2023,Nasi Goreng Kampung,Food,FOD-03,3,38000,114000,Digital Wallet,Take Away
2993,SUN-5185735,30-11-2023,Club Sandwich,Food,FOD-05,2,45000,90000,Debit Card,Take Away
2994,SUN-9861208,01-09-2023,Club Sandwich,Food,FOD-05,2,45000,90000,Debit Card,Online Order
2995,SUN-3435348,09-10-2023,Espreso Single,Drinks,DRK-01,4,22000,88000,Debit Card,Dine in
2996,SUN-2966331,03-10-2023,Buttermilk Fried Chicken,Food,FOD-01,3,48000,144000,Debit Card,Dine in
2997,SUN-3808743,13-02-2023,Nasi Goreng Kampung,Food,FOD-03,3,38000,114000,Debit Card,Dine in
2998,SUN-6807780,18-03-2023,Cafe Latte,Drinks,DRK-03,2,32000,64000,Digital Wallet,Online Order
2999,SUN-1818653,25-07-2023,Grill Chicken Caesar Salad,Food,FOD-04,3,42000,126000,Cash,Take Away
3000,SUN-6031786,06-07-2023,Beef Carbonara Pasta,Food,FOD-02,4,52000,208000,Digital Wallet,Dine in
3001,SUN-3813672,10-08-2023,Beef Carbonara Pasta,Food,FOD-02,4,52000,208000,Debit Card,Dine in
3002,SUN-1880922,21-07-2023,Buttermilk Fried Chicken,Food,FOD-01,2,48000,96000,Debit Card,Online Order
3003,SUN-5932225,17-11-2023,Caramel Machiato,Drinks,DRK-04,1,38000,38000,Digital Wallet,Online Order
3004,SUN-6480741,12-04-2023,Cafe Latte,Drinks,DRK-03,4,32000,128000,Digital Wallet,Online Order
3005,SUN-8004956,08-07-2023,Creamy Maycha Latte,Drinks,DRK-05,3,35000,105000,Debit Card,Take Away
3006,SUN-9408323,07-11-2023,Fudgy Brownies,Dessert,DST-02,2,25000,50000,Debit Card,Dine in
3007,SUN-6001558,12-08-2023,New York Cheesecake,Dessert,DST-03,3,42000,126000,Digital Wallet,Dine in
3008,SUN-5102888,17-09-2023,Club Sandwich,Food,FOD-05,2,45000,90000,Debit Card,Online Order
3009,SUN-6636259,19-09-2023,Caramel Machiato,Drinks,DRK-04,2,38000,76000,Digital Wallet,Online Order
3010,SUN-6620364,09-06-2023,Iced Americano,Drinks,DRK-02,1,28000,28000,Cash,Dine in
3011,SUN-2251520,31-01-2023,Cafe Latte,Drinks,DRK-03,4,32000,128000,Cash,Dine in
3012,SUN-7852032,27-08-2023,New York Cheesecake,Dessert,DST-03,1,42000,42000,Digital Wallet,Dine in
3013,SUN-1079051,21-01-2023,Caramel Machiato,Drinks,DRK-04,4,38000,152000,Cash,Dine in
3014,SUN-8792060,14-05-2023,Cinnamon Roll,Dessert,DST-05,3,28000,84000,Debit Card,Dine in
3015,SUN-5533126,12-01-2023,Beef Carbonara Pasta,Food,FOD-02,4,52000,208000,Digital Wallet,Take Away
3016,SUN-9662409,24-06-2023,Beef Carbonara Pasta,Food,FOD-02,1,52000,52000,Debit Card,Take Away
3017,SUN-6431631,08-02-2023,Cafe Latte,Drinks,DRK-03,3,32000,96000,Debit Card,Dine in
3018,SUN-5604103,14-11-2023,Choco Lava Cake,Dessert,DST-04,3,35000,105000,Digital Wallet,Dine in
3019,SUN-2836539,04-04-2023,Choco Lava Cake,Dessert,DST-04,1,35000,35000,Digital Wallet,Take Away
3020,SUN-2944861,30-12-2023,Iced Americano,Drinks,DRK-02,1,28000,28000,Digital Wallet,Online Order
3021,SUN-8628240,18-01-2023,Club Sandwich,Food,FOD-05,3,45000,135000,Debit Card,Take Away
3022,SUN-1441438,14-04-2023,Choco Lava Cake,Dessert,DST-04,1,35000,35000,Digital Wallet,Online Order
3023,SUN-4023569,06-08-2023,Cafe Latte,Drinks,DRK-03,3,32000,96000,Cash,Dine in
3024,SUN-3317458,08-05-2023,Caramel Machiato,Drinks,DRK-04,2,38000,76000,Cash,Take Away
3025,SUN-6898282,28-07-2023,Cafe Latte,Drinks,DRK-03,1,32000,32000,Debit Card,Dine in
3026,SUN-6709910,26-04-2023,Creamy Maycha Latte,Drinks,DRK-05,4,35000,140000,Debit Card,Dine in
3027,SUN-6033323,16-06-2023,Club Sandwich,Food,FOD-05,2,45000,90000,Debit Card,Online Order
3028,SUN-7840898,19-03-2023,New York Cheesecake,Dessert,DST-03,2,42000,84000,Debit Card,Dine in
3029,SUN-5131255,04-01-2023,Fudgy Brownies,Dessert,DST-02,4,25000,100000,Debit Card,Dine in
3030,SUN-9965357,26-10-2023,New York Cheesecake,Dessert,DST-03,4,42000,168000,Digital Wallet,Online Order
3031,SUN-2970006,09-07-2023,Creamy Maycha Latte,Drinks,DRK-05,4,35000,140000,Debit Card,Dine in
3032,SUN-6862087,29-10-2023,Fudgy Brownies,Dessert,DST-02,2,25000,50000,Cash,Dine in
3033,SUN-5515642,16-02-2023,Fudgy Brownies,Dessert,DST-02,3,25000,75000,Digital Wallet,Online Order
3034,SUN-7853065,07-09-2023,Beef Carbonara Pasta,Food,FOD-02,3,52000,156000,Cash,Take Away
3035,SUN-4815434,02-01-2023,Choco Lava Cake,Dessert,DST-04,2,35000,70000,Cash,Dine in
3036,SUN-1288108,18-11-2023,Fudgy Brownies,Dessert,DST-02,4,25000,100000,Digital Wallet,Online Order
3037,SUN-7140180,18-10-2023,Buttermilk Fried Chicken,Food,FOD-01,3,48000,144000,Cash,Dine in
3038,SUN-9836302,12-03-2023,Nasi Goreng Kampung,Food,FOD-03,1,38000,38000,Digital Wallet,Take Away
3039,SUN-1378432,29-11-2023,Cafe Latte,Drinks,DRK-03,1,32000,32000,Debit Card,Online Order
3040,SUN-2819292,22-03-2023,Grill Chicken Caesar Salad,Food,FOD-04,1,42000,42000,Cash,Take Away
3041,SUN-1262447,27-01-2023,Cinnamon Roll,Dessert,DST-05,4,28000,112000,Cash,Dine in
3042,SUN-7691740,29-07-2023,Cinnamon Roll,Dessert,DST-05,1,28000,28000,Digital Wallet,Online Order
3043,SUN-9252302,29-08-2023,Beef Carbonara Pasta,Food,FOD-02,2,52000,104000,Digital Wallet,Take Away
3044,SUN-4916001,04-10-2023,Fudgy Brownies,Dessert,DST-02,1,25000,25000,Debit Card,Take Away
3045,SUN-6127634,20-01-2023,Club Sandwich,Food,FOD-05,1,45000,45000,Debit Card,Online Order
3046,SUN-3358742,16-12-2023,Nasi Goreng Kampung,Food,FOD-03,3,38000,114000,Digital Wallet,Dine in
3047,SUN-7029633,01-08-2023,Creamy Maycha Latte,Drinks,DRK-05,2,35000,70000,Debit Card,Online Order
3048,SUN-3775655,18-07-2023,Buttermilk Fried Chicken,Food,FOD-01,2,48000,96000,Debit Card,Online Order
3049,SUN-3281192,16-08-2023,Caramel Machiato,Drinks,DRK-04,4,38000,152000,Debit Card,Take Away
3050,SUN-2954803,29-04-2023,New York Cheesecake,Dessert,DST-03,4,42000,168000,Digital Wallet,Dine in
3051,SUN-5046847,03-08-2023,Choco Lava Cake,Dessert,DST-04,1,35000,35000,Debit Card,Online Order
3052,SUN-5545089,07-08-2023,Choco Lava Cake,Dessert,DST-04,2,35000,70000,Cash,Take Away
3053,SUN-4200712,28-12-2023,Choco Lava Cake,Dessert,DST-04,4,35000,140000,Digital Wallet,Dine in
3054,SUN-4814202,22-03-2023,Espreso Single,Drinks,DRK-01,3,22000,66000,Debit Card,Take Away
3055,SUN-5723781,12-08-2023,Iced Americano,Drinks,DRK-02,2,28000,56000,Digital Wallet,Dine in
3056,SUN-3643571,25-10-2023,Choco Lava Cake,Dessert,DST-04,3,35000,105000,Digital Wallet,Dine in
3057,SUN-2925018,02-03-2023,Beef Carbonara Pasta,Food,FOD-02,2,52000,104000,Debit Card,Take Away
3058,SUN-1332023,20-01-2023,Fudgy Brownies,Dessert,DST-02,4,25000,100000,Digital Wallet,Take Away
3059,SUN-6661094,07-12-2023,Creamy Maycha Latte,Drinks,DRK-05,2,35000,70000,Debit Card,Dine in
3060,SUN-4509921,04-11-2023,Cafe Latte,Drinks,DRK-03,4,32000,128000,Cash,Take Away
3061,SUN-8490088,20-04-2023,Creamy Maycha Latte,Drinks,DRK-05,3,35000,105000,Debit Card,Online Order
3062,SUN-2891799,15-10-2023,Fudgy Brownies,Dessert,DST-02,1,25000,25000,Debit Card,Online Order
3063,SUN-3874999,16-07-2023,Classic Tirmaisu,Dessert,DST-01,2,38000,76000,Digital Wallet,Dine in
3064,SUN-1893321,02-04-2023,Espreso Single,Drinks,DRK-01,2,22000,44000,Debit Card,Take Away
3065,SUN-6292181,20-08-2023,Cinnamon Roll,Dessert,DST-05,2,28000,56000,Debit Card,Take Away
3066,SUN-1178996,04-04-2023,Grill Chicken Caesar Salad,Food,FOD-04,3,42000,126000,Digital Wallet,Dine in
3067,SUN-1245637,22-10-2023,Caramel Machiato,Drinks,DRK-04,3,38000,114000,Debit Card,Online Order
3068,SUN-1033639,07-08-2023,Buttermilk Fried Chicken,Food,FOD-01,4,48000,192000,Digital Wallet,Dine in
3069,SUN-7013243,31-01-2023,Iced Americano,Drinks,DRK-02,2,28000,56000,Debit Card,Dine in
3070,SUN-8609225,29-06-2023,Club Sandwich,Food,FOD-05,3,45000,135000,Digital Wallet,Online Order
3071,SUN-6243467,15-05-2023,Grill Chicken Caesar Salad,Food,FOD-04,4,42000,168000,Digital Wallet,Dine in
3072,SUN-6888527,31-10-2023,Buttermilk Fried Chicken,Food,FOD-01,3,48000,144000,Debit Card,Online Order
3073,SUN-4814191,11-06-2023,Iced Americano,Drinks,DRK-02,2,28000,56000,Debit Card,Online Order
3074,SUN-3844799,19-11-2023,Espreso Single,Drinks,DRK-01,3,22000,66000,Debit Card,Online Order
3075,SUN-7531923,07-08-2023,Cinnamon Roll,Dessert,DST-04,1,28000,28000,Digital Wallet,Online Order
3076,SUN-9884653,23-04-2023,Caramel Machiato,Drinks,DRK-04,4,38000,152000,Debit Card,Dine in
3077,SUN-9055271,28-11-2023,Iced Americano,Drinks,DRK-02,3,28000,84000,Debit Card,Take Away
3078,SUN-9878070,25-08-2023,Espreso Single,Drinks,DRK-01,2,22000,44000,Debit Card,Dine in
3079,SUN-3095828,21-04-2023,Grill Chicken Caesar Salad,Food,FOD-04,4,42000,168000,Digital Wallet,Online Order
3080,SUN-8062457,22-03-2023,Caramel Machiato,Drinks,DRK-04,4,38000,152000,Cash,Take Away
3081,SUN-4832229,07-05-2023,Buttermilk Fried Chicken,Food,FOD-01,4,48000,192000,Digital Wallet,Take Away
3082,SUN-9093872,30-03-2023,Choco Lava Cake,Dessert,DST-04,4,35000,140000,Debit Card,Dine in
3083,SUN-8956359,03-09-2023,Fudgy Brownies,Dessert,DST-02,2,25000,50000,Digital Wallet,Dine in
3084,SUN-8888652,14-01-2023,Iced Americano,Drinks,DRK-02,1,28000,28000,Cash,Take Away
3085,SUN-6412194,18-03-2023,Classic Tirmaisu,Dessert,DST-01,2,38000,76000,Debit Card,Take Away
3086,SUN-2945003,01-09-2023,Beef Carbonara Pasta,Food,FOD-02,2,52000,104000,Cash,Take Away
3087,SUN-6856121,06-07-2023,Cinnamon Roll,Dessert,DST-05,3,28000,84000,Debit Card,Online Order
3088,SUN-9292470,19-10-2023,Grill Chicken Caesar Salad,Food,FOD-04,4,42000,168000,Debit Card,Dine in
3089,SUN-6899670,27-04-2023,New York Cheesecake,Dessert,DST-03,2,42000,84000,Cash,Dine in
3090,SUN-7005606,02-07-2023,Buttermilk Fried Chicken,Food,FOD-01,3,48000,144000,Cash,Take Away
3091,SUN-8031877,16-08-2023,Cafe Latte,Drinks,DRK-03,4,32000,128000,Debit Card,Take Away
3092,SUN-4255800,10-10-2023,Caramel Machiato,Drinks,DRK-04,3,38000,114000,Digital Wallet,Take Away
3093,SUN-3582919,31-07-2023,Nasi Goreng Kampung,Food,FOD-03,2,38000,76000,Digital Wallet,Online Order
3094,SUN-8872406,28-12-2023,Fudgy Brownies,Dessert,DST-02,4,25000,100000,Debit Card,Online Order
3095,SUN-2431083,08-09-2023,Grill Chicken Caesar Salad,Food,FOD-04,1,42000,42000,Debit Card,Online Order
3096,SUN-3055959,21-02-2023,Choco Lava Cake,Dessert,DST-04,4,35000,140000,Debit Card,Online Order
3097,SUN-2750166,06-06-2023,New York Cheesecake,Dessert,DST-03,4,42000,168000,Cash,Online Order
3098,SUN-6727138,30-01-2023,Caramel Machiato,Drinks,DRK-04,4,38000,152000,Digital Wallet,Take Away
3099,SUN-1986037,27-03-2023,Cafe Latte,Drinks,DRK-03,1,32000,32000,Digital Wallet,Dine in
3100,SUN-3915787,23-05-2023,Espreso Single,Drinks,DRK-01,3,22000,66000,Cash,Take Away
3101,SUN-8860900,06-01-2023,Choco Lava Cake,Dessert,DST-04,2,35000,70000,Cash,Dine in
3102,SUN-3717010,19-12-2023,Fudgy Brownies,Dessert,DST-02,2,25000,50000,Cash,Dine in
3103,SUN-2471326,08-08-2023,Nasi Goreng Kampung,Food,FOD-03,1,38000,38000,Cash,Dine in
3104,SUN-3404402,11-06-2023,Buttermilk Fried Chicken,Food,FOD-01,4,48000,192000,Cash,Take Away
3105,SUN-7224659,24-03-2023,Buttermilk Fried Chicken,Food,FOD-01,4,48000,192000,Cash,Online Order
3106,SUN-2700640,28-01-2023,Buttermilk Fried Chicken,Food,FOD-01,3,48000,144000,Digital Wallet,Online Order
3107,SUN-8919922,02-01-2023,Buttermilk Fried Chicken,Food,FOD-01,4,48000,192000,Debit Card,Online Order
3108,SUN-9797434,12-12-2023,Creamy Maycha Latte,Drinks,DRK-05,1,35000,35000,Debit Card,Online Order
3109,SUN-9716107,17-05-2023,Buttermilk Fried Chicken,Food,FOD-01,4,48000,192000,Digital Wallet,Online Order
3110,SUN-6502963,24-09-2023,Cafe Latte,Drinks,DRK-03,1,32000,32000,Digital Wallet,Take Away
3111,SUN-3715005,11-04-2023,Caramel Machiato,Drinks,DRK-04,2,38000,76000,Digital Wallet,Dine in
3112,SUN-3852393,31-12-2023,Classic Tirmaisu,Dessert,DST-01,1,38000,38000,Debit Card,Dine in
3113,SUN-4750573,07-09-2023,Fudgy Brownies,Dessert,DST-02,4,25000,100000,Digital Wallet,Online Order
3114,SUN-6175353,21-07-2023,Nasi Goreng Kampung,Food,FOD-03,1,38000,38000,Digital Wallet,Take Away
3115,SUN-3019142,19-04-2023,New York Cheesecake,Dessert,DST-03,4,42000,168000,Debit Card,Take Away
3116,SUN-9363023,24-07-2023,Caramel Machiato,Drinks,DRK-04,1,38000,38000,Cash,Dine in
3117,SUN-2267777,15-05-2023,Creamy Maycha Latte,Drinks,DRK-05,2,35000,70000,Debit Card,Take Away
3118,SUN-5985893,13-11-2023,Beef Carbonara Pasta,Food,FOD-02,4,52000,208000,Cash,Take Away
3119,SUN-1320066,22-09-2023,Caramel Machiato,Drinks,DRK-04,2,38000,76000,Digital Wallet,Online Order
3120,SUN-9929743,20-07-2023,Club Sandwich,Food,FOD-05,1,45000,45000,Digital Wallet,Online Order
3121,SUN-6104703,04-09-2023,Cafe Latte,Drinks,DRK-03,4,32000,128000,Digital Wallet,Dine in
3122,SUN-9996474,08-09-2023,New York Cheesecake,Dessert,DST-03,4,42000,168000,Digital Wallet,Online Order
3123,SUN-6972078,28-02-2023,Fudgy Brownies,Dessert,DST-02,4,25000,100000,Debit Card,Online Order
3124,SUN-9342485,12-12-2023,Caramel Machiato,Drinks,DRK-04,4,38000,152000,Cash,Take Away
3125,SUN-9293230,03-08-2023,Creamy Maycha Latte,Drinks,DRK-05,2,35000,70000,Debit Card,Online Order
3126,SUN-4578316,18-03-2023,Beef Carbonara Pasta,Food,FOD-02,2,52000,104000,Digital Wallet,Online Order
3127,SUN-9966478,07-12-2023,Nasi Goreng Kampung,Food,FOD-03,3,38000,114000,Digital Wallet,Online Order
3128,SUN-7606248,08-06-2023,Iced Americano,Drinks,DRK-02,1,28000,28000,Debit Card,Take Away
3129,SUN-4018592,28-11-2023,Classic Tirmaisu,Dessert,DST-01,3,38000,114000,Digital Wallet,Online Order
3130,SUN-1076349,04-06-2023,Fudgy Brownies,Dessert,DST-02,1,25000,25000,Debit Card,Take Away
3131,SUN-2512178,07-11-2023,Nasi Goreng Kampung,Food,FOD-03,1,38000,38000,Debit Card,Dine in
3132,SUN-3995123,21-08-2023,Espreso Single,Drinks,DRK-01,1,22000,22000,Cash,Dine in
3133,SUN-5105520,13-04-2023,Cinnamon Roll,Dessert,DST-05,3,28000,84000,Debit Card,Online Order
3134,SUN-9777387,25-04-2023,Classic Tirmaisu,Dessert,DST-01,3,38000,114000,Digital Wallet,Dine in
3135,SUN-3860050,17-12-2023,Buttermilk Fried Chicken,Food,FOD-01,4,48000,192000,Digital Wallet,Dine in
3136,SUN-1015991,31-07-2023,Espreso Single,Drinks,DRK-01,1,22000,22000,Debit Card,Dine in
3137,SUN-8936012,14-03-2023,Cinnamon Roll,Dessert,DST-05,4,28000,112000,Cash,Take Away
3138,SUN-2079861,08-07-2023,Club Sandwich,Food,FOD-05,2,45000,90000,Debit Card,Take Away
3139,SUN-5908086,27-05-2023,Classic Tirmaisu,Dessert,DST-01,4,38000,152000,Debit Card,Online Order
3140,SUN-6631251,31-07-2023,Grill Chicken Caesar Salad,Food,FOD-04,3,42000,126000,Debit Card,Take Away
3141,SUN-1365668,11-02-2023,Creamy Maycha Latte,Drinks,DRK-05,4,35000,140000,Digital Wallet,Dine in
3142,SUN-3034761,14-11-2023,Grill Chicken Caesar Salad,Food,FOD-04,4,42000,168000,Digital Wallet,Online Order
3143,SUN-4133810,26-07-2023,Nasi Goreng Kampung,Food,FOD-03,3,38000,114000,Digital Wallet,Online Order
3144,SUN-5262329,23-11-2023,Nasi Goreng Kampung,Food,FOD-03,4,38000,152000,Debit Card,Take Away
3145,SUN-4958297,21-09-2023,Creamy Maycha Latte,Drinks,DRK-05,4,35000,140000,Digital Wallet,Online Order
3146,SUN-5695179,13-04-2023,Choco Lava Cake,Dessert,DST-04,2,35000,70000,Digital Wallet,Online Order
3147,SUN-2485426,08-09-2023,Beef Carbonara Pasta,Food,FOD-02,4,52000,208000,Digital Wallet,Online Order
3148,SUN-3372463,20-06-2023,Nasi Goreng Kampung,Food,FOD-03,4,38000,152000,Cash,Online Order
3149,SUN-3055761,03-01-2023,Creamy Maycha Latte,Drinks,DRK-05,4,35000,140000,Digital Wallet,Online Order
3150,SUN-6698248,29-11-2023,Club Sandwich,Food,FOD-05,1,45000,45000,Cash,Take Away
3151,SUN-9013012,25-12-2023,Caramel Machiato,Drinks,DRK-04,3,38000,114000,Digital Wallet,Take Away
3152,SUN-8125535,25-12-2023,Beef Carbonara Pasta,Food,FOD-02,1,52000,52000,Debit Card,Online Order
3153,SUN-6951303,24-04-2023,New York Cheesecake,Dessert,DST-03,2,42000,84000,Digital Wallet,Dine in
3154,SUN-1285109,29-01-2023,Espreso Single,Drinks,DRK-01,1,22000,22000,Cash,Dine in
3155,SUN-3529314,28-09-2023,New York Cheesecake,Dessert,DST-03,3,42000,126000,Digital Wallet,Dine in
3156,SUN-7789402,12-02-2023,Fudgy Brownies,Dessert,DST-02,3,25000,75000,Debit Card,Online Order
3157,SUN-6315367,05-12-2023,Iced Americano,Drinks,DRK-02,4,28000,112000,Cash,Dine in
3158,SUN-4201335,21-08-2023,Cinnamon Roll,Dessert,DST-05,2,28000,56000,Digital Wallet,Dine in
3159,SUN-7608257,12-10-2023,Espreso Single,Drinks,DRK-01,4,22000,88000,Debit Card,Take Away
3160,SUN-8679241,22-10-2023,Club Sandwich,Food,FOD-05,3,45000,135000,Digital Wallet,Dine in
3161,SUN-1835420,10-07-2023,Caramel Machiato,Drinks,DRK-04,1,38000,38000,Debit Card,Take Away
3162,SUN-1773693,25-05-2023,Espreso Single,Drinks,DRK-01,3,22000,66000,Debit Card,Online Order
3163,SUN-3109677,16-07-2023,Espreso Single,Drinks,DRK-01,3,22000,66000,Debit Card,Dine in
3164,SUN-4679508,29-12-2023,Cinnamon Roll,Dessert,DST-05,4,28000,112000,Debit Card,Dine in
3165,SUN-2833222,22-02-2023,Iced Americano,Drinks,DRK-02,3,28000,84000,Digital Wallet,Online Order
3166,SUN-2261949,04-06-2023,Caramel Machiato,Drinks,DRK-04,4,38000,152000,Digital Wallet,Take Away
3167,SUN-5199712,20-05-2023,Classic Tirmaisu,Dessert,DST-01,2,38000,76000,Digital Wallet,Online Order
3168,SUN-6438386,29-09-2023,Grill Chicken Caesar Salad,Food,FOD-04,4,42000,168000,Debit Card,Online Order
3169,SUN-1355716,28-10-2023,Cafe Latte,Drinks,DRK-03,1,32000,32000,Debit Card,Take Away
3170,SUN-1292700,18-04-2023,Iced Americano,Drinks,DRK-02,2,28000,56000,Cash,Dine in
3171,SUN-8346034,06-09-2023,New York Cheesecake,Dessert,DST-03,4,42000,168000,Debit Card,Take Away
3172,SUN-2295369,11-04-2023,Creamy Maycha Latte,Drinks,DRK-05,2,35000,70000,Digital Wallet,Online Order
3173,SUN-7705904,31-08-2023,Caramel Machiato,Drinks,DRK-04,1,38000,38000,Digital Wallet,Take Away
3174,SUN-3055272,28-11-2023,Beef Carbonara Pasta,Food,FOD-02,2,52000,104000,Cash,Take Away
3175,SUN-3197408,06-09-2023,Choco Lava Cake,Dessert,DST-04,4,35000,140000,Debit Card,Online Order
3176,SUN-6283847,10-04-2023,New York Cheesecake,Dessert,DST-03,2,42000,84000,Debit Card,Dine in
3177,SUN-8237116,08-05-2023,Choco Lava Cake,Dessert,DST-04,3,35000,105000,Cash,Dine in
3178,SUN-2824095,23-11-2023,Grill Chicken Caesar Salad,Food,FOD-04,4,42000,168000,Debit Card,Dine in
3179,SUN-1793951,24-12-2023,Cafe Latte,Drinks,DRK-03,1,32000,32000,Digital Wallet,Take Away
3180,SUN-5003330,16-10-2023,Classic Tirmaisu,Dessert,DST-01,2,38000,76000,Digital Wallet,Dine in
3181,SUN-8106845,03-05-2023,Cinnamon Roll,Dessert,DST-05,4,28000,112000,Debit Card,Online Order
3182,SUN-3573016,30-05-2023,Cinnamon Roll,Dessert,DST-05,4,28000,112000,Digital Wallet,Online Order
3183,SUN-9507668,10-03-2023,Iced Americano,Drinks,DRK-02,3,28000,84000,Debit Card,Dine in
3184,SUN-5109800,15-04-2023,Caramel Machiato,Drinks,DRK-04,1,38000,38000,Cash,Take Away
3185,SUN-7964515,02-09-2023,Cinnamon Roll,Dessert,DST-05,3,28000,84000,Debit Card,Dine in
3186,SUN-1624497,01-02-2023,Cinnamon Roll,Dessert,DST-05,4,28000,112000,Debit Card,Dine in
3187,SUN-9869932,03-03-2023,Fudgy Brownies,Dessert,DST-02,4,25000,100000,Debit Card,Online Order
3188,SUN-4242400,27-11-2023,Caramel Machiato,Drinks,DRK-04,4,38000,152000,Debit Card,Take Away
3189,SUN-5296763,22-12-2023,Creamy Maycha Latte,Drinks,DRK-05,4,35000,140000,Digital Wallet,Dine in
3190,SUN-7156476,28-11-2023,Club Sandwich,Food,FOD-05,1,45000,45000,Debit Card,Online Order
3191,SUN-4101793,30-07-2023,Fudgy Brownies,Dessert,DST-02,2,25000,50000,Cash,Take Away
3192,SUN-1744349,22-01-2023,Creamy Maycha Latte,Drinks,DRK-05,2,35000,70000,Digital Wallet,Online Order
3193,SUN-7756256,13-02-2023,Iced Americano,Drinks,DRK-02,3,28000,84000,Debit Card,Online Order
3194,SUN-1304726,31-07-2023,Choco Lava Cake,Dessert,DST-04,1,35000,35000,Debit Card,Dine in
3195,SUN-5442481,09-01-2023,Club Sandwich,Food,FOD-05,1,45000,45000,Digital Wallet,Dine in
3196,SUN-5577814,17-02-2023,Buttermilk Fried Chicken,Food,FOD-01,2,48000,96000,Digital Wallet,Online Order
3197,SUN-4396010,08-08-2023,Creamy Maycha Latte,Drinks,DRK-05,3,35000,105000,Debit Card,Online Order
3198,SUN-7909025,10-05-2023,Caramel Machiato,Drinks,DRK-04,4,38000,152000,Cash,Take Away
3199,SUN-8406341,16-01-2023,Creamy Maycha Latte,Drinks,DRK-05,3,35000,105000,Debit Card,Online Order
3200,SUN-4750325,27-10-2023,Cafe Latte,Drinks,DRK-03,2,32000,64000,Digital Wallet,Online Order
3201,SUN-7627832,20-01-2023,Buttermilk Fried Chicken,Food,FOD-01,1,48000,48000,Digital Wallet,Take Away
3202,SUN-4971091,18-02-2023,Cinnamon Roll,Dessert,DST-05,2,28000,56000,Digital Wallet,Take Away
3203,SUN-5617486,31-05-2023,Club Sandwich,Food,FOD-05,1,45000,45000,Digital Wallet,Online Order
3204,SUN-7509479,02-08-2023,Classic Tirmaisu,Dessert,DST-01,3,38000,114000,Digital Wallet,Online Order
3205,SUN-1119185,13-06-2023,Buttermilk Fried Chicken,Food,FOD-01,3,48000,144000,Digital Wallet,Online Order
3206,SUN-4753471,29-03-2023,Club Sandwich,Food,FOD-05,2,45000,90000,Debit Card,Online Order
3207,SUN-1411360,30-10-2023,Beef Carbonara Pasta,Food,FOD-02,1,52000,52000,Cash,Dine in
3208,SUN-1425319,09-12-2023,Beef Carbonara Pasta,Food,FOD-02,1,52000,52000,Digital Wallet,Take Away
3209,SUN-4673061,17-02-2023,Choco Lava Cake,Dessert,DST-04,2,35000,70000,Cash,Take Away
3210,SUN-1725018,28-12-2023,Buttermilk Fried Chicken,Food,FOD-01,2,48000,96000,Digital Wallet,Online Order
3211,SUN-2827351,13-11-2023,Creamy Maycha Latte,Drinks,DRK-05,3,35000,105000,Digital Wallet,Online Order
3212,SUN-5507295,16-02-2023,Creamy Maycha Latte,Drinks,DRK-05,2,35000,70000,Cash,Dine in
3213,SUN-8857715,28-05-2023,Classic Tirmaisu,Dessert,DST-01,1,38000,38000,Cash,Take Away
3214,SUN-8384543,18-09-2023,Fudgy Brownies,Dessert,DST-02,4,25000,100000,Cash,Take Away
3215,SUN-2607466,08-11-2023,Caramel Machiato,Drinks,DRK-04,4,38000,152000,Cash,Dine in
3216,SUN-5325393,26-04-2023,New York Cheesecake,Dessert,DST-03,2,42000,84000,Digital Wallet,Online Order
3217,SUN-6804063,25-02-2023,Buttermilk Fried Chicken,Food,FOD-01,2,48000,96000,Cash,Take Away
3218,SUN-4859554,26-09-2023,Creamy Maycha Latte,Drinks,DRK-05,1,35000,35000,Cash,Dine in
3219,SUN-7588164,18-01-2023,Espreso Single,Drinks,DRK-01,4,22000,88000,Cash,Dine in
3220,SUN-7913938,17-03-2023,Grill Chicken Caesar Salad,Food,FOD-04,1,42000,42000,Debit Card,Online Order
3221,SUN-3540775,09-06-2023,Iced Americano,Drinks,DRK-02,3,28000,84000,Debit Card,Online Order
3222,SUN-5514588,10-10-2023,Nasi Goreng Kampung,Food,FOD-03,1,38000,38000,Digital Wallet,Dine in
3223,SUN-1062401,20-03-2023,Iced Americano,Drinks,DRK-02,3,28000,84000,Digital Wallet,Dine in
3224,SUN-3885312,27-09-2023,Fudgy Brownies,Dessert,DST-02,1,25000,25000,Debit Card,Dine in
3225,SUN-4462819,14-06-2023,Choco Lava Cake,Dessert,DST-04,4,35000,140000,Debit Card,Dine in
3226,SUN-3702036,20-08-2023,Beef Carbonara Pasta,Food,FOD-02,1,52000,52000,Debit Card,Dine in
3227,SUN-3898340,27-10-2023,Club Sandwich,Food,FOD-05,3,45000,135000,Debit Card,Take Away
3228,SUN-1053040,28-07-2023,Nasi Goreng Kampung,Food,FOD-03,2,38000,76000,Cash,Take Away
3229,SUN-3426047,20-11-2023,Choco Lava Cake,Dessert,DST-04,2,35000,70000,Debit Card,Online Order
3230,SUN-6605544,26-06-2023,Beef Carbonara Pasta,Food,FOD-02,3,52000,156000,Cash,Take Away
3231,SUN-6767432,01-02-2023,New York Cheesecake,Dessert,DST-03,3,42000,126000,Debit Card,Dine in
3232,SUN-9405088,17-12-2023,Nasi Goreng Kampung,Food,FOD-03,3,38000,114000,Cash,Dine in
3233,SUN-5236554,04-04-2023,Grill Chicken Caesar Salad,Food,FOD-04,1,42000,42000,Digital Wallet,Online Order
3234,SUN-1641801,26-09-2023,Choco Lava Cake,Dessert,DST-04,2,35000,70000,Debit Card,Dine in
3235,SUN-9641196,22-04-2023,Choco Lava Cake,Dessert,DST-04,2,35000,70000,Digital Wallet,Online Order
3236,SUN-7997573,18-02-2023,Iced Americano,Drinks,DRK-02,4,28000,112000,Debit Card,Dine in
3237,SUN-5290897,05-03-2023,Buttermilk Fried Chicken,Food,FOD-01,2,48000,96000,Debit Card,Take Away
3238,SUN-7072013,25-09-2023,Creamy Maycha Latte,Drinks,DRK-05,2,35000,70000,Digital Wallet,Online Order
3239,SUN-6677543,20-06-2023,Creamy Maycha Latte,Drinks,DRK-05,4,35000,140000,Digital Wallet,Take Away
3240,SUN-6312910,29-07-2023,Choco Lava Cake,Dessert,DST-04,4,35000,140000,Debit Card,Dine in
3241,SUN-4973163,20-01-2023,Grill Chicken Caesar Salad,Food,FOD-04,3,42000,126000,Digital Wallet,Dine in
3242,SUN-5196830,30-03-2023,Cinnamon Roll,Dessert,DST-05,2,28000,56000,Debit Card,Dine in
3243,SUN-3437610,14-03-2023,Creamy Maycha Latte,Drinks,DRK-05,2,35000,70000,Debit Card,Take Away
3244,SUN-5804220,03-12-2023,Fudgy Brownies,Dessert,DST-02,4,25000,100000,Digital Wallet,Online Order
3245,SUN-1575160,24-01-2023,Caramel Machiato,Drinks,DRK-04,1,38000,38000,Debit Card,Dine in
3246,SUN-2072478,02-10-2023,Fudgy Brownies,Dessert,DST-02,4,25000,100000,Digital Wallet,Take Away
3247,SUN-1731417,16-06-2023,Fudgy Brownies,Dessert,DST-02,4,25000,100000,Digital Wallet,Dine in
3248,SUN-4450853,05-07-2023,Espreso Single,Drinks,DRK-01,4,22000,88000,Digital Wallet,Online Order
3249,SUN-1117427,10-12-2023,Fudgy Brownies,Dessert,DST-02,3,25000,75000,Digital Wallet,Online Order
3250,SUN-6231610,28-04-2023,Fudgy Brownies,Dessert,DST-02,3,25000,75000,Cash,Take Away
3251,SUN-6903519,25-02-2023,Caramel Machiato,Drinks,DRK-04,1,38000,38000,Debit Card,Online Order
3252,SUN-7675058,16-07-2023,Iced Americano,Drinks,DRK-02,2,28000,56000,Digital Wallet,Online Order
3253,SUN-8420252,20-11-2023,New York Cheesecake,Dessert,DST-03,2,42000,84000,Debit Card,Take Away
3254,SUN-3269954,15-12-2023,Buttermilk Fried Chicken,Food,FOD-01,2,48000,96000,Debit Card,Online Order
3255,SUN-3476914,26-04-2023,Classic Tirmaisu,Dessert,DST-01,1,38000,38000,Debit Card,Online Order
3256,SUN-1156221,21-08-2023,Grill Chicken Caesar Salad,Food,FOD-04,3,42000,126000,Debit Card,Online Order
3257,SUN-4525444,30-09-2023,Espreso Single,Drinks,DRK-01,4,22000,88000,Digital Wallet,Dine in
3258,SUN-1329401,27-03-2023,New York Cheesecake,Dessert,DST-03,2,42000,84000,Digital Wallet,Online Order
3259,SUN-6473388,04-11-2023,Choco Lava Cake,Dessert,DST-04,4,35000,140000,Debit Card,Online Order
3260,SUN-2656965,06-03-2023,Creamy Maycha Latte,Drinks,DRK-05,3,35000,105000,Debit Card,Online Order
3261,SUN-6443738,09-08-2023,Beef Carbonara Pasta,Food,FOD-02,4,52000,208000,Digital Wallet,Take Away
3262,SUN-2936597,24-09-2023,Creamy Maycha Latte,Drinks,DRK-05,4,35000,140000,Digital Wallet,Online Order
3263,SUN-9235912,20-09-2023,Caramel Machiato,Drinks,DRK-04,1,38000,38000,Debit Card,Dine in
3264,SUN-5582206,08-04-2023,Fudgy Brownies,Dessert,DST-02,2,25000,50000,Cash,Dine in
3265,SUN-2332111,19-08-2023,Cafe Latte,Drinks,DRK-03,1,32000,32000,Digital Wallet,Dine in
3266,SUN-2831714,12-11-2023,Iced Americano,Drinks,DRK-02,1,28000,28000,Debit Card,Online Order
3267,SUN-9594763,06-12-2023,Creamy Maycha Latte,Drinks,DRK-05,4,35000,140000,Debit Card,Online Order
3268,SUN-8998318,09-01-2023,Iced Americano,Drinks,DRK-02,4,28000,112000,Cash,Take Away
3269,SUN-7956437,12-10-2023,Beef Carbonara Pasta,Food,FOD-02,4,52000,208000,Digital Wallet,Dine in
3270,SUN-7862947,01-10-2023,Buttermilk Fried Chicken,Food,FOD-01,1,48000,48000,Debit Card,Dine in
3271,SUN-8582590,03-06-2023,Buttermilk Fried Chicken,Food,FOD-01,1,48000,48000,Debit Card,Dine in
3272,SUN-6263717,17-12-2023,Fudgy Brownies,Dessert,DST-02,2,25000,50000,Digital Wallet,Online Order
3273,SUN-3511433,17-04-2023,Espreso Single,Drinks,DRK-01,1,22000,22000,Digital Wallet,Dine in
3274,SUN-6181325,31-05-2023,Fudgy Brownies,Dessert,DST-02,3,25000,75000,Digital Wallet,Dine in
3275,SUN-2790835,27-02-2023,Grill Chicken Caesar Salad,Food,FOD-04,4,42000,168000,Digital Wallet,Take Away
3276,SUN-5131920,24-04-2023,Espreso Single,Drinks,DRK-01,2,22000,44000,Debit Card,Dine in
3277,SUN-3112834,06-07-2023,Espreso Single,Drinks,DRK-01,3,22000,66000,Cash,Take Away
3278,SUN-8230373,03-05-2023,Cinnamon Roll,Dessert,DST-05,1,28000,28000,Debit Card,Take Away
3279,SUN-9108721,25-03-2023,Cafe Latte,Drinks,DRK-03,4,32000,128000,Debit Card,Dine in
3280,SUN-2004748,30-10-2023,Buttermilk Fried Chicken,Food,FOD-01,1,48000,48000,Digital Wallet,Online Order
3281,SUN-8887804,27-03-2023,Cafe Latte,Drinks,DRK-03,3,32000,96000,Digital Wallet,Online Order
3282,SUN-1736002,09-03-2023,Buttermilk Fried Chicken,Food,FOD-01,4,48000,192000,Cash,Take Away
3283,SUN-6687313,18-11-2023,New York Cheesecake,Dessert,DST-03,3,42000,126000,Digital Wallet,Take Away
3284,SUN-6830008,25-12-2023,Club Sandwich,Food,FOD-05,3,45000,135000,Digital Wallet,Take Away
3285,SUN-7955033,13-09-2023,Espreso Single,Drinks,DRK-01,3,22000,66000,Cash,Dine in
3286,SUN-4966671,02-07-2023,Cafe Latte,Drinks,DRK-03,1,32000,32000,Digital Wallet,Online Order
3287,SUN-3788737,16-07-2023,Buttermilk Fried Chicken,Food,FOD-01,4,48000,192000,Debit Card,Dine in
3288,SUN-4023235,14-06-2023,Fudgy Brownies,Dessert,DST-02,1,25000,25000,Debit Card,Take Away
3289,SUN-2959117,04-11-2023,Espreso Single,Drinks,DRK-01,4,22000,88000,Cash,Dine in
3290,SUN-7956691,10-03-2023,Club Sandwich,Food,FOD-05,3,45000,135000,Digital Wallet,Take Away
3291,SUN-3492707,11-07-2023,Iced Americano,Drinks,DRK-02,4,28000,112000,Digital Wallet,Dine in
3292,SUN-6234722,18-09-2023,Choco Lava Cake,Dessert,DST-04,4,35000,140000,Cash,Dine in
3293,SUN-6301734,24-05-2023,Creamy Maycha Latte,Drinks,DRK-05,3,35000,105000,Debit Card,Dine in
3294,SUN-9107043,18-07-2023,Cinnamon Roll,Dessert,DST-05,2,28000,56000,Debit Card,Take Away
3295,SUN-8077974,08-09-2023,Beef Carbonara Pasta,Food,FOD-02,2,52000,104000,Debit Card,Online Order
3296,SUN-1506775,26-12-2023,Choco Lava Cake,Dessert,DST-04,3,35000,105000,Debit Card,Dine in
3297,SUN-5382213,11-08-2023,Fudgy Brownies,Dessert,DST-02,1,25000,25000,Cash,Dine in
3298,SUN-8642171,22-12-2023,New York Cheesecake,Dessert,DST-03,3,42000,126000,Cash,Take Away
3299,SUN-3194665,18-03-2023,Creamy Maycha Latte,Drinks,DRK-05,3,35000,105000,Digital Wallet,Take Away
3300,SUN-7613223,28-09-2023,Beef Carbonara Pasta,Food,FOD-02,2,52000,104000,Digital Wallet,Dine in
3301,SUN-5118563,27-04-2023,Grill Chicken Caesar Salad,Food,FOD-04,3,42000,126000,Digital Wallet,Take Away
3302,SUN-4930191,15-04-2023,Fudgy Brownies,Dessert,DST-02,2,25000,50000,Digital Wallet,Online Order
3303,SUN-3539156,24-07-2023,Cinnamon Roll,Dessert,DST-05,1,28000,28000,Debit Card,Online Order
3304,SUN-5797816,18-04-2023,Espreso Single,Drinks,DRK-01,2,22000,44000,Digital Wallet,Dine in
3305,SUN-8276540,21-03-2023,Choco Lava Cake,Dessert,DST-04,2,35000,70000,Cash,Dine in
3306,SUN-8660440,28-08-2023,Fudgy Brownies,Dessert,DST-02,3,25000,75000,Cash,Take Away
3307,SUN-9587426,10-11-2023,Espreso Single,Drinks,DRK-01,3,22000,66000,Cash,Dine in
3308,SUN-9718509,05-03-2023,Caramel Machiato,Drinks,DRK-04,1,38000,38000,Debit Card,Take Away
3309,SUN-5804662,17-01-2023,Iced Americano,Drinks,DRK-02,3,28000,84000,Digital Wallet,Take Away
3310,SUN-7072245,02-05-2023,New York Cheesecake,Dessert,DST-03,2,42000,84000,Debit Card,Dine in
3311,SUN-6599137,16-11-2023,Cafe Latte,Drinks,DRK-03,3,32000,96000,Debit Card,Dine in
3312,SUN-9762442,06-01-2023,Cafe Latte,Drinks,DRK-03,2,32000,64000,Cash,Take Away
3313,SUN-9114560,24-12-2023,Classic Tirmaisu,Dessert,DST-01,3,38000,114000,Debit Card,Dine in
3314,SUN-7730430,24-06-2023,Club Sandwich,Food,FOD-05,1,45000,45000,Digital Wallet,Dine in
3315,SUN-3799128,13-08-2023,Creamy Maycha Latte,Drinks,DRK-05,1,35000,35000,Debit Card,Take Away
3316,SUN-7347729,29-05-2023,Beef Carbonara Pasta,Food,FOD-02,2,52000,104000,Digital Wallet,Online Order
3317,SUN-5348005,19-03-2023,Choco Lava Cake,Dessert,DST-04,3,35000,105000,Cash,Take Away
3318,SUN-1519023,28-08-2023,Cafe Latte,Drinks,DRK-03,4,32000,128000,Cash,Take Away
3319,SUN-3556509,23-10-2023,Caramel Machiato,Drinks,DRK-04,2,38000,76000,Digital Wallet,Dine in
3320,SUN-4428121,23-02-2023,Buttermilk Fried Chicken,Food,FOD-01,2,48000,96000,Digital Wallet,Online Order
3321,SUN-3917006,11-06-2023,Espreso Single,Drinks,DRK-01,3,22000,66000,Debit Card,Online Order
3322,SUN-3452574,30-07-2023,Cinnamon Roll,Dessert,DST-05,1,28000,28000,Digital Wallet,Dine in
3323,SUN-9800631,18-09-2023,Buttermilk Fried Chicken,Food,FOD-01,3,48000,144000,Digital Wallet,Dine in
3324,SUN-5052044,09-11-2023,Nasi Goreng Kampung,Food,FOD-03,2,38000,76000,Digital Wallet,Dine in
3325,SUN-1947320,28-04-2023,Cinnamon Roll,Dessert,DST-04,1,28000,28000,Debit Card,Take Away
3326,SUN-6096749,12-11-2023,Iced Americano,Drinks,DRK-02,4,28000,112000,Digital Wallet,Online Order
3327,SUN-6953368,22-03-2023,Espreso Single,Drinks,DRK-01,3,22000,66000,Digital Wallet,Take Away
3328,SUN-5109150,23-05-2023,Espreso Single,Drinks,DRK-01,2,22000,44000,Digital Wallet,Online Order
3329,SUN-8783588,15-12-2023,Cafe Latte,Drinks,DRK-03,3,32000,96000,Cash,Dine in
3330,SUN-1595134,08-10-2023,Cinnamon Roll,Dessert,DST-05,3,28000,84000,Debit Card,Dine in
3331,SUN-3529827,28-01-2023,New York Cheesecake,Dessert,DST-03,1,42000,42000,Debit Card,Online Order
3332,SUN-6851691,02-06-2023,Choco Lava Cake,Dessert,DST-04,4,35000,140000,Digital Wallet,Online Order
3333,SUN-1308494,22-01-2023,Espreso Single,Drinks,DRK-01,1,22000,22000,Cash,Take Away
3334,SUN-1518075,02-06-2023,Buttermilk Fried Chicken,Food,FOD-01,2,48000,96000,Digital Wallet,Online Order
3335,SUN-9354209,13-10-2023,New York Cheesecake,Dessert,DST-03,3,42000,126000,Cash,Dine in
3336,SUN-8713163,17-02-2023,Nasi Goreng Kampung,Food,FOD-03,1,38000,38000,Digital Wallet,Dine in
3337,SUN-3400727,11-10-2023,Creamy Maycha Latte,Drinks,DRK-05,4,35000,140000,Cash,Dine in
3338,SUN-1806534,21-10-2023,Nasi Goreng Kampung,Food,FOD-03,2,38000,76000,Debit Card,Dine in
3339,SUN-5170992,24-04-2023,Fudgy Brownies,Dessert,DST-02,4,25000,100000,Digital Wallet,Dine in
3340,SUN-6259644,07-01-2023,Espreso Single,Drinks,DRK-01,3,22000,66000,Digital Wallet,Online Order
3341,SUN-2924661,17-05-2023,Fudgy Brownies,Dessert,DST-02,2,25000,50000,Digital Wallet,Dine in
3342,SUN-9956193,16-05-2023,Fudgy Brownies,Dessert,DST-02,1,25000,25000,Cash,Dine in
3343,SUN-1595603,09-09-2023,New York Cheesecake,Dessert,DST-03,2,42000,84000,Debit Card,Dine in
3344,SUN-8531211,12-12-2023,New York Cheesecake,Dessert,DST-03,4,42000,168000,Debit Card,Online Order
3345,SUN-2461553,07-08-2023,Creamy Maycha Latte,Drinks,DRK-05,2,35000,70000,Cash,Dine in
3346,SUN-1713420,24-05-2023,Beef Carbonara Pasta,Food,FOD-02,4,52000,208000,Debit Card,Take Away
3347,SUN-6789367,25-08-2023,Cafe Latte,Drinks,DRK-03,3,32000,96000,Debit Card,Dine in
3348,SUN-2634989,28-02-2023,Grill Chicken Caesar Salad,Food,FOD-04,1,42000,42000,Debit Card,Take Away
3349,SUN-1523939,08-06-2023,Beef Carbonara Pasta,Food,FOD-02,4,52000,208000,Digital Wallet,Dine in
3350,SUN-5449073,05-06-2023,Cafe Latte,Drinks,DRK-03,2,32000,64000,Digital Wallet,Take Away
3351,SUN-4589753,24-12-2023,Nasi Goreng Kampung,Food,FOD-03,1,38000,38000,Debit Card,Online Order
3352,SUN-6686810,18-03-2023,Classic Tirmaisu,Dessert,DST-01,3,38000,114000,Digital Wallet,Dine in
3353,SUN-1537948,24-02-2023,Beef Carbonara Pasta,Food,FOD-02,1,52000,52000,Digital Wallet,Dine in
3354,SUN-9204585,14-08-2023,Nasi Goreng Kampung,Food,FOD-03,2,38000,76000,Digital Wallet,Dine in
3355,SUN-3646416,19-08-2023,Classic Tirmaisu,Dessert,DST-01,3,38000,114000,Debit Card,Dine in
3356,SUN-2134523,22-02-2023,Cafe Latte,Drinks,DRK-03,1,32000,32000,Digital Wallet,Take Away
3357,SUN-2496968,17-03-2023,Beef Carbonara Pasta,Food,FOD-02,1,52000,52000,Debit Card,Take Away
3358,SUN-4980287,10-06-2023,Choco Lava Cake,Dessert,DST-04,4,35000,140000,Debit Card,Take Away
3359,SUN-9923062,03-05-2023,Espreso Single,Drinks,DRK-01,4,22000,88000,Digital Wallet,Take Away
3360,SUN-4012134,19-01-2023,Cinnamon Roll,Dessert,DST-05,3,28000,84000,Digital Wallet,Take Away
3361,SUN-4478601,19-04-2023,Fudgy Brownies,Dessert,DST-02,4,25000,100000,Cash,Take Away
3362,SUN-1103112,09-05-2023,Grill Chicken Caesar Salad,Food,FOD-04,1,42000,42000,Digital Wallet,Online Order
3363,SUN-9960648,29-10-2023,Club Sandwich,Food,FOD-05,4,45000,180000,Debit Card,Online Order
3364,SUN-3250860,20-07-2023,Club Sandwich,Food,FOD-05,3,45000,135000,Digital Wallet,Take Away
3365,SUN-7164286,31-07-2023,Cafe Latte,Drinks,DRK-03,4,32000,128000,Digital Wallet,Online Order
3366,SUN-6005512,07-07-2023,Nasi Goreng Kampung,Food,FOD-03,2,38000,76000,Digital Wallet,Online Order
3367,SUN-1602991,01-05-2023,Club Sandwich,Food,FOD-05,1,45000,45000,Debit Card,Take Away
3368,SUN-2683851,28-08-2023,Espreso Single,Drinks,DRK-01,1,22000,22000,Debit Card,Dine in
3369,SUN-8870407,15-07-2023,Choco Lava Cake,Dessert,DST-04,4,35000,140000,Digital Wallet,Online Order
3370,SUN-5269333,19-10-2023,Beef Carbonara Pasta,Food,FOD-02,2,52000,104000,Digital Wallet,Dine in
3371,SUN-6538303,18-06-2023,Beef Carbonara Pasta,Food,FOD-02,2,52000,104000,Digital Wallet,Dine in
3372,SUN-3164550,21-01-2023,Caramel Machiato,Drinks,DRK-04,2,38000,76000,Cash,Dine in
3373,SUN-3587938,18-07-2023,Cafe Latte,Drinks,DRK-03,2,32000,64000,Cash,Take Away
3374,SUN-6755032,30-12-2023,Classic Tirmaisu,Dessert,DST-01,2,38000,76000,Digital Wallet,Dine in
3375,SUN-4250193,28-03-2023,Fudgy Brownies,Dessert,DST-02,1,25000,25000,Digital Wallet,Take Away
3376,SUN-7966067,29-03-2023,Fudgy Brownies,Dessert,DST-02,4,25000,100000,Debit Card,Take Away
3377,SUN-6818372,17-05-2023,Grill Chicken Caesar Salad,Food,FOD-04,4,42000,168000,Cash,Take Away
3378,SUN-5880785,06-12-2023,Cinnamon Roll,Dessert,DST-05,4,28000,112000,Cash,Dine in
3379,SUN-2434336,17-06-2023,Beef Carbonara Pasta,Food,FOD-02,3,52000,156000,Digital Wallet,Take Away
3380,SUN-5257854,21-12-2023,Caramel Machiato,Drinks,DRK-04,2,38000,76000,Cash,Take Away
3381,SUN-1371226,31-01-2023,Espreso Single,Drinks,DRK-01,4,22000,88000,Debit Card,Online Order
3382,SUN-7483928,14-12-2023,Cafe Latte,Drinks,DRK-03,1,32000,32000,Cash,Take Away
3383,SUN-9013638,06-01-2023,Cafe Latte,Drinks,DRK-03,4,32000,128000,Cash,Dine in
3384,SUN-9624902,17-12-2023,Choco Lava Cake,Dessert,DST-04,3,35000,105000,Digital Wallet,Take Away
3385,SUN-1297926,05-08-2023,Cinnamon Roll,Dessert,DST-05,3,28000,84000,Digital Wallet,Take Away
3386,SUN-5843428,20-08-2023,New York Cheesecake,Dessert,DST-03,3,42000,126000,Cash,Dine in
3387,SUN-6107390,17-03-2023,Cinnamon Roll,Dessert,DST-05,3,28000,84000,Debit Card,Dine in
3388,SUN-8996685,03-12-2023,Nasi Goreng Kampung,Food,FOD-03,1,38000,38000,Digital Wallet,Dine in
3389,SUN-3988070,20-10-2023,Fudgy Brownies,Dessert,DST-02,3,25000,75000,Digital Wallet,Take Away
3390,SUN-1274185,24-03-2023,Beef Carbonara Pasta,Food,FOD-02,4,52000,208000,Debit Card,Dine in
3391,SUN-4451219,10-01-2023,Buttermilk Fried Chicken,Food,FOD-01,1,48000,48000,Cash,Dine in
3392,SUN-1935239,06-11-2023,Beef Carbonara Pasta,Food,FOD-02,1,52000,52000,Debit Card,Dine in
3393,SUN-2072344,23-03-2023,Classic Tirmaisu,Dessert,DST-01,2,38000,76000,Digital Wallet,Dine in
3394,SUN-1945060,13-01-2023,Cafe Latte,Drinks,DRK-03,4,32000,128000,Digital Wallet,Dine in
3395,SUN-8396458,18-08-2023,Iced Americano,Drinks,DRK-02,3,28000,84000,Digital Wallet,Dine in
3396,SUN-5781858,02-04-2023,Cafe Latte,Drinks,DRK-03,4,32000,128000,Digital Wallet,Online Order
3397,SUN-7173225,18-02-2023,Iced Americano,Drinks,DRK-02,2,28000,56000,Debit Card,Take Away
3398,SUN-6325091,27-12-2023,Club Sandwich,Food,FOD-05,1,45000,45000,Cash,Take Away
3399,SUN-5026533,03-06-2023,Beef Carbonara Pasta,Food,FOD-02,4,52000,208000,Digital Wallet,Online Order
3400,SUN-7786122,04-06-2023,Nasi Goreng Kampung,Food,FOD-03,1,38000,38000,Digital Wallet,Online Order
3401,SUN-7705697,19-04-2023,Beef Carbonara Pasta,Food,FOD-02,2,52000,104000,Cash,Online Order
3402,SUN-8553943,13-04-2023,Creamy Maycha Latte,Drinks,DRK-05,4,35000,140000,Digital Wallet,Take Away
3403,SUN-7302788,09-04-2023,Creamy Maycha Latte,Drinks,DRK-05,1,35000,35000,Digital Wallet,Take Away
3404,SUN-5765609,22-03-2023,Club Sandwich,Food,FOD-05,4,45000,180000,Cash,Take Away
3405,SUN-8111580,27-03-2023,Nasi Goreng Kampung,Food,FOD-03,1,38000,38000,Debit Card,Online Order
3406,SUN-8099723,06-02-2023,Cafe Latte,Drinks,DRK-03,3,32000,96000,Debit Card,Dine in
3407,SUN-4146539,23-12-2023,Fudgy Brownies,Dessert,DST-02,3,25000,75000,Cash,Online Order
3408,SUN-8198888,27-10-2023,Caramel Machiato,Drinks,DRK-04,4,38000,152000,Digital Wallet,Take Away
3409,SUN-8748045,27-04-2023,Espreso Single,Drinks,DRK-01,3,22000,66000,Digital Wallet,Dine in
3410,SUN-6826278,16-08-2023,Grill Chicken Caesar Salad,Food,FOD-04,4,42000,168000,Digital Wallet,Dine in
3411,SUN-9241168,13-02-2023,Cinnamon Roll,Dessert,DST-05,4,28000,112000,Digital Wallet,Dine in
3412,SUN-9261267,16-11-2023,Iced Americano,Drinks,DRK-02,4,28000,112000,Digital Wallet,Take Away
3413,SUN-6612965,01-12-2023,Grill Chicken Caesar Salad,Food,FOD-04,2,42000,84000,Digital Wallet,Take Away
3414,SUN-1917656,16-07-2023,New York Cheesecake,Dessert,DST-03,3,42000,126000,Debit Card,Take Away
3415,SUN-2317480,27-02-2023,New York Cheesecake,Dessert,DST-03,3,42000,126000,Cash,Dine in
3416,SUN-9177253,09-05-2023,Club Sandwich,Food,FOD-05,4,45000,180000,Debit Card,Online Order
3417,SUN-7151822,26-09-2023,Cafe Latte,Drinks,DRK-03,1,32000,32000,Cash,Take Away
3418,SUN-8558728,09-05-2023,Nasi Goreng Kampung,Food,FOD-03,1,38000,38000,Digital Wallet,Online Order
3419,SUN-4230092,29-08-2023,Club Sandwich,Food,FOD-05,2,45000,90000,Cash,Dine in
3420,SUN-5102226,21-12-2023,Espreso Single,Drinks,DRK-01,4,22000,88000,Debit Card,Take Away
3421,SUN-5735034,19-09-2023,Nasi Goreng Kampung,Food,FOD-03,2,38000,76000,Digital Wallet,Take Away
3422,SUN-5332924,30-03-2023,Espreso Single,Drinks,DRK-01,3,22000,66000,Debit Card,Dine in
3423,SUN-7760740,10-10-2023,New York Cheesecake,Dessert,DST-03,4,42000,168000,Debit Card,Online Order
3424,SUN-8354508,10-05-2023,Choco Lava Cake,Dessert,DST-04,1,35000,35000,Digital Wallet,Take Away
3425,SUN-3153173,07-03-2023,Club Sandwich,Food,FOD-05,1,45000,45000,Cash,Take Away
3426,SUN-3882631,07-11-2023,Beef Carbonara Pasta,Food,FOD-02,4,52000,208000,Digital Wallet,Online Order
3427,SUN-1237906,14-01-2023,Creamy Maycha Latte,Drinks,DRK-05,3,35000,105000,Cash,Take Away
3428,SUN-2012060,11-06-2023,Espreso Single,Drinks,DRK-01,4,22000,88000,Debit Card,Online Order
3429,SUN-6879553,07-06-2023,Creamy Maycha Latte,Drinks,DRK-05,3,35000,105000,Cash,Take Away
3430,SUN-1086213,29-01-2023,Caramel Machiato,Drinks,DRK-04,3,38000,114000,Debit Card,Take Away
3431,SUN-4389564,12-06-2023,Beef Carbonara Pasta,Food,FOD-02,1,52000,52000,Digital Wallet,Online Order
3432,SUN-9498173,12-10-2023,Fudgy Brownies,Dessert,DST-02,2,25000,50000,Debit Card,Take Away
3433,SUN-1289177,28-03-2023,Classic Tirmaisu,Dessert,DST-01,3,38000,114000,Digital Wallet,Take Away
3434,SUN-9392632,24-02-2023,Cinnamon Roll,Dessert,DST-05,2,28000,56000,Debit Card,Take Away
3435,SUN-4515676,23-10-2023,Grill Chicken Caesar Salad,Food,FOD-04,4,42000,168000,Cash,Take Away
3436,SUN-5214588,30-04-2023,Club Sandwich,Food,FOD-05,1,45000,45000,Digital Wallet,Take Away
3437,SUN-2493287,09-02-2023,Cafe Latte,Drinks,DRK-03,2,32000,64000,Cash,Take Away
3438,SUN-1585413,07-07-2023,Grill Chicken Caesar Salad,Food,FOD-04,1,42000,42000,Debit Card,Dine in
3439,SUN-8105356,01-07-2023,Buttermilk Fried Chicken,Food,FOD-01,3,48000,144000,Cash,Dine in
3440,SUN-5288821,17-11-2023,Caramel Machiato,Drinks,DRK-04,1,38000,38000,Debit Card,Take Away
3441,SUN-1112017,12-07-2023,Iced Americano,Drinks,DRK-02,3,28000,84000,Digital Wallet,Take Away
3442,SUN-8634239,23-11-2023,Buttermilk Fried Chicken,Food,FOD-01,1,48000,48000,Debit Card,Online Order
3443,SUN-6492997,04-01-2023,Nasi Goreng Kampung,Food,FOD-03,4,38000,152000,Digital Wallet,Online Order
3444,SUN-5459550,14-09-2023,Grill Chicken Caesar Salad,Food,FOD-04,1,42000,42000,Debit Card,Take Away
3445,SUN-4283048,23-10-2023,New York Cheesecake,Dessert,DST-03,4,42000,168000,Digital Wallet,Online Order
3446,SUN-4272676,21-07-2023,Classic Tirmaisu,Dessert,DST-01,1,38000,38000,Digital Wallet,Online Order
3447,SUN-5962276,11-05-2023,Fudgy Brownies,Dessert,DST-02,1,25000,25000,Digital Wallet,Online Order
3448,SUN-7795817,21-07-2023,Cinnamon Roll,Dessert,DST-05,3,28000,84000,Debit Card,Dine in
3449,SUN-7458773,17-06-2023,Fudgy Brownies,Dessert,DST-02,2,25000,50000,Debit Card,Take Away
3450,SUN-7111760,04-02-2023,Nasi Goreng Kampung,Food,FOD-03,2,38000,76000,Debit Card,Take Away
3451,SUN-9398538,28-02-2023,Choco Lava Cake,Dessert,DST-04,3,35000,105000,Debit Card,Online Order
3452,SUN-6236185,24-07-2023,Buttermilk Fried Chicken,Food,FOD-01,1,48000,48000,Debit Card,Take Away
3453,SUN-7114624,16-02-2023,Fudgy Brownies,Dessert,DST-02,4,25000,100000,Debit Card,Take Away
3454,SUN-9910931,23-12-2023,Cinnamon Roll,Dessert,DST-05,2,28000,56000,Debit Card,Take Away
3455,SUN-8026015,15-06-2023,Club Sandwich,Food,FOD-05,1,45000,45000,Digital Wallet,Take Away
3456,SUN-5339661,22-10-2023,Club Sandwich,Food,FOD-05,3,45000,135000,Debit Card,Online Order
3457,SUN-4847149,08-08-2023,Espreso Single,Drinks,DRK-01,4,22000,88000,Digital Wallet,Online Order
3458,SUN-2277743,27-11-2023,Beef Carbonara Pasta,Food,FOD-02,1,52000,52000,Debit Card,Take Away
3459,SUN-7107221,13-01-2023,Creamy Maycha Latte,Drinks,DRK-05,4,35000,140000,Digital Wallet,Take Away
3460,SUN-2416000,15-08-2023,Buttermilk Fried Chicken,Food,FOD-01,1,48000,48000,Digital Wallet,Dine in
3461,SUN-6989767,06-06-2023,Buttermilk Fried Chicken,Food,FOD-01,2,48000,96000,Digital Wallet,Online Order
3462,SUN-3659276,10-08-2023,Club Sandwich,Food,FOD-05,4,45000,180000,Debit Card,Take Away
3463,SUN-2877061,28-06-2023,Nasi Goreng Kampung,Food,FOD-03,3,38000,114000,Cash,Take Away
3464,SUN-6092478,03-03-2023,New York Cheesecake,Dessert,DST-03,1,42000,42000,Cash,Take Away
3465,SUN-1039329,14-12-2023,Choco Lava Cake,Dessert,DST-04,2,35000,70000,Cash,Dine in
3466,SUN-8411543,11-05-2023,Cafe Latte,Drinks,DRK-03,4,32000,128000,Debit Card,Take Away
3467,SUN-3731520,06-08-2023,New York Cheesecake,Dessert,DST-03,1,42000,42000,Cash,Dine in
3468,SUN-7840301,06-03-2023,Caramel Machiato,Drinks,DRK-04,1,38000,38000,Debit Card,Dine in
3469,SUN-8185503,08-09-2023,Creamy Maycha Latte,Drinks,DRK-05,2,35000,70000,Cash,Dine in
3470,SUN-5667513,31-12-2023,Classic Tirmaisu,Dessert,DST-01,2,38000,76000,Debit Card,Online Order
3471,SUN-5234826,10-06-2023,Nasi Goreng Kampung,Food,FOD-03,1,38000,38000,Cash,Dine in
3472,SUN-2419649,30-10-2023,Beef Carbonara Pasta,Food,FOD-02,1,52000,52000,Debit Card,Take Away
3473,SUN-1386720,30-06-2023,Choco Lava Cake,Dessert,DST-04,1,35000,35000,Cash,Take Away
3474,SUN-1762322,19-03-2023,Fudgy Brownies,Dessert,DST-02,1,25000,25000,Digital Wallet,Dine in
3475,SUN-6619385,25-12-2023,Cinnamon Roll,Dessert,DST-05,3,28000,84000,Debit Card,Online Order
3476,SUN-4007750,25-06-2023,Espreso Single,Drinks,DRK-01,3,22000,66000,Digital Wallet,Online Order
3477,SUN-8451460,01-06-2023,Grill Chicken Caesar Salad,Food,FOD-04,3,42000,126000,Digital Wallet,Take Away
3478,SUN-7468103,09-01-2023,Cinnamon Roll,Dessert,DST-05,1,28000,28000,Cash,Dine in
3479,SUN-4665830,29-12-2023,Club Sandwich,Food,FOD-05,1,45000,45000,Debit Card,Dine in
3480,SUN-3354397,17-05-2023,Fudgy Brownies,Dessert,DST-02,2,25000,50000,Digital Wallet,Online Order
3481,SUN-7606044,11-08-2023,Classic Tirmaisu,Dessert,DST-01,3,38000,114000,Digital Wallet,Dine in
3482,SUN-6863118,01-06-2023,Creamy Maycha Latte,Drinks,DRK-05,4,35000,140000,Digital Wallet,Online Order
3483,SUN-3002506,01-12-2023,Caramel Machiato,Drinks,DRK-04,4,38000,152000,Digital Wallet,Dine in
3484,SUN-9713814,01-12-2023,Fudgy Brownies,Dessert,DST-02,1,25000,25000,Digital Wallet,Dine in
3485,SUN-1877992,30-07-2023,Beef Carbonara Pasta,Food,FOD-02,4,52000,208000,Cash,Online Order
3486,SUN-7609203,24-08-2023,Classic Tirmaisu,Dessert,DST-01,1,38000,38000,Cash,Dine in
3487,SUN-2362042,27-10-2023,Caramel Machiato,Drinks,DRK-04,4,38000,152000,Debit Card,Online Order
3488,SUN-7795023,12-08-2023,Cafe Latte,Drinks,DRK-03,3,32000,96000,Debit Card,Online Order
3489,SUN-2718486,28-10-2023,Cafe Latte,Drinks,DRK-03,1,32000,32000,Digital Wallet,Online Order
3490,SUN-2968253,05-07-2023,Beef Carbonara Pasta,Food,FOD-02,4,52000,208000,Digital Wallet,Take Away
3491,SUN-5114463,21-05-2023,New York Cheesecake,Dessert,DST-03,3,42000,126000,Digital Wallet,Online Order
3492,SUN-6989906,07-10-2023,Espreso Single,Drinks,DRK-01,3,22000,66000,Cash,Take Away
3493,SUN-2637801,01-05-2023,Iced Americano,Drinks,DRK-02,2,28000,56000,Debit Card,Online Order
3494,SUN-5250986,15-05-2023,Club Sandwich,Food,FOD-05,2,45000,90000,Cash,Dine in
3495,SUN-7678984,09-12-2023,Nasi Goreng Kampung,Food,FOD-03,2,38000,76000,Debit Card,Take Away
3496,SUN-1831014,16-01-2023,Club Sandwich,Food,FOD-05,4,45000,180000,Debit Card,Take Away
3497,SUN-3240929,01-05-2023,Beef Carbonara Pasta,Food,FOD-02,1,52000,52000,Debit Card,Online Order
3498,SUN-9180921,10-05-2023,Iced Americano,Drinks,DRK-02,3,28000,84000,Digital Wallet,Dine in
3499,SUN-7465825,13-10-2023,Buttermilk Fried Chicken,Food,FOD-01,1,48000,48000,Cash,Take Away
3500,SUN-1117627,26-09-2023,Buttermilk Fried Chicken,Food,FOD-01,1,48000,48000,Debit Card,Take Away
3501,SUN-3489812,06-03-2023,Cinnamon Roll,Dessert,DST-05,1,28000,28000,Debit Card,Online Order
3502,SUN-2411024,16-10-2023,Cinnamon Roll,Dessert,DST-05,4,28000,112000,Debit Card,Dine in
3503,SUN-2309932,28-06-2023,Cafe Latte,Drinks,DRK-03,1,32000,32000,Digital Wallet,Dine in
3504,SUN-6775734,18-01-2023,Beef Carbonara Pasta,Food,FOD-02,4,52000,208000,Cash,Dine in
3505,SUN-9684746,18-05-2023,Buttermilk Fried Chicken,Food,FOD-01,1,48000,48000,Digital Wallet,Online Order
3506,SUN-9022332,03-06-2023,Iced Americano,Drinks,DRK-02,4,28000,112000,Digital Wallet,Dine in
3507,SUN-2722124,11-04-2023,Classic Tirmaisu,Dessert,DST-01,1,38000,38000,Digital Wallet,Dine in
3508,SUN-1825945,18-06-2023,Cafe Latte,Drinks,DRK-03,1,32000,32000,Digital Wallet,Online Order
3509,SUN-6828652,28-03-2023,Buttermilk Fried Chicken,Food,FOD-01,1,48000,48000,Debit Card,Dine in
3510,SUN-5724627,18-10-2023,Beef Carbonara Pasta,Food,FOD-02,1,52000,52000,Debit Card,Online Order
3511,SUN-5407654,19-12-2023,Cinnamon Roll,Dessert,DST-05,3,28000,84000,Cash,Dine in
3512,SUN-1029115,03-06-2023,Fudgy Brownies,Dessert,DST-02,1,25000,25000,Cash,Dine in
3513,SUN-4851006,02-09-2023,Grill Chicken Caesar Salad,Food,FOD-04,1,42000,42000,Digital Wallet,Take Away
3514,SUN-5378519,18-06-2023,Beef Carbonara Pasta,Food,FOD-02,3,52000,156000,Digital Wallet,Dine in
3515,SUN-2883316,19-06-2023,Grill Chicken Caesar Salad,Food,FOD-04,1,42000,42000,Cash,Take Away
3516,SUN-7160277,24-02-2023,Nasi Goreng Kampung,Food,FOD-03,3,38000,114000,Debit Card,Take Away
3517,SUN-3222680,29-07-2023,Grill Chicken Caesar Salad,Food,FOD-04,2,42000,84000,Debit Card,Take Away
3518,SUN-6750070,11-09-2023,Choco Lava Cake,Dessert,DST-04,1,35000,35000,Digital Wallet,Dine in
3519,SUN-1856643,05-11-2023,Caramel Machiato,Drinks,DRK-04,3,38000,114000,Cash,Dine in
3520,SUN-4056939,29-10-2023,Buttermilk Fried Chicken,Food,FOD-01,2,48000,96000,Digital Wallet,Online Order
3521,SUN-2148783,05-09-2023,Fudgy Brownies,Dessert,DST-02,4,25000,100000,Digital Wallet,Online Order
3522,SUN-3362786,25-09-2023,Cafe Latte,Drinks,DRK-03,2,32000,64000,Cash,Take Away
3523,SUN-4640590,16-02-2023,Club Sandwich,Food,FOD-05,3,45000,135000,Debit Card,Online Order
3524,SUN-1981065,07-06-2023,Grill Chicken Caesar Salad,Food,FOD-04,2,42000,84000,Digital Wallet,Take Away
3525,SUN-9869704,18-03-2023,Beef Carbonara Pasta,Food,FOD-02,3,52000,156000,Digital Wallet,Dine in
3526,SUN-9548890,03-11-2023,Creamy Maycha Latte,Drinks,DRK-05,1,35000,35000,Debit Card,Online Order
3527,SUN-8565018,22-11-2023,Grill Chicken Caesar Salad,Food,FOD-04,1,42000,42000,Cash,Dine in
3528,SUN-7400511,15-04-2023,Caramel Machiato,Drinks,DRK-04,1,38000,38000,Digital Wallet,Take Away
3529,SUN-2342424,23-07-2023,Creamy Maycha Latte,Drinks,DRK-05,1,35000,35000,Cash,Dine in
3530,SUN-6034200,03-10-2023,Classic Tirmaisu,Dessert,DST-01,4,38000,152000,Debit Card,Take Away
3531,SUN-2512195,04-08-2023,Iced Americano,Drinks,DRK-02,4,28000,112000,Digital Wallet,Online Order
3532,SUN-7592323,16-07-2023,Cinnamon Roll,Dessert,DST-05,3,28000,84000,Digital Wallet,Dine in
3533,SUN-6359553,01-03-2023,Cinnamon Roll,Dessert,DST-05,2,28000,56000,Digital Wallet,Take Away
3534,SUN-8353147,28-12-2023,Nasi Goreng Kampung,Food,FOD-03,4,38000,152000,Cash,Take Away
3535,SUN-3850745,20-02-2023,Cafe Latte,Drinks,DRK-03,2,32000,64000,Cash,Online Order
3536,SUN-2419051,14-03-2023,Cinnamon Roll,Dessert,DST-05,3,28000,84000,Cash,Dine in
3537,SUN-7009238,21-03-2023,Creamy Maycha Latte,Drinks,DRK-05,4,35000,140000,Debit Card,Dine in
3538,SUN-4412861,08-03-2023,Cinnamon Roll,Dessert,DST-05,4,28000,112000,Debit Card,Take Away
3539,SUN-7330489,29-04-2023,Cinnamon Roll,Dessert,DST-05,1,28000,28000,Debit Card,Online Order
3540,SUN-8781217,11-01-2023,Caramel Machiato,Drinks,DRK-04,3,38000,114000,Digital Wallet,Dine in
3541,SUN-4548987,24-07-2023,Nasi Goreng Kampung,Food,FOD-03,1,38000,38000,Digital Wallet,Online Order
3542,SUN-8453034,25-04-2023,Grill Chicken Caesar Salad,Food,FOD-04,1,42000,42000,Digital Wallet,Online Order
3543,SUN-5781463,16-05-2023,Buttermilk Fried Chicken,Food,FOD-01,3,48000,144000,Cash,Take Away
3544,SUN-5558003,16-10-2023,Iced Americano,Drinks,DRK-02,3,28000,84000,Digital Wallet,Take Away
3545,SUN-5928847,05-09-2023,Caramel Machiato,Drinks,DRK-04,4,38000,152000,Debit Card,Dine in
3546,SUN-8781473,04-08-2023,Iced Americano,Drinks,DRK-02,4,28000,112000,Digital Wallet,Online Order
3547,SUN-8872864,07-06-2023,Grill Chicken Caesar Salad,Food,FOD-04,4,42000,168000,Debit Card,Dine in
3548,SUN-3709860,29-12-2023,Iced Americano,Drinks,DRK-02,3,28000,84000,Digital Wallet,Dine in
3549,SUN-8563817,07-07-2023,Grill Chicken Caesar Salad,Food,FOD-04,3,42000,126000,Digital Wallet,Dine in
3550,SUN-2920667,02-10-2023,Cinnamon Roll,Dessert,DST-05,2,28000,56000,Digital Wallet,Take Away
3551,SUN-3273273,14-12-2023,Beef Carbonara Pasta,Food,FOD-02,2,52000,104000,Digital Wallet,Dine in
3552,SUN-6050339,05-01-2023,New York Cheesecake,Dessert,DST-03,3,42000,126000,Debit Card,Online Order
3553,SUN-8646262,16-01-2023,Cafe Latte,Drinks,DRK-03,1,32000,32000,Cash,Online Order
3554,SUN-7451709,30-12-2023,Beef Carbonara Pasta,Food,FOD-02,2,52000,104000,Digital Wallet,Dine in
3555,SUN-4566612,21-08-2023,Espreso Single,Drinks,DRK-01,4,22000,88000,Debit Card,Take Away
3556,SUN-3019042,29-05-2023,Caramel Machiato,Drinks,DRK-04,3,38000,114000,Digital Wallet,Dine in
3557,SUN-8017669,26-09-2023,New York Cheesecake,Dessert,DST-03,2,42000,84000,Debit Card,Dine in
3558,SUN-5522963,14-04-2023,Club Sandwich,Food,FOD-05,4,45000,180000,Digital Wallet,Dine in
3559,SUN-7173168,07-03-2023,Buttermilk Fried Chicken,Food,FOD-01,3,48000,144000,Digital Wallet,Online Order
3560,SUN-1379254,01-02-2023,Buttermilk Fried Chicken,Food,FOD-01,3,48000,144000,Digital Wallet,Take Away
3561,SUN-6676024,11-11-2023,Cinnamon Roll,Dessert,DST-05,4,28000,112000,Digital Wallet,Take Away
3562,SUN-4792119,18-05-2023,Grill Chicken Caesar Salad,Food,FOD-04,3,42000,126000,Cash,Online Order
3563,SUN-7756158,14-02-2023,Cinnamon Roll,Dessert,DST-05,2,28000,56000,Debit Card,Dine in
3564,SUN-5591646,16-03-2023,Iced Americano,Drinks,DRK-02,3,28000,84000,Debit Card,Dine in
3565,SUN-7295249,23-10-2023,Creamy Maycha Latte,Drinks,DRK-05,4,35000,140000,Cash,Take Away
3566,SUN-3266732,18-05-2023,Caramel Machiato,Drinks,DRK-04,1,38000,38000,Debit Card,Online Order
3567,SUN-6759182,12-03-2023,Fudgy Brownies,Dessert,DST-02,2,25000,50000,Digital Wallet,Take Away
3568,SUN-9462517,02-06-2023,Classic Tirmaisu,Dessert,DST-01,2,38000,76000,Digital Wallet,Take Away
3569,SUN-6396586,05-06-2023,Club Sandwich,Food,FOD-05,2,45000,90000,Digital Wallet,Dine in
3570,SUN-3667458,04-05-2023,Beef Carbonara Pasta,Food,FOD-02,3,52000,156000,Digital Wallet,Take Away
3571,SUN-9742488,25-05-2023,Iced Americano,Drinks,DRK-02,4,28000,112000,Debit Card,Take Away
3572,SUN-6093442,15-09-2023,Creamy Maycha Latte,Drinks,DRK-05,2,35000,70000,Digital Wallet,Take Away
3573,SUN-4807041,28-07-2023,Classic Tirmaisu,Dessert,DST-01,1,38000,38000,Digital Wallet,Online Order
3574,SUN-5975212,29-04-2023,Cinnamon Roll,Dessert,DST-05,4,28000,112000,Digital Wallet,Dine in
3575,SUN-5134409,20-08-2023,Fudgy Brownies,Dessert,DST-02,4,25000,100000,Digital Wallet,Take Away
3576,SUN-8725476,05-10-2023,New York Cheesecake,Dessert,DST-03,3,42000,126000,Debit Card,Take Away
3577,SUN-5794628,15-01-2023,Classic Tirmaisu,Dessert,DST-01,2,38000,76000,Cash,Take Away
3578,SUN-1985671,14-02-2023,Grill Chicken Caesar Salad,Food,FOD-04,3,42000,126000,Digital Wallet,Take Away
3579,SUN-6136752,25-10-2023,Iced Americano,Drinks,DRK-02,4,28000,112000,Digital Wallet,Take Away
3580,SUN-6842757,20-01-2023,Grill Chicken Caesar Salad,Food,FOD-04,2,42000,84000,Digital Wallet,Take Away
3581,SUN-4711623,12-07-2023,Iced Americano,Drinks,DRK-02,3,28000,84000,Debit Card,Take Away
3582,SUN-4446507,19-01-2023,Creamy Maycha Latte,Drinks,DRK-05,2,35000,70000,Digital Wallet,Online Order
3583,SUN-2795155,02-12-2023,Caramel Machiato,Drinks,DRK-04,4,38000,152000,Cash,Dine in
3584,SUN-9711579,15-04-2023,New York Cheesecake,Dessert,DST-03,2,42000,84000,Digital Wallet,Dine in
3585,SUN-9583878,03-03-2023,Classic Tirmaisu,Dessert,DST-01,2,38000,76000,Cash,Dine in
3586,SUN-8964907,07-06-2023,New York Cheesecake,Dessert,DST-03,2,42000,84000,Cash,Take Away
3587,SUN-5704892,12-06-2023,Creamy Maycha Latte,Drinks,DRK-05,2,35000,70000,Debit Card,Online Order
3588,SUN-9247276,16-11-2023,Choco Lava Cake,Dessert,DST-04,3,35000,105000,Debit Card,Online Order
3589,SUN-8841788,15-12-2023,Iced Americano,Drinks,DRK-02,4,28000,112000,Debit Card,Take Away
3590,SUN-6809522,26-06-2023,Caramel Machiato,Drinks,DRK-04,3,38000,114000,Debit Card,Take Away
3591,SUN-3274425,20-08-2023,New York Cheesecake,Dessert,DST-03,2,42000,84000,Cash,Dine in
3592,SUN-3803659,26-09-2023,Grill Chicken Caesar Salad,Food,FOD-04,1,42000,42000,Debit Card,Dine in
3593,SUN-1666048,05-07-2023,Fudgy Brownies,Dessert,DST-02,4,25000,100000,Cash,Online Order
3594,SUN-9330479,19-03-2023,Grill Chicken Caesar Salad,Food,FOD-04,1,42000,42000,Debit Card,Online Order
3595,SUN-7469175,21-06-2023,New York Cheesecake,Dessert,DST-03,4,42000,168000,Debit Card,Take Away
3596,SUN-1361516,11-08-2023,Creamy Maycha Latte,Drinks,DRK-05,2,35000,70000,Debit Card,Online Order
3597,SUN-9895520,01-12-2023,Caramel Machiato,Drinks,DRK-04,3,38000,114000,Debit Card,Online Order
3598,SUN-6838050,27-04-2023,Choco Lava Cake,Dessert,DST-04,1,35000,35000,Cash,Take Away
3599,SUN-6709974,03-01-2023,Fudgy Brownies,Dessert,DST-02,4,25000,100000,Digital Wallet,Online Order
3600,SUN-3957258,08-10-2023,Choco Lava Cake,Dessert,DST-04,1,35000,35000,Digital Wallet,Take Away
3601,SUN-9904877,28-12-2023,New York Cheesecake,Dessert,DST-03,2,42000,84000,Digital Wallet,Online Order
3602,SUN-8753426,23-02-2023,Cafe Latte,Drinks,DRK-03,3,32000,96000,Cash,Dine in
3603,SUN-6515080,21-06-2023,Espreso Single,Drinks,DRK-01,3,22000,66000,Debit Card,Take Away
3604,SUN-9213170,01-04-2023,Creamy Maycha Latte,Drinks,DRK-05,1,35000,35000,Debit Card,Online Order
3605,SUN-7494155,27-10-2023,Nasi Goreng Kampung,Food,FOD-03,1,38000,38000,Digital Wallet,Take Away
3606,SUN-2395517,25-12-2023,Beef Carbonara Pasta,Food,FOD-02,4,52000,208000,Digital Wallet,Dine in
3607,SUN-5920531,26-06-2023,Cinnamon Roll,Dessert,DST-05,3,28000,84000,Digital Wallet,Online Order
3608,SUN-1782692,04-10-2023,Classic Tirmaisu,Dessert,DST-01,3,38000,114000,Digital Wallet,Dine in
3609,SUN-2757883,29-10-2023,Cinnamon Roll,Dessert,DST-05,4,28000,112000,Cash,Take Away
3610,SUN-3059592,20-09-2023,Cafe Latte,Drinks,DRK-03,4,32000,128000,Debit Card,Take Away
3611,SUN-5087778,05-02-2023,Nasi Goreng Kampung,Food,FOD-03,3,38000,114000,Digital Wallet,Online Order
3612,SUN-6636921,28-08-2023,Club Sandwich,Food,FOD-05,4,45000,180000,Cash,Take Away
3613,SUN-8644124,05-06-2023,Nasi Goreng Kampung,Food,FOD-03,2,38000,76000,Debit Card,Online Order
3614,SUN-6143034,24-05-2023,New York Cheesecake,Dessert,DST-03,3,42000,126000,Cash,Online Order
3615,SUN-3737426,09-10-2023,Fudgy Brownies,Dessert,DST-02,3,25000,75000,Cash,Dine in
3616,SUN-5738361,08-06-2023,Cafe Latte,Drinks,DRK-03,2,32000,64000,Cash,Dine in
3617,SUN-7871216,30-12-2023,Fudgy Brownies,Dessert,DST-02,1,25000,25000,Cash,Dine in
3618,SUN-6810499,20-06-2023,Nasi Goreng Kampung,Food,FOD-03,1,38000,38000,Digital Wallet,Take Away
3619,SUN-9057932,07-07-2023,Nasi Goreng Kampung,Food,FOD-03,1,38000,38000,Digital Wallet,Take Away
3620,SUN-4436833,21-05-2023,Buttermilk Fried Chicken,Food,FOD-01,1,48000,48000,Debit Card,Online Order
3621,SUN-5752107,28-01-2023,Grill Chicken Caesar Salad,Food,FOD-04,2,42000,84000,Debit Card,Dine in
3622,SUN-9292915,04-01-2023,Caramel Machiato,Drinks,DRK-04,4,38000,152000,Debit Card,Online Order
3623,SUN-9773334,30-09-2023,Buttermilk Fried Chicken,Food,FOD-01,1,48000,48000,Digital Wallet,Dine in
3624,SUN-9551148,03-03-2023,Espreso Single,Drinks,DRK-01,4,22000,88000,Cash,Dine in
3625,SUN-9374013,25-08-2023,Choco Lava Cake,Dessert,DST-04,3,35000,105000,Cash,Online Order
3626,SUN-7466561,22-08-2023,Nasi Goreng Kampung,Food,FOD-03,1,38000,38000,Cash,Online Order
3627,SUN-5430145,24-02-2023,New York Cheesecake,Dessert,DST-03,3,42000,126000,Digital Wallet,Dine in
3628,SUN-7037717,06-05-2023,Espreso Single,Drinks,DRK-01,4,22000,88000,Debit Card,Online Order
3629,SUN-7819273,18-03-2023,Grill Chicken Caesar Salad,Food,FOD-04,2,42000,84000,Digital Wallet,Take Away
3630,SUN-2506970,27-01-2023,Club Sandwich,Food,FOD-05,1,45000,45000,Digital Wallet,Online Order
3631,SUN-2839545,03-07-2023,Choco Lava Cake,Dessert,DST-04,1,35000,35000,Digital Wallet,Dine in
3632,SUN-1509420,28-12-2023,Club Sandwich,Food,FOD-05,2,45000,90000,Cash,Take Away
3633,SUN-3239165,02-03-2023,Cafe Latte,Drinks,DRK-03,1,32000,32000,Cash,Take Away
3634,SUN-6570220,13-04-2023,Grill Chicken Caesar Salad,Food,FOD-04,4,42000,168000,Debit Card,Online Order
3635,SUN-3958545,01-12-2023,Classic Tirmaisu,Dessert,DST-01,3,38000,114000,Debit Card,Take Away
3636,SUN-3752662,19-12-2023,Espreso Single,Drinks,DRK-01,4,22000,88000,Cash,Dine in
3637,SUN-6847241,28-12-2023,New York Cheesecake,Dessert,DST-03,4,42000,168000,Digital Wallet,Online Order
3638,SUN-9748349,02-01-2023,Creamy Maycha Latte,Drinks,DRK-05,3,35000,105000,Cash,Dine in
3639,SUN-3376823,02-10-2023,Nasi Goreng Kampung,Food,FOD-03,4,38000,152000,Digital Wallet,Dine in
3640,SUN-4185248,03-03-2023,Choco Lava Cake,Dessert,DST-04,3,35000,105000,Digital Wallet,Online Order
3641,SUN-1600958,05-11-2023,New York Cheesecake,Dessert,DST-03,2,42000,84000,Debit Card,Take Away
3642,SUN-1486132,22-10-2023,Beef Carbonara Pasta,Food,FOD-02,1,52000,52000,Digital Wallet,Take Away
3643,SUN-2468224,01-05-2023,Iced Americano,Drinks,DRK-02,2,28000,56000,Digital Wallet,Online Order
3644,SUN-2340808,05-11-2023,Nasi Goreng Kampung,Food,FOD-03,3,38000,114000,Cash,Dine in
3645,SUN-2757649,08-02-2023,Beef Carbonara Pasta,Food,FOD-02,3,52000,156000,Cash,Dine in
3646,SUN-3446565,23-09-2023,Choco Lava Cake,Dessert,DST-04,4,35000,140000,Digital Wallet,Take Away
3647,SUN-8273659,24-09-2023,Creamy Maycha Latte,Drinks,DRK-05,4,35000,140000,Digital Wallet,Take Away
3648,SUN-1648084,18-10-2023,Cafe Latte,Drinks,DRK-03,2,32000,64000,Digital Wallet,Dine in
3649,SUN-7232931,17-10-2023,Beef Carbonara Pasta,Food,FOD-02,1,52000,52000,Cash,Take Away
3650,SUN-8507215,14-05-2023,Club Sandwich,Food,FOD-05,1,45000,45000,Digital Wallet,Dine in
3651,SUN-9978928,11-09-2023,Buttermilk Fried Chicken,Food,FOD-01,4,48000,192000,Digital Wallet,Take Away
3652,SUN-6447034,13-03-2023,Creamy Maycha Latte,Drinks,DRK-05,3,35000,105000,Digital Wallet,Online Order
3653,SUN-8347650,06-03-2023,Choco Lava Cake,Dessert,DST-04,4,35000,140000,Digital Wallet,Dine in
3654,SUN-2984704,21-08-2023,Beef Carbonara Pasta,Food,FOD-02,1,52000,52000,Debit Card,Online Order
3655,SUN-9636044,10-01-2023,Espreso Single,Drinks,DRK-01,3,22000,66000,Digital Wallet,Dine in
3656,SUN-1979177,27-06-2023,Cinnamon Roll,Dessert,DST-05,1,28000,28000,Digital Wallet,Online Order
3657,SUN-1954254,22-07-2023,Caramel Machiato,Drinks,DRK-04,1,38000,38000,Debit Card,Take Away
3658,SUN-4399153,25-11-2023,Espreso Single,Drinks,DRK-01,2,22000,44000,Debit Card,Online Order
3659,SUN-7487111,24-02-2023,Fudgy Brownies,Dessert,DST-02,4,25000,100000,Cash,Take Away
3660,SUN-3865196,21-05-2023,Beef Carbonara Pasta,Food,FOD-02,1,52000,52000,Debit Card,Online Order
3661,SUN-8831976,18-04-2023,Fudgy Brownies,Dessert,DST-02,1,25000,25000,Digital Wallet,Online Order
3662,SUN-5341520,29-03-2023,Fudgy Brownies,Dessert,DST-02,3,25000,75000,Cash,Dine in
3663,SUN-6954159,23-06-2023,Nasi Goreng Kampung,Food,FOD-03,4,38000,152000,Cash,Dine in
3664,SUN-4328259,24-09-2023,Club Sandwich,Food,FOD-05,2,45000,90000,Debit Card,Take Away
3665,SUN-9644783,25-08-2023,Classic Tirmaisu,Dessert,DST-01,1,38000,38000,Digital Wallet,Online Order
3666,SUN-9659503,02-06-2023,Caramel Machiato,Drinks,DRK-04,2,38000,76000,Digital Wallet,Dine in
3667,SUN-7032210,07-12-2023,Cafe Latte,Drinks,DRK-03,3,32000,96000,Debit Card,Online Order
3668,SUN-3214893,08-06-2023,Fudgy Brownies,Dessert,DST-02,4,25000,100000,Digital Wallet,Take Away
3669,SUN-6761158,28-04-2023,Club Sandwich,Food,FOD-05,1,45000,45000,Debit Card,Take Away
3670,SUN-7449560,15-11-2023,Espreso Single,Drinks,DRK-01,1,22000,22000,Cash,Dine in
3671,SUN-2830884,24-07-2023,Cafe Latte,Drinks,DRK-03,4,32000,128000,Digital Wallet,Dine in
3672,SUN-2781722,26-06-2023,Cafe Latte,Drinks,DRK-03,3,32000,96000,Debit Card,Dine in
3673,SUN-7692837,22-12-2023,Espreso Single,Drinks,DRK-01,1,22000,22000,Debit Card,Dine in
3674,SUN-3966575,27-11-2023,Choco Lava Cake,Dessert,DST-04,3,35000,105000,Debit Card,Online Order
3675,SUN-9123441,02-09-2023,New York Cheesecake,Dessert,DST-03,3,42000,126000,Cash,Dine in
3676,SUN-8229279,01-09-2023,New York Cheesecake,Dessert,DST-03,3,42000,126000,Debit Card,Online Order
3677,SUN-5299882,21-05-2023,Cafe Latte,Drinks,DRK-03,3,32000,96000,Digital Wallet,Take Away
3678,SUN-4890746,27-11-2023,Cafe Latte,Drinks,DRK-03,1,32000,32000,Cash,Dine in
3679,SUN-2261903,02-10-2023,Espreso Single,Drinks,DRK-01,4,22000,88000,Digital Wallet,Online Order
3680,SUN-5272685,25-03-2023,Fudgy Brownies,Dessert,DST-02,3,25000,75000,Debit Card,Take Away
3681,SUN-7286403,12-03-2023,Choco Lava Cake,Dessert,DST-04,3,35000,105000,Debit Card,Take Away
3682,SUN-4208194,21-06-2023,Grill Chicken Caesar Salad,Food,FOD-04,2,42000,84000,Cash,Dine in
3683,SUN-9075269,07-02-2023,New York Cheesecake,Dessert,DST-03,1,42000,42000,Cash,Take Away
3684,SUN-1411292,01-09-2023,Classic Tirmaisu,Dessert,DST-01,4,38000,152000,Debit Card,Take Away
3685,SUN-1363313,15-01-2023,Caramel Machiato,Drinks,DRK-04,2,38000,76000,Digital Wallet,Online Order
3686,SUN-6539580,04-06-2023,Cafe Latte,Drinks,DRK-03,1,32000,32000,Debit Card,Take Away
3687,SUN-6659634,01-09-2023,Classic Tirmaisu,Dessert,DST-01,4,38000,152000,Debit Card,Online Order
3688,SUN-9809226,27-08-2023,New York Cheesecake,Dessert,DST-03,2,42000,84000,Digital Wallet,Online Order
3689,SUN-4590717,29-08-2023,Nasi Goreng Kampung,Food,FOD-03,1,38000,38000,Digital Wallet,Dine in
3690,SUN-5385892,18-01-2023,New York Cheesecake,Dessert,DST-03,1,42000,42000,Cash,Take Away
3691,SUN-1656024,02-09-2023,Choco Lava Cake,Dessert,DST-04,1,35000,35000,Cash,Take Away
3692,SUN-7913319,08-10-2023,Buttermilk Fried Chicken,Food,FOD-01,3,48000,144000,Digital Wallet,Take Away
3693,SUN-7248746,03-09-2023,Cinnamon Roll,Dessert,DST-05,2,28000,56000,Digital Wallet,Dine in
3694,SUN-7652618,08-08-2023,Beef Carbonara Pasta,Food,FOD-02,4,52000,208000,Cash,Online Order
3695,SUN-9656816,01-08-2023,Espreso Single,Drinks,DRK-01,2,22000,44000,Digital Wallet,Take Away
3696,SUN-5873370,24-10-2023,Grill Chicken Caesar Salad,Food,FOD-04,3,42000,126000,Debit Card,Take Away
3697,SUN-3368567,10-12-2023,Cafe Latte,Drinks,DRK-03,4,32000,128000,Cash,Take Away
3698,SUN-9253958,15-06-2023,Choco Lava Cake,Dessert,DST-04,2,35000,70000,Cash,Online Order
3699,SUN-5578989,17-06-2023,Classic Tirmaisu,Dessert,DST-01,4,38000,152000,Digital Wallet,Online Order
3700,SUN-4909178,12-08-2023,Choco Lava Cake,Dessert,DST-04,2,35000,70000,Digital Wallet,Take Away
3701,SUN-4151400,15-02-2023,Classic Tirmaisu,Dessert,DST-01,3,38000,114000,Digital Wallet,Dine in
3702,SUN-6399729,13-10-2023,Iced Americano,Drinks,DRK-02,1,28000,28000,Debit Card,Take Away
3703,SUN-9140740,02-04-2023,Club Sandwich,Food,FOD-05,3,45000,135000,Digital Wallet,Take Away
3704,SUN-7134839,03-05-2023,Cinnamon Roll,Dessert,DST-05,4,28000,112000,Digital Wallet,Take Away
3705,SUN-8229495,30-05-2023,Cinnamon Roll,Dessert,DST-05,2,28000,56000,Cash,Online Order
3706,SUN-1548026,29-11-2023,Classic Tirmaisu,Dessert,DST-01,1,38000,38000,Digital Wallet,Take Away
3707,SUN-1918099,12-08-2023,Espreso Single,Drinks,DRK-01,1,22000,22000,Digital Wallet,Dine in
3708,SUN-7828842,12-02-2023,Creamy Maycha Latte,Drinks,DRK-05,1,35000,35000,Debit Card,Take Away
3709,SUN-9203624,11-05-2023,Beef Carbonara Pasta,Food,FOD-02,3,52000,156000,Cash,Take Away
3710,SUN-3899251,24-05-2023,Classic Tirmaisu,Dessert,DST-01,1,38000,38000,Debit Card,Take Away
3711,SUN-8658997,09-06-2023,Cafe Latte,Drinks,DRK-03,1,32000,32000,Digital Wallet,Take Away
3712,SUN-1593973,31-03-2023,Espreso Single,Drinks,DRK-01,4,22000,88000,Digital Wallet,Dine in
3713,SUN-1893325,18-04-2023,Espreso Single,Drinks,DRK-01,2,22000,44000,Digital Wallet,Dine in
3714,SUN-4765346,05-07-2023,Caramel Machiato,Drinks,DRK-04,3,38000,114000,Debit Card,Take Away
3715,SUN-9622891,23-09-2023,Caramel Machiato,Drinks,DRK-04,1,38000,38000,Digital Wallet,Online Order
3716,SUN-5363535,04-08-2023,Cafe Latte,Drinks,DRK-03,3,32000,96000,Digital Wallet,Dine in
3717,SUN-9503693,05-11-2023,New York Cheesecake,Dessert,DST-03,3,42000,126000,Digital Wallet,Dine in
3718,SUN-7366229,14-07-2023,Creamy Maycha Latte,Drinks,DRK-05,1,35000,35000,Debit Card,Take Away
3719,SUN-3531195,04-05-2023,Iced Americano,Drinks,DRK-02,4,28000,112000,Digital Wallet,Online Order
3720,SUN-1412215,17-02-2023,Nasi Goreng Kampung,Food,FOD-03,4,38000,152000,Digital Wallet,Online Order
3721,SUN-2695286,20-10-2023,Club Sandwich,Food,FOD-05,3,45000,135000,Cash,Take Away
3722,SUN-5447638,06-11-2023,Grill Chicken Caesar Salad,Food,FOD-04,2,42000,84000,Digital Wallet,Online Order
3723,SUN-1110249,13-03-2023,Fudgy Brownies,Dessert,DST-02,4,25000,100000,Digital Wallet,Dine in
3724,SUN-5721012,25-09-2023,Fudgy Brownies,Dessert,DST-02,2,25000,50000,Debit Card,Online Order
3725,SUN-6029419,22-12-2023,Creamy Maycha Latte,Drinks,DRK-05,2,35000,70000,Digital Wallet,Dine in
3726,SUN-8460482,08-03-2023,Nasi Goreng Kampung,Food,FOD-03,3,38000,114000,Debit Card,Online Order
3727,SUN-1409999,10-05-2023,Cafe Latte,Drinks,DRK-03,4,32000,128000,Digital Wallet,Dine in
3728,SUN-8400306,17-01-2023,Buttermilk Fried Chicken,Food,FOD-01,2,48000,96000,Digital Wallet,Take Away
3729,SUN-4325062,30-08-2023,Fudgy Brownies,Dessert,DST-02,3,25000,75000,Cash,Dine in
3730,SUN-1256924,30-04-2023,Buttermilk Fried Chicken,Food,FOD-01,3,48000,144000,Digital Wallet,Online Order
3731,SUN-8538348,08-08-2023,Cafe Latte,Drinks,DRK-03,3,32000,96000,Digital Wallet,Dine in
3732,SUN-3569705,21-12-2023,Iced Americano,Drinks,DRK-02,1,28000,28000,Digital Wallet,Take Away
3733,SUN-8667582,30-01-2023,New York Cheesecake,Dessert,DST-03,1,42000,42000,Digital Wallet,Dine in
3734,SUN-8786339,13-01-2023,Iced Americano,Drinks,DRK-02,2,28000,56000,Digital Wallet,Online Order
3735,SUN-6440330,02-08-2023,New York Cheesecake,Dessert,DST-03,4,42000,168000,Debit Card,Dine in
3736,SUN-3179058,05-02-2023,Classic Tirmaisu,Dessert,DST-01,1,38000,38000,Debit Card,Take Away
3737,SUN-8672059,18-01-2023,Caramel Machiato,Drinks,DRK-04,1,38000,38000,Digital Wallet,Take Away
3738,SUN-4731274,12-01-2023,Choco Lava Cake,Dessert,DST-04,4,35000,140000,Cash,Take Away
3739,SUN-6675866,27-06-2023,Grill Chicken Caesar Salad,Food,FOD-04,1,42000,42000,Digital Wallet,Take Away
3740,SUN-5624384,12-06-2023,Cinnamon Roll,Dessert,DST-05,2,28000,56000,Digital Wallet,Dine in
3741,SUN-7777868,16-07-2023,Cafe Latte,Drinks,DRK-03,2,32000,64000,Digital Wallet,Dine in
3742,SUN-2467435,08-06-2023,Club Sandwich,Food,FOD-05,2,45000,90000,Digital Wallet,Dine in
3743,SUN-8159061,14-12-2023,Beef Carbonara Pasta,Food,FOD-02,3,52000,156000,Digital Wallet,Dine in
3744,SUN-2251329,09-12-2023,Cinnamon Roll,Dessert,DST-05,1,28000,28000,Digital Wallet,Dine in
3745,SUN-5873872,08-03-2023,Cafe Latte,Drinks,DRK-03,3,32000,96000,Digital Wallet,Take Away
3746,SUN-5486284,08-12-2023,Classic Tirmaisu,Dessert,DST-01,3,38000,114000,Cash,Take Away
3747,SUN-8739248,18-01-2023,Iced Americano,Drinks,DRK-02,4,28000,112000,Digital Wallet,Dine in
3748,SUN-5414814,08-06-2023,Creamy Maycha Latte,Drinks,DRK-05,4,35000,140000,Cash,Take Away
3749,SUN-2009335,17-08-2023,Cinnamon Roll,Dessert,DST-05,1,28000,28000,Digital Wallet,Take Away
3750,SUN-4506904,30-06-2023,Classic Tirmaisu,Dessert,DST-01,3,38000,114000,Digital Wallet,Dine in
3751,SUN-4164041,24-04-2023,Classic Tirmaisu,Dessert,DST-01,2,38000,76000,Digital Wallet,Online Order
3752,SUN-9133919,11-07-2023,Club Sandwich,Food,FOD-05,4,45000,180000,Debit Card,Take Away
3753,SUN-6858786,20-07-2023,New York Cheesecake,Dessert,DST-03,2,42000,84000,Debit Card,Take Away
3754,SUN-5095519,11-01-2023,Classic Tirmaisu,Dessert,DST-01,1,38000,38000,Cash,Dine in
3755,SUN-6396736,04-04-2023,Choco Lava Cake,Dessert,DST-04,2,35000,70000,Digital Wallet,Online Order
3756,SUN-1256824,11-02-2023,Cafe Latte,Drinks,DRK-03,2,32000,64000,Digital Wallet,Dine in
3757,SUN-8379227,09-09-2023,Caramel Machiato,Drinks,DRK-04,2,38000,76000,Debit Card,Online Order
3758,SUN-6496268,16-06-2023,Classic Tirmaisu,Dessert,DST-01,4,38000,152000,Debit Card,Take Away
3759,SUN-7917694,15-02-2023,Club Sandwich,Food,FOD-05,4,45000,180000,Digital Wallet,Take Away
3760,SUN-9518367,13-10-2023,Cafe Latte,Drinks,DRK-03,2,32000,64000,Debit Card,Take Away
3761,SUN-6100093,06-07-2023,Caramel Machiato,Drinks,DRK-04,4,38000,152000,Debit Card,Online Order
3762,SUN-3330190,20-08-2023,Nasi Goreng Kampung,Food,FOD-03,2,38000,76000,Cash,Dine in
3763,SUN-2497271,09-10-2023,Nasi Goreng Kampung,Food,FOD-03,3,38000,114000,Debit Card,Dine in
3764,SUN-4741326,16-04-2023,Iced Americano,Drinks,DRK-02,3,28000,84000,Cash,Dine in
3765,SUN-8854599,22-11-2023,Caramel Machiato,Drinks,DRK-04,2,38000,76000,Cash,Dine in
3766,SUN-2507107,09-02-2023,Classic Tirmaisu,Dessert,DST-01,3,38000,114000,Digital Wallet,Take Away
3767,SUN-2540654,30-04-2023,Beef Carbonara Pasta,Food,FOD-02,4,52000,208000,Debit Card,Dine in
3768,SUN-7488874,18-02-2023,Classic Tirmaisu,Dessert,DST-01,1,38000,38000,Debit Card,Take Away
3769,SUN-8772552,20-07-2023,Caramel Machiato,Drinks,DRK-04,3,38000,114000,Debit Card,Online Order
3770,SUN-7347612,17-02-2023,Caramel Machiato,Drinks,DRK-04,1,38000,38000,Digital Wallet,Dine in
3771,SUN-2725566,14-12-2023,Grill Chicken Caesar Salad,Food,FOD-04,1,42000,42000,Digital Wallet,Online Order
3772,SUN-4140153,11-10-2023,Fudgy Brownies,Dessert,DST-02,3,25000,75000,Digital Wallet,Online Order
3773,SUN-7279629,20-02-2023,Beef Carbonara Pasta,Food,FOD-02,1,52000,52000,Digital Wallet,Take Away
3774,SUN-6802714,23-10-2023,Beef Carbonara Pasta,Food,FOD-02,4,52000,208000,Cash,Take Away
3775,SUN-4484879,31-10-2023,Espreso Single,Drinks,DRK-01,4,22000,88000,Debit Card,Online Order
3776,SUN-6420106,17-02-2023,Grill Chicken Caesar Salad,Food,FOD-04,4,42000,168000,Digital Wallet,Online Order
3777,SUN-7167215,25-09-2023,Choco Lava Cake,Dessert,DST-04,3,35000,105000,Digital Wallet,Take Away
3778,SUN-1847716,11-02-2023,Choco Lava Cake,Dessert,DST-04,4,35000,140000,Cash,Dine in
3779,SUN-5525709,19-12-2023,Buttermilk Fried Chicken,Food,FOD-01,1,48000,48000,Digital Wallet,Take Away
3780,SUN-5059817,26-09-2023,Iced Americano,Drinks,DRK-02,1,28000,28000,Debit Card,Dine in
3781,SUN-1643371,28-06-2023,Classic Tirmaisu,Dessert,DST-01,3,38000,114000,Debit Card,Take Away
3782,SUN-2636307,20-01-2023,Beef Carbonara Pasta,Food,FOD-02,2,52000,104000,Cash,Take Away
3783,SUN-2162476,16-06-2023,Iced Americano,Drinks,DRK-02,2,28000,56000,Cash,Take Away
3784,SUN-8515419,27-06-2023,Beef Carbonara Pasta,Food,FOD-02,1,52000,52000,Digital Wallet,Take Away
3785,SUN-3244243,19-07-2023,Nasi Goreng Kampung,Food,FOD-03,1,38000,38000,Digital Wallet,Dine in
3786,SUN-1790046,07-12-2023,Iced Americano,Drinks,DRK-02,3,28000,84000,Digital Wallet,Dine in
3787,SUN-8364327,12-05-2023,Espreso Single,Drinks,DRK-01,2,22000,44000,Digital Wallet,Take Away
3788,SUN-1239173,25-01-2023,Cafe Latte,Drinks,DRK-03,4,32000,128000,Digital Wallet,Online Order
3789,SUN-1183866,22-01-2023,Beef Carbonara Pasta,Food,FOD-02,1,52000,52000,Digital Wallet,Take Away
3790,SUN-5918601,13-06-2023,Espreso Single,Drinks,DRK-01,2,22000,44000,Debit Card,Dine in
3791,SUN-7678328,27-07-2023,Buttermilk Fried Chicken,Food,FOD-01,3,48000,144000,Debit Card,Online Order
3792,SUN-7181434,04-07-2023,Nasi Goreng Kampung,Food,FOD-03,4,38000,152000,Debit Card,Dine in
3793,SUN-3368517,23-05-2023,Classic Tirmaisu,Dessert,DST-01,2,38000,76000,Cash,Take Away
3794,SUN-8622607,05-12-2023,Cafe Latte,Drinks,DRK-03,1,32000,32000,Debit Card,Dine in
3795,SUN-6986128,04-07-2023,Cinnamon Roll,Dessert,DST-05,1,28000,28000,Digital Wallet,Take Away
3796,SUN-6221046,27-10-2023,Beef Carbonara Pasta,Food,FOD-02,4,52000,208000,Cash,Take Away
3797,SUN-6229056,13-09-2023,Cafe Latte,Drinks,DRK-03,1,32000,32000,Debit Card,Online Order
3798,SUN-2977011,21-02-2023,Espreso Single,Drinks,DRK-01,4,22000,88000,Digital Wallet,Dine in
3799,SUN-7976665,24-05-2023,Cafe Latte,Drinks,DRK-03,4,32000,128000,Debit Card,Take Away
3800,SUN-2034287,10-02-2023,Beef Carbonara Pasta,Food,FOD-02,3,52000,156000,Debit Card,Dine in
3801,SUN-1850360,01-03-2023,Caramel Machiato,Drinks,DRK-04,2,38000,76000,Debit Card,Take Away
3802,SUN-9459112,05-05-2023,Espreso Single,Drinks,DRK-01,4,22000,88000,Digital Wallet,Take Away
3803,SUN-7426242,31-10-2023,Creamy Maycha Latte,Drinks,DRK-05,3,35000,105000,Digital Wallet,Online Order
3804,SUN-4524326,17-06-2023,Iced Americano,Drinks,DRK-02,2,28000,56000,Debit Card,Take Away
3805,SUN-7903357,11-12-2023,New York Cheesecake,Dessert,DST-03,4,42000,168000,Digital Wallet,Take Away
3806,SUN-4215963,21-05-2023,New York Cheesecake,Dessert,DST-03,3,42000,126000,Digital Wallet,Dine in
3807,SUN-2325696,27-03-2023,Grill Chicken Caesar Salad,Food,FOD-04,3,42000,126000,Cash,Dine in
3808,SUN-2384939,11-09-2023,Beef Carbonara Pasta,Food,FOD-02,2,52000,104000,Cash,Take Away
3809,SUN-3898883,11-08-2023,Cafe Latte,Drinks,DRK-03,2,32000,64000,Digital Wallet,Online Order
3810,SUN-3322308,27-06-2023,Classic Tirmaisu,Dessert,DST-01,1,38000,38000,Digital Wallet,Take Away
3811,SUN-2449367,18-05-2023,Nasi Goreng Kampung,Food,FOD-03,3,38000,114000,Debit Card,Take Away
3812,SUN-2247271,14-03-2023,Beef Carbonara Pasta,Food,FOD-02,4,52000,208000,Digital Wallet,Online Order
3813,SUN-5245545,14-09-2023,Nasi Goreng Kampung,Food,FOD-03,1,38000,38000,Digital Wallet,Dine in
3814,SUN-9750706,13-02-2023,Cafe Latte,Drinks,DRK-03,2,32000,64000,Debit Card,Online Order
3815,SUN-3827470,20-01-2023,Grill Chicken Caesar Salad,Food,FOD-04,3,42000,126000,Cash,Dine in
3816,SUN-4992251,16-01-2023,Choco Lava Cake,Dessert,DST-04,4,35000,140000,Digital Wallet,Online Order
3817,SUN-1676936,02-12-2023,Nasi Goreng Kampung,Food,FOD-03,1,38000,38000,Digital Wallet,Online Order
3818,SUN-2570458,13-09-2023,Iced Americano,Drinks,DRK-02,3,28000,84000,Cash,Dine in
3819,SUN-8323001,08-11-2023,Nasi Goreng Kampung,Food,FOD-03,4,38000,152000,Cash,Take Away
3820,SUN-3130934,29-12-2023,Grill Chicken Caesar Salad,Food,FOD-04,2,42000,84000,Digital Wallet,Take Away
3821,SUN-4665645,20-02-2023,Cinnamon Roll,Dessert,DST-05,1,28000,28000,Digital Wallet,Online Order
3822,SUN-4882416,14-09-2023,Nasi Goreng Kampung,Food,FOD-03,3,38000,114000,Cash,Dine in
3823,SUN-5458201,22-08-2023,Caramel Machiato,Drinks,DRK-04,2,38000,76000,Digital Wallet,Online Order
3824,SUN-4668840,22-10-2023,Espreso Single,Drinks,DRK-01,4,22000,88000,Debit Card,Online Order
3825,SUN-2403201,01-05-2023,Iced Americano,Drinks,DRK-02,2,28000,56000,Debit Card,Dine in
3826,SUN-6552635,19-12-2023,Cafe Latte,Drinks,DRK-03,4,32000,128000,Cash,Dine in
3827,SUN-9780457,18-03-2023,Caramel Machiato,Drinks,DRK-04,3,38000,114000,Debit Card,Online Order
3828,SUN-1621385,07-11-2023,New York Cheesecake,Dessert,DST-03,3,42000,126000,Digital Wallet,Dine in
3829,SUN-4106715,06-11-2023,Beef Carbonara Pasta,Food,FOD-02,2,52000,104000,Digital Wallet,Take Away
3830,SUN-5300269,25-06-2023,Creamy Maycha Latte,Drinks,DRK-05,1,35000,35000,Debit Card,Take Away
3831,SUN-7472504,02-10-2023,Beef Carbonara Pasta,Food,FOD-02,4,52000,208000,Cash,Dine in
3832,SUN-8031215,31-10-2023,Grill Chicken Caesar Salad,Food,FOD-04,4,42000,168000,Debit Card,Online Order
3833,SUN-2114884,30-07-2023,Club Sandwich,Food,FOD-05,4,45000,180000,Digital Wallet,Online Order
3834,SUN-3043562,13-11-2023,New York Cheesecake,Dessert,DST-03,2,42000,84000,Digital Wallet,Dine in
3835,SUN-3045503,15-08-2023,Nasi Goreng Kampung,Food,FOD-03,3,38000,114000,Digital Wallet,Dine in
3836,SUN-1010208,04-06-2023,Creamy Maycha Latte,Drinks,DRK-05,4,35000,140000,Digital Wallet,Dine in
3837,SUN-8739725,14-11-2023,Grill Chicken Caesar Salad,Food,FOD-04,1,42000,42000,Debit Card,Online Order
3838,SUN-9812944,26-09-2023,Club Sandwich,Food,FOD-05,2,45000,90000,Debit Card,Dine in
3839,SUN-3055448,05-05-2023,Espreso Single,Drinks,DRK-01,2,22000,44000,Debit Card,Dine in
3840,SUN-3673425,01-08-2023,Choco Lava Cake,Dessert,DST-04,1,35000,35000,Digital Wallet,Dine in
3841,SUN-9877138,29-06-2023,Beef Carbonara Pasta,Food,FOD-02,4,52000,208000,Debit Card,Online Order
3842,SUN-9126074,01-10-2023,Club Sandwich,Food,FOD-05,2,45000,90000,Digital Wallet,Online Order
3843,SUN-8545884,25-03-2023,Espreso Single,Drinks,DRK-01,4,22000,88000,Debit Card,Take Away
3844,SUN-5958153,17-04-2023,Caramel Machiato,Drinks,DRK-04,3,38000,114000,Digital Wallet,Take Away
3845,SUN-5300580,15-06-2023,Creamy Maycha Latte,Drinks,DRK-05,2,35000,70000,Digital Wallet,Dine in
3846,SUN-2578047,10-09-2023,Creamy Maycha Latte,Drinks,DRK-05,1,35000,35000,Debit Card,Dine in
3847,SUN-2232089,04-03-2023,Nasi Goreng Kampung,Food,FOD-03,4,38000,152000,Debit Card,Take Away
3848,SUN-6829139,22-11-2023,Fudgy Brownies,Dessert,DST-02,1,25000,25000,Digital Wallet,Take Away
3849,SUN-8622212,07-05-2023,Choco Lava Cake,Dessert,DST-04,4,35000,140000,Digital Wallet,Dine in
3850,SUN-2090332,15-10-2023,Choco Lava Cake,Dessert,DST-04,3,35000,105000,Cash,Take Away
3851,SUN-6107507,23-08-2023,Caramel Machiato,Drinks,DRK-04,2,38000,76000,Digital Wallet,Take Away
3852,SUN-3549576,04-11-2023,Nasi Goreng Kampung,Food,FOD-03,3,38000,114000,Debit Card,Take Away
3853,SUN-2742314,11-04-2023,Cinnamon Roll,Dessert,DST-05,3,28000,84000,Digital Wallet,Take Away
3854,SUN-4221682,05-05-2023,Buttermilk Fried Chicken,Food,FOD-01,2,48000,96000,Digital Wallet,Take Away
3855,SUN-9922560,27-08-2023,Buttermilk Fried Chicken,Food,FOD-01,4,48000,192000,Digital Wallet,Take Away
3856,SUN-6931636,12-05-2023,Caramel Machiato,Drinks,DRK-04,3,38000,114000,Cash,Take Away
3857,SUN-2738125,18-10-2023,Iced Americano,Drinks,DRK-02,2,28000,56000,Debit Card,Take Away
3858,SUN-7870562,15-03-2023,Buttermilk Fried Chicken,Food,FOD-01,2,48000,96000,Debit Card,Dine in
3859,SUN-3018508,18-08-2023,Cinnamon Roll,Dessert,DST-05,3,28000,84000,Digital Wallet,Online Order
3860,SUN-3883594,19-06-2023,Choco Lava Cake,Dessert,DST-04,1,35000,35000,Digital Wallet,Dine in
3861,SUN-9394011,21-06-2023,Caramel Machiato,Drinks,DRK-04,4,38000,152000,Digital Wallet,Dine in
3862,SUN-5812046,17-08-2023,New York Cheesecake,Dessert,DST-03,2,42000,84000,Digital Wallet,Dine in
3863,SUN-9950900,23-05-2023,Cinnamon Roll,Dessert,DST-05,1,28000,28000,Cash,Dine in
3864,SUN-2662111,15-04-2023,Iced Americano,Drinks,DRK-02,1,28000,28000,Digital Wallet,Dine in
3865,SUN-7116352,27-01-2023,Beef Carbonara Pasta,Food,FOD-02,3,52000,156000,Debit Card,Dine in
3866,SUN-3617883,16-08-2023,Creamy Maycha Latte,Drinks,DRK-05,2,35000,70000,Cash,Take Away
3867,SUN-1187212,07-10-2023,Buttermilk Fried Chicken,Food,FOD-01,2,48000,96000,Debit Card,Online Order
3868,SUN-2116191,17-03-2023,Choco Lava Cake,Dessert,DST-04,3,35000,105000,Debit Card,Take Away
3869,SUN-5950875,15-12-2023,Iced Americano,Drinks,DRK-02,2,28000,56000,Cash,Dine in
3870,SUN-6335150,14-09-2023,Beef Carbonara Pasta,Food,FOD-02,2,52000,104000,Digital Wallet,Dine in
3871,SUN-7448208,30-03-2023,Iced Americano,Drinks,DRK-02,4,28000,112000,Cash,Take Away
3872,SUN-7240058,08-06-2023,New York Cheesecake,Dessert,DST-03,2,42000,84000,Debit Card,Dine in
3873,SUN-3547817,12-09-2023,Fudgy Brownies,Dessert,DST-02,2,25000,50000,Debit Card,Dine in
3874,SUN-8901900,24-02-2023,Caramel Machiato,Drinks,DRK-04,2,38000,76000,Cash,Take Away
3875,SUN-4613697,09-08-2023,Iced Americano,Drinks,DRK-02,1,28000,28000,Debit Card,Take Away
3876,SUN-9059287,10-10-2023,Club Sandwich,Food,FOD-05,1,45000,45000,Digital Wallet,Dine in
3877,SUN-4990419,24-10-2023,Espreso Single,Drinks,DRK-01,4,22000,88000,Debit Card,Dine in
3878,SUN-3909584,09-10-2023,Creamy Maycha Latte,Drinks,DRK-05,2,35000,70000,Cash,Dine in
3879,SUN-8495372,07-09-2023,Creamy Maycha Latte,Drinks,DRK-05,4,35000,140000,Digital Wallet,Online Order
3880,SUN-4120424,13-05-2023,Cinnamon Roll,Dessert,DST-05,3,28000,84000,Digital Wallet,Take Away
3881,SUN-3254236,13-03-2023,Espreso Single,Drinks,DRK-01,2,22000,44000,Digital Wallet,Take Away
3882,SUN-4603719,28-11-2023,Fudgy Brownies,Dessert,DST-02,3,25000,75000,Digital Wallet,Take Away
3883,SUN-6106008,19-02-2023,Nasi Goreng Kampung,Food,FOD-03,3,38000,114000,Digital Wallet,Online Order
3884,SUN-1832215,02-06-2023,Grill Chicken Caesar Salad,Food,FOD-04,3,42000,126000,Cash,Take Away
3885,SUN-1363121,03-05-2023,Grill Chicken Caesar Salad,Food,FOD-04,4,42000,168000,Debit Card,Dine in
3886,SUN-7961144,28-10-2023,Nasi Goreng Kampung,Food,FOD-03,3,38000,114000,Cash,Take Away
3887,SUN-2135404,09-03-2023,Buttermilk Fried Chicken,Food,FOD-01,4,48000,192000,Digital Wallet,Dine in
3888,SUN-5719142,02-09-2023,Caramel Machiato,Drinks,DRK-04,4,38000,152000,Cash,Online Order
3889,SUN-1782288,08-08-2023,Caramel Machiato,Drinks,DRK-04,1,38000,38000,Digital Wallet,Take Away
3890,SUN-2035536,19-04-2023,New York Cheesecake,Dessert,DST-03,1,42000,42000,Digital Wallet,Take Away
3891,SUN-7454634,02-02-2023,Buttermilk Fried Chicken,Food,FOD-01,4,48000,192000,Cash,Dine in
3892,SUN-8383194,05-02-2023,Cafe Latte,Drinks,DRK-03,4,32000,128000,Cash,Dine in
3893,SUN-2882589,04-09-2023,Grill Chicken Caesar Salad,Food,FOD-04,2,42000,84000,Debit Card,Online Order
3894,SUN-3640222,09-01-2023,Choco Lava Cake,Dessert,DST-04,2,35000,70000,Debit Card,Online Order
3895,SUN-1347597,14-10-2023,Caramel Machiato,Drinks,DRK-04,3,38000,114000,Debit Card,Online Order
3896,SUN-1879621,10-05-2023,Cinnamon Roll,Dessert,DST-05,4,28000,112000,Debit Card,Online Order
3897,SUN-2781420,16-01-2023,Choco Lava Cake,Dessert,DST-04,2,35000,70000,Digital Wallet,Take Away
3898,SUN-2560498,30-03-2023,Choco Lava Cake,Dessert,DST-04,2,35000,70000,Digital Wallet,Take Away
3899,SUN-9504768,20-11-2023,Fudgy Brownies,Dessert,DST-02,3,25000,75000,Debit Card,Take Away
3900,SUN-2760388,16-12-2023,Beef Carbonara Pasta,Food,FOD-02,3,52000,156000,Debit Card,Dine in
3901,SUN-2230181,27-10-2023,Cafe Latte,Drinks,DRK-03,2,32000,64000,Digital Wallet,Online Order
3902,SUN-5593411,14-01-2023,Choco Lava Cake,Dessert,DST-04,2,35000,70000,Cash,Take Away
3903,SUN-8760669,16-01-2023,Espreso Single,Drinks,DRK-01,3,22000,66000,Debit Card,Online Order
3904,SUN-5162011,29-03-2023,Cinnamon Roll,Dessert,DST-05,2,28000,56000,Digital Wallet,Dine in
3905,SUN-7461502,19-07-2023,Grill Chicken Caesar Salad,Food,FOD-04,3,42000,126000,Debit Card,Online Order
3906,SUN-1907227,21-02-2023,Grill Chicken Caesar Salad,Food,FOD-04,2,42000,84000,Debit Card,Dine in
3907,SUN-8515422,11-01-2023,Club Sandwich,Food,FOD-05,3,45000,135000,Digital Wallet,Take Away
3908,SUN-9003283,21-01-2023,Beef Carbonara Pasta,Food,FOD-02,2,52000,104000,Debit Card,Dine in
3909,SUN-7530546,24-06-2023,Espreso Single,Drinks,DRK-01,2,22000,44000,Debit Card,Online Order
3910,SUN-2319600,14-11-2023,Beef Carbonara Pasta,Food,FOD-02,4,52000,208000,Digital Wallet,Take Away
3911,SUN-6338401,30-01-2023,Creamy Maycha Latte,Drinks,DRK-05,1,35000,35000,Debit Card,Online Order
3912,SUN-4882508,27-03-2023,Fudgy Brownies,Dessert,DST-02,1,25000,25000,Digital Wallet,Dine in
3913,SUN-4265403,30-07-2023,Cinnamon Roll,Dessert,DST-05,1,28000,28000,Digital Wallet,Dine in
3914,SUN-4555894,01-09-2023,Club Sandwich,Food,FOD-05,1,45000,45000,Debit Card,Take Away
3915,SUN-2876919,29-01-2023,Espreso Single,Drinks,DRK-01,1,22000,22000,Debit Card,Take Away
3916,SUN-3752613,23-11-2023,Grill Chicken Caesar Salad,Food,FOD-04,2,42000,84000,Debit Card,Take Away
3917,SUN-2556243,02-02-2023,Nasi Goreng Kampung,Food,FOD-03,3,38000,114000,Cash,Dine in
3918,SUN-4653144,26-09-2023,Beef Carbonara Pasta,Food,FOD-02,4,52000,208000,Cash,Dine in
3919,SUN-9721942,21-12-2023,Espreso Single,Drinks,DRK-01,2,22000,44000,Debit Card,Online Order
3920,SUN-8585908,13-10-2023,Espreso Single,Drinks,DRK-01,2,22000,44000,Debit Card,Dine in
3921,SUN-4842600,23-10-2023,Beef Carbonara Pasta,Food,FOD-02,1,52000,52000,Cash,Take Away
3922,SUN-6282592,29-11-2023,Cafe Latte,Drinks,DRK-03,2,32000,64000,Digital Wallet,Dine in
3923,SUN-8619324,03-09-2023,Fudgy Brownies,Dessert,DST-02,4,25000,100000,Digital Wallet,Dine in
3924,SUN-1527200,22-02-2023,Beef Carbonara Pasta,Food,FOD-02,1,52000,52000,Cash,Take Away
3925,SUN-3844170,15-10-2023,Espreso Single,Drinks,DRK-01,3,22000,66000,Debit Card,Online Order
3926,SUN-9822005,31-01-2023,Caramel Machiato,Drinks,DRK-04,2,38000,76000,Debit Card,Online Order
3927,SUN-9975816,20-03-2023,Espreso Single,Drinks,DRK-01,2,22000,44000,Digital Wallet,Take Away
3928,SUN-3095611,18-10-2023,Buttermilk Fried Chicken,Food,FOD-01,1,48000,48000,Debit Card,Take Away
3929,SUN-7859472,07-02-2023,Espreso Single,Drinks,DRK-01,1,22000,22000,Digital Wallet,Dine in
3930,SUN-8807163,17-03-2023,Iced Americano,Drinks,DRK-02,3,28000,84000,Debit Card,Take Away
3931,SUN-4593056,28-04-2023,Buttermilk Fried Chicken,Food,FOD-01,4,48000,192000,Debit Card,Take Away
3932,SUN-4552461,02-09-2023,Choco Lava Cake,Dessert,DST-04,3,35000,105000,Debit Card,Take Away
3933,SUN-8665026,05-10-2023,Club Sandwich,Food,FOD-05,1,45000,45000,Debit Card,Online Order
3934,SUN-4382835,09-08-2023,Cinnamon Roll,Dessert,DST-05,2,28000,56000,Cash,Take Away
3935,SUN-6424460,03-10-2023,Grill Chicken Caesar Salad,Food,FOD-04,1,42000,42000,Cash,Take Away
3936,SUN-3707274,15-05-2023,Club Sandwich,Food,FOD-05,3,45000,135000,Digital Wallet,Online Order
3937,SUN-4611666,19-09-2023,Creamy Maycha Latte,Drinks,DRK-05,3,35000,105000,Debit Card,Take Away
3938,SUN-6418669,23-02-2023,Iced Americano,Drinks,DRK-02,2,28000,56000,Digital Wallet,Take Away
3939,SUN-5796221,02-06-2023,Espreso Single,Drinks,DRK-01,2,22000,44000,Digital Wallet,Online Order
3940,SUN-9530056,11-02-2023,Nasi Goreng Kampung,Food,FOD-03,2,38000,76000,Digital Wallet,Dine in
3941,SUN-5094620,05-07-2023,Beef Carbonara Pasta,Food,FOD-02,3,52000,156000,Debit Card,Online Order
3942,SUN-8138299,26-09-2023,Nasi Goreng Kampung,Food,FOD-03,2,38000,76000,Debit Card,Dine in
3943,SUN-3717225,28-09-2023,Fudgy Brownies,Dessert,DST-02,3,25000,75000,Digital Wallet,Dine in
3944,SUN-2600519,08-04-2023,Beef Carbonara Pasta,Food,FOD-02,4,52000,208000,Debit Card,Take Away
3945,SUN-6521251,03-08-2023,Beef Carbonara Pasta,Food,FOD-02,2,52000,104000,Cash,Dine in
3946,SUN-8406779,22-11-2023,Fudgy Brownies,Dessert,DST-02,2,25000,50000,Digital Wallet,Online Order
3947,SUN-1341680,22-03-2023,Fudgy Brownies,Dessert,DST-02,2,25000,50000,Cash,Dine in
3948,SUN-7616739,24-04-2023,Cinnamon Roll,Dessert,DST-05,3,28000,84000,Cash,Take Away
3949,SUN-1390392,21-06-2023,Choco Lava Cake,Dessert,DST-04,4,35000,140000,Cash,Dine in
3950,SUN-7992777,07-04-2023,Beef Carbonara Pasta,Food,FOD-02,3,52000,156000,Debit Card,Online Order
3951,SUN-3276002,08-12-2023,Classic Tirmaisu,Dessert,DST-01,2,38000,76000,Debit Card,Online Order
3952,SUN-7358457,17-11-2023,Creamy Maycha Latte,Drinks,DRK-05,1,35000,35000,Digital Wallet,Dine in
3953,SUN-8319559,17-12-2023,Nasi Goreng Kampung,Food,FOD-03,1,38000,38000,Debit Card,Take Away
3954,SUN-7037579,20-12-2023,Creamy Maycha Latte,Drinks,DRK-05,1,35000,35000,Debit Card,Take Away
3955,SUN-5974183,29-01-2023,Beef Carbonara Pasta,Food,FOD-02,3,52000,156000,Digital Wallet,Online Order
3956,SUN-2717732,23-06-2023,Caramel Machiato,Drinks,DRK-04,4,38000,152000,Digital Wallet,Dine in
3957,SUN-8760104,13-02-2023,New York Cheesecake,Dessert,DST-03,2,42000,84000,Debit Card,Take Away
3958,SUN-9688750,05-04-2023,Grill Chicken Caesar Salad,Food,FOD-04,4,42000,168000,Debit Card,Dine in
3959,SUN-1646984,22-01-2023,Creamy Maycha Latte,Drinks,DRK-05,4,35000,140000,Debit Card,Take Away
3960,SUN-1629722,02-09-2023,Nasi Goreng Kampung,Food,FOD-03,3,38000,114000,Cash,Take Away
3961,SUN-5861297,04-07-2023,Grill Chicken Caesar Salad,Food,FOD-04,4,42000,168000,Digital Wallet,Dine in
3962,SUN-8171370,26-02-2023,Beef Carbonara Pasta,Food,FOD-02,4,52000,208000,Debit Card,Take Away
3963,SUN-5457312,24-11-2023,New York Cheesecake,Dessert,DST-03,1,42000,42000,Debit Card,Online Order
3964,SUN-2651667,19-07-2023,Iced Americano,Drinks,DRK-02,1,28000,28000,Debit Card,Take Away
3965,SUN-1001032,07-07-2023,Caramel Machiato,Drinks,DRK-04,3,38000,114000,Cash,Dine in
3966,SUN-3241354,28-04-2023,Beef Carbonara Pasta,Food,FOD-02,1,52000,52000,Digital Wallet,Online Order
3967,SUN-8133695,02-05-2023,Espreso Single,Drinks,DRK-01,2,22000,44000,Digital Wallet,Dine in
3968,SUN-2185240,15-05-2023,Buttermilk Fried Chicken,Food,FOD-01,2,48000,96000,Digital Wallet,Dine in
3969,SUN-9742953,18-11-2023,Choco Lava Cake,Dessert,DST-04,3,35000,105000,Debit Card,Take Away
3970,SUN-7470119,15-08-2023,Cafe Latte,Drinks,DRK-03,2,32000,64000,Digital Wallet,Online Order
3971,SUN-6753354,30-03-2023,Classic Tirmaisu,Dessert,DST-01,3,38000,114000,Debit Card,Dine in
3972,SUN-5436439,26-09-2023,Iced Americano,Drinks,DRK-02,4,28000,112000,Debit Card,Online Order
3973,SUN-8206733,20-07-2023,Grill Chicken Caesar Salad,Food,FOD-04,3,42000,126000,Digital Wallet,Online Order
3974,SUN-2343955,13-05-2023,Club Sandwich,Food,FOD-05,4,45000,180000,Debit Card,Online Order
3975,SUN-7149207,20-11-2023,Choco Lava Cake,Dessert,DST-04,1,35000,35000,Debit Card,Online Order
3976,SUN-9970008,21-04-2023,Cinnamon Roll,Dessert,DST-05,3,28000,84000,Cash,Online Order
3977,SUN-6373092,15-11-2023,Choco Lava Cake,Dessert,DST-04,3,35000,105000,Debit Card,Online Order
3978,SUN-5652028,16-04-2023,Club Sandwich,Food,FOD-05,1,45000,45000,Digital Wallet,Dine in
3979,SUN-2907048,18-02-2023,Grill Chicken Caesar Salad,Food,FOD-04,3,42000,126000,Digital Wallet,Online Order
3980,SUN-4442410,11-04-2023,Buttermilk Fried Chicken,Food,FOD-01,4,48000,192000,Cash,Dine in
3981,SUN-2085777,22-04-2023,New York Cheesecake,Dessert,DST-03,2,42000,84000,Debit Card,Dine in
3982,SUN-5838392,19-06-2023,New York Cheesecake,Dessert,DST-03,1,42000,42000,Digital Wallet,Dine in
3983,SUN-2446850,29-05-2023,Cafe Latte,Drinks,DRK-03,1,32000,32000,Debit Card,Take Away
3984,SUN-2467779,03-10-2023,Creamy Maycha Latte,Drinks,DRK-05,3,35000,105000,Cash,Dine in
3985,SUN-1237973,09-10-2023,Buttermilk Fried Chicken,Food,FOD-01,4,48000,192000,Digital Wallet,Dine in
3986,SUN-2904721,31-05-2023,Creamy Maycha Latte,Drinks,DRK-05,3,35000,105000,Debit Card,Online Order
3987,SUN-2540192,08-09-2023,Cafe Latte,Drinks,DRK-03,3,32000,96000,Debit Card,Dine in
3988,SUN-2414404,26-05-2023,Beef Carbonara Pasta,Food,FOD-02,4,52000,208000,Debit Card,Online Order
3989,SUN-5983491,15-07-2023,Espreso Single,Drinks,DRK-01,3,22000,66000,Digital Wallet,Online Order
3990,SUN-8371787,07-06-2023,Fudgy Brownies,Dessert,DST-02,1,25000,25000,Digital Wallet,Take Away
3991,SUN-1802270,18-05-2023,New York Cheesecake,Dessert,DST-03,3,42000,126000,Debit Card,Dine in
3992,SUN-3648210,07-04-2023,Club Sandwich,Food,FOD-05,4,45000,180000,Digital Wallet,Dine in
3993,SUN-5938428,15-04-2023,Choco Lava Cake,Dessert,DST-04,1,35000,35000,Digital Wallet,Dine in
3994,SUN-1452696,04-07-2023,Iced Americano,Drinks,DRK-02,3,28000,84000,Debit Card,Take Away
3995,SUN-7953354,01-08-2023,Cinnamon Roll,Dessert,DST-05,1,28000,28000,Digital Wallet,Online Order
3996,SUN-6340349,11-01-2023,Cafe Latte,Drinks,DRK-03,3,32000,96000,Digital Wallet,Take Away
3997,SUN-9613868,21-10-2023,Iced Americano,Drinks,DRK-02,4,28000,112000,Cash,Dine in
3998,SUN-4359668,01-06-2023,New York Cheesecake,Dessert,DST-03,3,42000,126000,Digital Wallet,Online Order
3999,SUN-5394283,09-05-2023,New York Cheesecake,Dessert,DST-03,1,42000,42000,Cash,Take Away
4000,SUN-3452992,06-04-2023,Grill Chicken Caesar Salad,Food,FOD-04,3,42000,126000,Digital Wallet,Take Away
4001,SUN-8334716,14-04-2023,Fudgy Brownies,Dessert,DST-02,2,25000,50000,Cash,Dine in
4002,SUN-6954898,05-04-2023,Cafe Latte,Drinks,DRK-03,4,32000,128000,Cash,Take Away
4003,SUN-6947545,04-01-2023,Cafe Latte,Drinks,DRK-03,4,32000,128000,Digital Wallet,Dine in
4004,SUN-2676601,18-06-2023,New York Cheesecake,Dessert,DST-03,2,42000,84000,Digital Wallet,Take Away
4005,SUN-4834489,10-02-2023,Cafe Latte,Drinks,DRK-03,3,32000,96000,Cash,Take Away
4006,SUN-1749255,05-04-2023,Cinnamon Roll,Dessert,DST-05,3,28000,84000,Digital Wallet,Online Order
4007,SUN-9487311,17-02-2023,Beef Carbonara Pasta,Food,FOD-02,1,52000,52000,Cash,Take Away
4008,SUN-8253330,30-12-2023,Grill Chicken Caesar Salad,Food,FOD-04,1,42000,42000,Digital Wallet,Online Order
4009,SUN-8426815,07-06-2023,Beef Carbonara Pasta,Food,FOD-02,1,52000,52000,Debit Card,Online Order
4010,SUN-8951423,10-02-2023,Iced Americano,Drinks,DRK-02,1,28000,28000,Cash,Dine in
4011,SUN-9981749,11-10-2023,Iced Americano,Drinks,DRK-02,1,28000,28000,Digital Wallet,Take Away
4012,SUN-7701877,05-02-2023,Creamy Maycha Latte,Drinks,DRK-05,1,35000,35000,Digital Wallet,Take Away
4013,SUN-9288164,28-05-2023,Classic Tirmaisu,Dessert,DST-01,3,38000,114000,Digital Wallet,Dine in
4014,SUN-3371837,21-08-2023,Creamy Maycha Latte,Drinks,DRK-05,1,35000,35000,Digital Wallet,Online Order
4015,SUN-5827385,23-02-2023,New York Cheesecake,Dessert,DST-03,1,42000,42000,Cash,Dine in
4016,SUN-1129300,24-01-2023,Beef Carbonara Pasta,Food,FOD-02,2,52000,104000,Cash,Take Away
4017,SUN-2127567,03-03-2023,Grill Chicken Caesar Salad,Food,FOD-04,2,42000,84000,Debit Card,Dine in
4018,SUN-7579020,15-11-2023,Choco Lava Cake,Dessert,DST-04,1,35000,35000,Cash,Dine in
4019,SUN-6935016,14-12-2023,Iced Americano,Drinks,DRK-02,4,28000,112000,Debit Card,Dine in
4020,SUN-4722340,13-09-2023,Grill Chicken Caesar Salad,Food,FOD-04,1,42000,42000,Cash,Take Away
4021,SUN-5328587,15-08-2023,Espreso Single,Drinks,DRK-01,1,22000,22000,Cash,Online Order
4022,SUN-3827494,16-09-2023,Club Sandwich,Food,FOD-05,1,45000,45000,Debit Card,Online Order
4023,SUN-1353181,19-04-2023,Caramel Machiato,Drinks,DRK-04,1,38000,38000,Digital Wallet,Take Away
4024,SUN-9276630,27-12-2023,Iced Americano,Drinks,DRK-02,1,28000,28000,Digital Wallet,Online Order
4025,SUN-7742340,05-11-2023,Iced Americano,Drinks,DRK-02,1,28000,28000,Digital Wallet,Dine in
4026,SUN-2691547,15-09-2023,Fudgy Brownies,Dessert,DST-02,2,25000,50000,Digital Wallet,Online Order
4027,SUN-2233364,12-12-2023,Creamy Maycha Latte,Drinks,DRK-05,3,35000,105000,Debit Card,Online Order
4028,SUN-7317303,30-01-2023,Fudgy Brownies,Dessert,DST-02,4,25000,100000,Digital Wallet,Take Away
4029,SUN-9581974,19-07-2023,Beef Carbonara Pasta,Food,FOD-02,2,52000,104000,Digital Wallet,Online Order
4030,SUN-7286305,11-12-2023,Club Sandwich,Food,FOD-05,4,45000,180000,Digital Wallet,Dine in
4031,SUN-5718763,15-06-2023,Espreso Single,Drinks,DRK-01,1,22000,22000,Debit Card,Online Order
4032,SUN-4449472,01-03-2023,Caramel Machiato,Drinks,DRK-04,4,38000,152000,Debit Card,Online Order
4033,SUN-8963921,22-05-2023,Creamy Maycha Latte,Drinks,DRK-05,3,35000,105000,Cash,Dine in
4034,SUN-1850285,12-05-2023,Caramel Machiato,Drinks,DRK-04,1,38000,38000,Debit Card,Take Away
4035,SUN-6276606,17-05-2023,Club Sandwich,Food,FOD-05,3,45000,135000,Digital Wallet,Take Away
4036,SUN-4600465,29-05-2023,Espreso Single,Drinks,DRK-01,4,22000,88000,Debit Card,Take Away
4037,SUN-3340800,12-11-2023,Espreso Single,Drinks,DRK-01,1,22000,22000,Cash,Take Away
4038,SUN-8324377,27-06-2023,Grill Chicken Caesar Salad,Food,FOD-04,2,42000,84000,Cash,Take Away
4039,SUN-1165544,17-09-2023,Beef Carbonara Pasta,Food,FOD-02,2,52000,104000,Cash,Online Order
4040,SUN-5540163,25-04-2023,Club Sandwich,Food,FOD-05,4,45000,180000,Cash,Dine in
4041,SUN-9798590,29-11-2023,Classic Tirmaisu,Dessert,DST-01,3,38000,114000,Cash,Online Order
4042,SUN-6477226,05-03-2023,Grill Chicken Caesar Salad,Food,FOD-04,3,42000,126000,Debit Card,Online Order
4043,SUN-7701836,13-01-2023,Creamy Maycha Latte,Drinks,DRK-05,3,35000,105000,Digital Wallet,Online Order
4044,SUN-2709598,17-04-2023,Club Sandwich,Food,FOD-05,4,45000,180000,Debit Card,Online Order
4045,SUN-3785080,18-02-2023,Iced Americano,Drinks,DRK-02,2,28000,56000,Digital Wallet,Dine in
4046,SUN-2500851,04-04-2023,Beef Carbonara Pasta,Food,FOD-02,3,52000,156000,Digital Wallet,Dine in
4047,SUN-1421270,11-07-2023,Cinnamon Roll,Dessert,DST-05,2,28000,56000,Debit Card,Online Order
4048,SUN-7261830,15-08-2023,Fudgy Brownies,Dessert,DST-02,3,25000,75000,Digital Wallet,Dine in
4049,SUN-7021376,03-08-2023,Beef Carbonara Pasta,Food,FOD-02,1,52000,52000,Digital Wallet,Online Order
4050,SUN-3636080,01-10-2023,Cafe Latte,Drinks,DRK-03,3,32000,96000,Digital Wallet,Dine in
4051,SUN-3644608,07-06-2023,New York Cheesecake,Dessert,DST-03,2,42000,84000,Debit Card,Online Order
4052,SUN-1440962,13-08-2023,Caramel Machiato,Drinks,DRK-04,3,38000,114000,Cash,Dine in
4053,SUN-5950067,08-07-2023,Classic Tirmaisu,Dessert,DST-01,1,38000,38000,Digital Wallet,Take Away
4054,SUN-7229286,22-11-2023,Choco Lava Cake,Dessert,DST-04,3,35000,105000,Digital Wallet,Take Away
4055,SUN-6361819,25-11-2023,Nasi Goreng Kampung,Food,FOD-03,2,38000,76000,Cash,Dine in
4056,SUN-8941128,27-05-2023,Classic Tirmaisu,Dessert,DST-01,4,38000,152000,Cash,Dine in
4057,SUN-9882165,25-07-2023,Club Sandwich,Food,FOD-05,1,45000,45000,Digital Wallet,Online Order
4058,SUN-7622639,14-03-2023,Beef Carbonara Pasta,Food,FOD-02,2,52000,104000,Debit Card,Take Away
4059,SUN-2933708,06-04-2023,Espreso Single,Drinks,DRK-01,3,22000,66000,Debit Card,Online Order
4060,SUN-8617299,25-02-2023,Espreso Single,Drinks,DRK-01,1,22000,22000,Cash,Take Away
4061,SUN-6721077,02-07-2023,Classic Tirmaisu,Dessert,DST-01,1,38000,38000,Cash,Dine in
4062,SUN-9616201,03-04-2023,Classic Tirmaisu,Dessert,DST-01,4,38000,152000,Cash,Take Away
4063,SUN-2517114,19-04-2023,Espreso Single,Drinks,DRK-01,1,22000,22000,Debit Card,Take Away
4064,SUN-8901262,29-07-2023,Buttermilk Fried Chicken,Food,FOD-01,1,48000,48000,Digital Wallet,Dine in
4065,SUN-7676349,19-08-2023,Cinnamon Roll,Dessert,DST-05,4,28000,112000,Digital Wallet,Online Order
4066,SUN-9237953,17-01-2023,Classic Tirmaisu,Dessert,DST-01,2,38000,76000,Digital Wallet,Take Away
4067,SUN-5101612,03-08-2023,Buttermilk Fried Chicken,Food,FOD-01,2,48000,96000,Debit Card,Take Away
4068,SUN-8960043,04-10-2023,Nasi Goreng Kampung,Food,FOD-03,1,38000,38000,Cash,Dine in
4069,SUN-1040479,16-09-2023,Iced Americano,Drinks,DRK-02,1,28000,28000,Cash,Dine in
4070,SUN-8635819,10-05-2023,Choco Lava Cake,Dessert,DST-04,3,35000,105000,Debit Card,Online Order
4071,SUN-7707210,22-12-2023,Club Sandwich,Food,FOD-05,3,45000,135000,Digital Wallet,Online Order
4072,SUN-4609225,21-12-2023,Buttermilk Fried Chicken,Food,FOD-01,1,48000,48000,Debit Card,Dine in
4073,SUN-7033285,02-07-2023,Beef Carbonara Pasta,Food,FOD-02,4,52000,208000,Cash,Take Away
4074,SUN-5282555,18-07-2023,Cafe Latte,Drinks,DRK-03,2,32000,64000,Debit Card,Take Away
4075,SUN-1776757,14-01-2023,Buttermilk Fried Chicken,Food,FOD-01,2,48000,96000,Cash,Dine in
4076,SUN-9513734,05-04-2023,Beef Carbonara Pasta,Food,FOD-02,3,52000,156000,Digital Wallet,Take Away
4077,SUN-5239102,30-06-2023,Creamy Maycha Latte,Drinks,DRK-05,1,35000,35000,Debit Card,Dine in
4078,SUN-8525356,14-09-2023,Fudgy Brownies,Dessert,DST-02,1,25000,25000,Debit Card,Take Away
4079,SUN-5496654,05-07-2023,Fudgy Brownies,Dessert,DST-02,2,25000,50000,Digital Wallet,Online Order
4080,SUN-6743276,25-02-2023,Fudgy Brownies,Dessert,DST-02,3,25000,75000,Digital Wallet,Dine in
4081,SUN-2322060,16-10-2023,Buttermilk Fried Chicken,Food,FOD-01,4,48000,192000,Cash,Take Away
4082,SUN-4998236,17-02-2023,Nasi Goreng Kampung,Food,FOD-03,3,38000,114000,Debit Card,Take Away
4083,SUN-1194585,05-12-2023,Caramel Machiato,Drinks,DRK-04,4,38000,152000,Digital Wallet,Take Away
4084,SUN-6754591,11-10-2023,Classic Tirmaisu,Dessert,DST-01,3,38000,114000,Digital Wallet,Online Order
4085,SUN-3451907,28-02-2023,New York Cheesecake,Dessert,DST-03,4,42000,168000,Debit Card,Dine in
4086,SUN-1941314,23-08-2023,Club Sandwich,Food,FOD-05,2,45000,90000,Digital Wallet,Dine in
4087,SUN-4276679,20-11-2023,Cinnamon Roll,Dessert,DST-05,2,28000,56000,Digital Wallet,Online Order
4088,SUN-1973839,13-03-2023,Grill Chicken Caesar Salad,Food,FOD-04,1,42000,42000,Digital Wallet,Online Order
4089,SUN-4016071,05-03-2023,Nasi Goreng Kampung,Food,FOD-03,3,38000,114000,Digital Wallet,Take Away
4090,SUN-2908046,17-12-2023,Classic Tirmaisu,Dessert,DST-01,2,38000,76000,Cash,Take Away
4091,SUN-9265149,04-08-2023,Cafe Latte,Drinks,DRK-03,3,32000,96000,Digital Wallet,Online Order
4092,SUN-7497238,26-12-2023,Choco Lava Cake,Dessert,DST-04,4,35000,140000,Digital Wallet,Online Order
4093,SUN-1795017,02-01-2023,Beef Carbonara Pasta,Food,FOD-02,1,52000,52000,Debit Card,Dine in
4094,SUN-6101759,05-06-2023,New York Cheesecake,Dessert,DST-03,4,42000,168000,Cash,Dine in
4095,SUN-8031945,05-11-2023,Beef Carbonara Pasta,Food,FOD-02,4,52000,208000,Debit Card,Online Order
4096,SUN-2891838,05-06-2023,Fudgy Brownies,Dessert,DST-02,1,25000,25000,Debit Card,Online Order
4097,SUN-9144614,31-05-2023,Caramel Machiato,Drinks,DRK-04,3,38000,114000,Cash,Take Away
4098,SUN-7649698,23-02-2023,Fudgy Brownies,Dessert,DST-02,4,25000,100000,Debit Card,Dine in
4099,SUN-1872600,21-03-2023,Cinnamon Roll,Dessert,DST-05,4,28000,112000,Digital Wallet,Online Order
4100,SUN-2176166,05-03-2023,Caramel Machiato,Drinks,DRK-04,1,38000,38000,Digital Wallet,Dine in
4101,SUN-3916863,12-12-2023,Choco Lava Cake,Dessert,DST-04,1,35000,35000,Debit Card,Take Away
4102,SUN-6673185,03-06-2023,Fudgy Brownies,Dessert,DST-02,4,25000,100000,Debit Card,Take Away
4103,SUN-7536016,01-02-2023,Fudgy Brownies,Dessert,DST-02,4,25000,100000,Digital Wallet,Dine in
4104,SUN-6553433,25-11-2023,Fudgy Brownies,Dessert,DST-02,1,25000,25000,Cash,Take Away
4105,SUN-9609238,09-05-2023,Classic Tirmaisu,Dessert,DST-01,3,38000,114000,Debit Card,Dine in
4106,SUN-7774695,08-06-2023,Classic Tirmaisu,Dessert,DST-01,4,38000,152000,Digital Wallet,Online Order
4107,SUN-7875939,20-06-2023,Cinnamon Roll,Dessert,DST-05,1,28000,28000,Cash,Take Away
4108,SUN-7078721,23-08-2023,Caramel Machiato,Drinks,DRK-04,2,38000,76000,Digital Wallet,Dine in
4109,SUN-6125238,07-04-2023,Caramel Machiato,Drinks,DRK-04,4,38000,152000,Cash,Dine in
4110,SUN-2293139,27-06-2023,New York Cheesecake,Dessert,DST-03,2,42000,84000,Debit Card,Online Order
4111,SUN-9328623,11-05-2023,Choco Lava Cake,Dessert,DST-04,4,35000,140000,Cash,Dine in
4112,SUN-9168405,09-12-2023,Espreso Single,Drinks,DRK-01,1,22000,22000,Digital Wallet,Online Order
4113,SUN-1953609,05-11-2023,Fudgy Brownies,Dessert,DST-02,2,25000,50000,Debit Card,Take Away
4114,SUN-5246920,22-07-2023,Buttermilk Fried Chicken,Food,FOD-01,4,48000,192000,Digital Wallet,Online Order
4115,SUN-7829255,13-03-2023,Grill Chicken Caesar Salad,Food,FOD-04,4,42000,168000,Debit Card,Dine in
4116,SUN-5706221,28-08-2023,Caramel Machiato,Drinks,DRK-04,3,38000,114000,Debit Card,Take Away
4117,SUN-6806467,23-07-2023,Grill Chicken Caesar Salad,Food,FOD-04,3,42000,126000,Digital Wallet,Dine in
4118,SUN-8945186,12-03-2023,Fudgy Brownies,Dessert,DST-02,4,25000,100000,Cash,Take Away
4119,SUN-9840211,19-03-2023,Classic Tirmaisu,Dessert,DST-01,4,38000,152000,Cash,Take Away
4120,SUN-7348295,06-05-2023,Beef Carbonara Pasta,Food,FOD-02,4,52000,208000,Digital Wallet,Online Order
4121,SUN-3979883,15-08-2023,Creamy Maycha Latte,Drinks,DRK-05,4,35000,140000,Debit Card,Online Order
4122,SUN-7323503,04-02-2023,Fudgy Brownies,Dessert,DST-02,3,25000,75000,Digital Wallet,Dine in
4123,SUN-2201401,02-04-2023,Cafe Latte,Drinks,DRK-03,1,32000,32000,Cash,Dine in
4124,SUN-4693694,27-11-2023,Classic Tirmaisu,Dessert,DST-01,4,38000,152000,Debit Card,Dine in
4125,SUN-9042099,26-04-2023,Buttermilk Fried Chicken,Food,FOD-01,2,48000,96000,Debit Card,Take Away
4126,SUN-3889845,24-11-2023,Nasi Goreng Kampung,Food,FOD-03,2,38000,76000,Cash,Dine in
4127,SUN-8944822,12-07-2023,Beef Carbonara Pasta,Food,FOD-02,4,52000,208000,Cash,Dine in
4128,SUN-1206373,23-03-2023,Fudgy Brownies,Dessert,DST-02,4,25000,100000,Debit Card,Take Away
4129,SUN-9782831,02-04-2023,Espreso Single,Drinks,DRK-01,2,22000,44000,Debit Card,Dine in
4130,SUN-4133652,28-06-2023,Fudgy Brownies,Dessert,DST-02,3,25000,75000,Debit Card,Take Away
4131,SUN-2266112,24-09-2023,Cinnamon Roll,Dessert,DST-05,1,28000,28000,Debit Card,Online Order
4132,SUN-7006393,13-03-2023,Cinnamon Roll,Dessert,DST-05,1,28000,28000,Digital Wallet,Dine in
4133,SUN-9847897,23-03-2023,Club Sandwich,Food,FOD-05,4,45000,180000,Debit Card,Online Order
4134,SUN-4538734,28-02-2023,Cafe Latte,Drinks,DRK-03,2,32000,64000,Digital Wallet,Dine in
4135,SUN-1649243,02-11-2023,Grill Chicken Caesar Salad,Food,FOD-04,1,42000,42000,Digital Wallet,Dine in
4136,SUN-7763499,19-05-2023,Beef Carbonara Pasta,Food,FOD-02,4,52000,208000,Cash,Dine in
4137,SUN-6242059,13-09-2023,Nasi Goreng Kampung,Food,FOD-03,4,38000,152000,Digital Wallet,Take Away
4138,SUN-2515978,02-06-2023,Club Sandwich,Food,FOD-05,3,45000,135000,Cash,Dine in
4139,SUN-9483630,17-02-2023,Cafe Latte,Drinks,DRK-03,1,32000,32000,Debit Card,Take Away
4140,SUN-5344191,09-06-2023,New York Cheesecake,Dessert,DST-03,3,42000,126000,Debit Card,Online Order
4141,SUN-8483409,09-07-2023,New York Cheesecake,Dessert,DST-03,2,42000,84000,Cash,Take Away
4142,SUN-1849815,05-09-2023,Choco Lava Cake,Dessert,DST-04,2,35000,70000,Debit Card,Take Away
4143,SUN-9119941,25-01-2023,Beef Carbonara Pasta,Food,FOD-02,2,52000,104000,Digital Wallet,Dine in
4144,SUN-2058677,28-02-2023,Classic Tirmaisu,Dessert,DST-01,1,38000,38000,Digital Wallet,Online Order
4145,SUN-3055249,04-03-2023,Classic Tirmaisu,Dessert,DST-01,1,38000,38000,Cash,Take Away
4146,SUN-9688486,26-08-2023,New York Cheesecake,Dessert,DST-03,3,42000,126000,Debit Card,Take Away
4147,SUN-6180825,25-04-2023,Buttermilk Fried Chicken,Food,FOD-01,4,48000,192000,Debit Card,Online Order
4148,SUN-9826091,21-07-2023,New York Cheesecake,Dessert,DST-03,4,42000,168000,Digital Wallet,Take Away
4149,SUN-8995853,16-09-2023,Beef Carbonara Pasta,Food,FOD-02,1,52000,52000,Digital Wallet,Dine in
4150,SUN-5943488,22-09-2023,Choco Lava Cake,Dessert,DST-04,4,35000,140000,Digital Wallet,Online Order
4151,SUN-7058746,14-08-2023,Iced Americano,Drinks,DRK-02,3,28000,84000,Debit Card,Dine in
4152,SUN-6960421,11-05-2023,Grill Chicken Caesar Salad,Food,FOD-04,2,42000,84000,Cash,Take Away
4153,SUN-2909263,14-07-2023,Cafe Latte,Drinks,DRK-03,2,32000,64000,Debit Card,Online Order
4154,SUN-4575761,26-03-2023,Caramel Machiato,Drinks,DRK-04,2,38000,76000,Cash,Dine in
4155,SUN-8274571,08-03-2023,New York Cheesecake,Dessert,DST-03,2,42000,84000,Digital Wallet,Dine in
4156,SUN-9638039,08-12-2023,Choco Lava Cake,Dessert,DST-04,3,35000,105000,Digital Wallet,Online Order
4157,SUN-4157335,19-04-2023,Classic Tirmaisu,Dessert,DST-01,4,38000,152000,Cash,Dine in
4158,SUN-9516464,13-01-2023,Nasi Goreng Kampung,Food,FOD-03,3,38000,114000,Digital Wallet,Dine in
4159,SUN-5952872,08-09-2023,Club Sandwich,Food,FOD-05,3,45000,135000,Digital Wallet,Dine in
4160,SUN-9024535,03-12-2023,Nasi Goreng Kampung,Food,FOD-03,3,38000,114000,Digital Wallet,Take Away
4161,SUN-1608025,29-06-2023,Cafe Latte,Drinks,DRK-03,1,32000,32000,Debit Card,Dine in
4162,SUN-2640046,12-08-2023,Cinnamon Roll,Dessert,DST-05,3,28000,84000,Debit Card,Take Away
4163,SUN-7188399,28-04-2023,Fudgy Brownies,Dessert,DST-02,1,25000,25000,Digital Wallet,Dine in
4164,SUN-5377717,16-04-2023,Cafe Latte,Drinks,DRK-03,4,32000,128000,Cash,Dine in
4165,SUN-7160018,26-01-2023,Cinnamon Roll,Dessert,DST-04,2,28000,56000,Digital Wallet,Take Away
4166,SUN-1755014,09-02-2023,Espreso Single,Drinks,DRK-01,2,22000,44000,Digital Wallet,Online Order
4167,SUN-6224306,17-01-2023,Iced Americano,Drinks,DRK-02,2,28000,56000,Debit Card,Dine in
4168,SUN-1443229,15-03-2023,Caramel Machiato,Drinks,DRK-04,2,38000,76000,Cash,Take Away
4169,SUN-5052249,04-12-2023,Beef Carbonara Pasta,Food,FOD-02,2,52000,104000,Debit Card,Online Order
4170,SUN-3315262,21-12-2023,Classic Tirmaisu,Dessert,DST-01,4,38000,152000,Cash,Dine in
4171,SUN-9539791,01-06-2023,Cafe Latte,Drinks,DRK-03,2,32000,64000,Debit Card,Dine in
4172,SUN-5746661,02-07-2023,Club Sandwich,Food,FOD-05,1,45000,45000,Debit Card,Take Away
4173,SUN-1776612,22-11-2023,Beef Carbonara Pasta,Food,FOD-02,2,52000,104000,Debit Card,Take Away
4174,SUN-8930656,25-07-2023,Caramel Machiato,Drinks,DRK-04,3,38000,114000,Digital Wallet,Online Order
4175,SUN-4047344,30-03-2023,Caramel Machiato,Drinks,DRK-04,1,38000,38000,Debit Card,Take Away
4176,SUN-3380905,19-08-2023,Cafe Latte,Drinks,DRK-03,2,32000,64000,Debit Card,Take Away
4177,SUN-7043822,04-08-2023,Espreso Single,Drinks,DRK-01,4,22000,88000,Debit Card,Dine in
4178,SUN-4487190,25-04-2023,Iced Americano,Drinks,DRK-02,2,28000,56000,Debit Card,Online Order
4179,SUN-9257799,04-04-2023,Espreso Single,Drinks,DRK-01,3,22000,66000,Debit Card,Take Away
4180,SUN-8186888,25-12-2023,New York Cheesecake,Dessert,DST-03,2,42000,84000,Cash,Dine in
4181,SUN-2974643,19-11-2023,Cinnamon Roll,Dessert,DST-05,4,28000,112000,Debit Card,Online Order
4182,SUN-4187233,27-01-2023,Grill Chicken Caesar Salad,Food,FOD-04,2,42000,84000,Debit Card,Dine in
4183,SUN-5241311,23-03-2023,Classic Tirmaisu,Dessert,DST-01,3,38000,114000,Digital Wallet,Dine in
4184,SUN-2772659,28-07-2023,New York Cheesecake,Dessert,DST-03,4,42000,168000,Digital Wallet,Take Away
4185,SUN-4210981,19-07-2023,New York Cheesecake,Dessert,DST-03,1,42000,42000,Debit Card,Dine in
4186,SUN-8848504,31-01-2023,Iced Americano,Drinks,DRK-02,4,28000,112000,Digital Wallet,Dine in
4187,SUN-3750343,19-12-2023,Beef Carbonara Pasta,Food,FOD-02,2,52000,104000,Debit Card,Dine in
4188,SUN-5031822,26-03-2023,Cafe Latte,Drinks,DRK-03,3,32000,96000,Digital Wallet,Dine in
4189,SUN-3567217,24-09-2023,Choco Lava Cake,Dessert,DST-04,1,35000,35000,Digital Wallet,Dine in
4190,SUN-2881073,17-12-2023,Iced Americano,Drinks,DRK-02,1,28000,28000,Cash,Dine in
4191,SUN-2946728,22-07-2023,Nasi Goreng Kampung,Food,FOD-03,3,38000,114000,Debit Card,Online Order
4192,SUN-5058216,17-09-2023,Classic Tirmaisu,Dessert,DST-01,2,38000,76000,Debit Card,Take Away
4193,SUN-6163427,13-05-2023,Club Sandwich,Food,FOD-05,1,45000,45000,Digital Wallet,Take Away
4194,SUN-5228444,06-01-2023,Cinnamon Roll,Dessert,DST-05,4,28000,112000,Digital Wallet,Dine in
4195,SUN-4388103,13-07-2023,Choco Lava Cake,Dessert,DST-04,2,35000,70000,Cash,Take Away
4196,SUN-1833518,12-06-2023,Beef Carbonara Pasta,Food,FOD-02,2,52000,104000,Digital Wallet,Online Order
4197,SUN-5701693,02-01-2023,Espreso Single,Drinks,DRK-01,1,22000,22000,Digital Wallet,Online Order
4198,SUN-7392925,07-11-2023,Classic Tirmaisu,Dessert,DST-01,4,38000,152000,Digital Wallet,Online Order
4199,SUN-3550863,17-02-2023,Classic Tirmaisu,Dessert,DST-01,3,38000,114000,Debit Card,Online Order
4200,SUN-9271397,03-10-2023,Nasi Goreng Kampung,Food,FOD-03,2,38000,76000,Debit Card,Take Away
4201,SUN-4900953,12-04-2023,Cafe Latte,Drinks,DRK-03,1,32000,32000,Digital Wallet,Online Order
4202,SUN-7012290,15-01-2023,Choco Lava Cake,Dessert,DST-04,3,35000,105000,Debit Card,Take Away
4203,SUN-1871478,18-01-2023,Creamy Maycha Latte,Drinks,DRK-05,3,35000,105000,Digital Wallet,Take Away
4204,SUN-9424243,24-10-2023,Caramel Machiato,Drinks,DRK-04,4,38000,152000,Digital Wallet,Online Order
4205,SUN-8069113,28-03-2023,Buttermilk Fried Chicken,Food,FOD-01,2,48000,96000,Digital Wallet,Take Away
4206,SUN-2327742,06-10-2023,Cafe Latte,Drinks,DRK-03,2,32000,64000,Digital Wallet,Take Away
4207,SUN-7702011,03-06-2023,Cafe Latte,Drinks,DRK-03,2,32000,64000,Digital Wallet,Take Away
4208,SUN-8647591,26-12-2023,Cinnamon Roll,Dessert,DST-05,2,28000,56000,Debit Card,Online Order
4209,SUN-8076062,10-11-2023,Buttermilk Fried Chicken,Food,FOD-01,3,48000,144000,Cash,Dine in
4210,SUN-3749997,30-12-2023,Espreso Single,Drinks,DRK-01,3,22000,66000,Debit Card,Dine in
4211,SUN-1596749,02-12-2023,New York Cheesecake,Dessert,DST-03,3,42000,126000,Cash,Dine in
4212,SUN-1720752,08-02-2023,Cinnamon Roll,Dessert,DST-05,3,28000,84000,Debit Card,Dine in
4213,SUN-8233100,08-01-2023,Beef Carbonara Pasta,Food,FOD-02,1,52000,52000,Cash,Take Away
4214,SUN-5123551,22-03-2023,Cinnamon Roll,Dessert,DST-05,1,28000,28000,Debit Card,Dine in
4215,SUN-5801340,17-06-2023,Iced Americano,Drinks,DRK-02,3,28000,84000,Debit Card,Dine in
4216,SUN-8307389,01-10-2023,Espreso Single,Drinks,DRK-01,4,22000,88000,Debit Card,Dine in
4217,SUN-1952682,07-09-2023,Nasi Goreng Kampung,Food,FOD-03,2,38000,76000,Digital Wallet,Dine in
4218,SUN-6295855,26-05-2023,Espreso Single,Drinks,DRK-01,4,22000,88000,Cash,Take Away
4219,SUN-5367327,02-10-2023,Iced Americano,Drinks,DRK-02,1,28000,28000,Digital Wallet,Take Away
4220,SUN-6778581,01-05-2023,Beef Carbonara Pasta,Food,FOD-02,3,52000,156000,Cash,Take Away
4221,SUN-3609158,28-02-2023,Grill Chicken Caesar Salad,Food,FOD-04,1,42000,42000,Digital Wallet,Take Away
4222,SUN-1701306,26-09-2023,Iced Americano,Drinks,DRK-02,4,28000,112000,Digital Wallet,Take Away
4223,SUN-1182210,03-01-2023,Creamy Maycha Latte,Drinks,DRK-05,3,35000,105000,Cash,Take Away
4224,SUN-4602655,18-07-2023,Buttermilk Fried Chicken,Food,FOD-01,1,48000,48000,Debit Card,Dine in
4225,SUN-2240272,02-04-2023,Creamy Maycha Latte,Drinks,DRK-05,2,35000,70000,Debit Card,Online Order
4226,SUN-8321537,18-11-2023,Choco Lava Cake,Dessert,DST-04,3,35000,105000,Digital Wallet,Online Order
4227,SUN-8868782,25-04-2023,Cafe Latte,Drinks,DRK-03,3,32000,96000,Digital Wallet,Online Order
4228,SUN-7541901,22-08-2023,Beef Carbonara Pasta,Food,FOD-02,2,52000,104000,Debit Card,Take Away
4229,SUN-3828816,10-03-2023,Cafe Latte,Drinks,DRK-03,1,32000,32000,Digital Wallet,Take Away
4230,SUN-2681029,24-12-2023,Choco Lava Cake,Dessert,DST-04,4,35000,140000,Digital Wallet,Online Order
4231,SUN-8500161,22-03-2023,Caramel Machiato,Drinks,DRK-04,1,38000,38000,Debit Card,Dine in
4232,SUN-8598290,05-09-2023,Cinnamon Roll,Dessert,DST-05,2,28000,56000,Debit Card,Take Away
4233,SUN-7377618,30-08-2023,Nasi Goreng Kampung,Food,FOD-03,1,38000,38000,Debit Card,Dine in
4234,SUN-3931128,12-12-2023,Buttermilk Fried Chicken,Food,FOD-01,3,48000,144000,Debit Card,Online Order
4235,SUN-9480861,22-03-2023,Creamy Maycha Latte,Drinks,DRK-05,2,35000,70000,Debit Card,Take Away
4236,SUN-8412228,13-04-2023,Beef Carbonara Pasta,Food,FOD-02,1,52000,52000,Debit Card,Online Order
4237,SUN-5525590,10-03-2023,Grill Chicken Caesar Salad,Food,FOD-04,1,42000,42000,Digital Wallet,Online Order
4238,SUN-2040649,22-10-2023,Buttermilk Fried Chicken,Food,FOD-01,2,48000,96000,Debit Card,Take Away
4239,SUN-7396041,09-04-2023,Creamy Maycha Latte,Drinks,DRK-05,3,35000,105000,Debit Card,Dine in
4240,SUN-2081809,28-09-2023,Choco Lava Cake,Dessert,DST-04,1,35000,35000,Digital Wallet,Online Order
4241,SUN-3894209,16-06-2023,Beef Carbonara Pasta,Food,FOD-02,1,52000,52000,Digital Wallet,Online Order
4242,SUN-2114607,12-11-2023,Cafe Latte,Drinks,DRK-03,1,32000,32000,Debit Card,Online Order
4243,SUN-4615719,14-03-2023,Nasi Goreng Kampung,Food,FOD-03,4,38000,152000,Cash,Take Away
4244,SUN-5948591,30-06-2023,Choco Lava Cake,Dessert,DST-04,2,35000,70000,Cash,Dine in
4245,SUN-5859197,30-06-2023,Grill Chicken Caesar Salad,Food,FOD-04,4,42000,168000,Debit Card,Online Order
4246,SUN-6500325,27-01-2023,Cafe Latte,Drinks,DRK-03,1,32000,32000,Debit Card,Take Away
4247,SUN-6718026,08-12-2023,Espreso Single,Drinks,DRK-01,3,22000,66000,Debit Card,Dine in
4248,SUN-5463373,25-05-2023,Fudgy Brownies,Dessert,DST-02,4,25000,100000,Debit Card,Online Order
4249,SUN-2609003,27-10-2023,New York Cheesecake,Dessert,DST-03,4,42000,168000,Debit Card,Online Order
4250,SUN-3177703,04-07-2023,Buttermilk Fried Chicken,Food,FOD-01,1,48000,48000,Cash,Take Away
4251,SUN-2758373,02-10-2023,Creamy Maycha Latte,Drinks,DRK-05,4,35000,140000,Cash,Take Away
4252,SUN-5626222,11-08-2023,Classic Tirmaisu,Dessert,DST-01,3,38000,114000,Debit Card,Take Away
4253,SUN-1991116,11-12-2023,Iced Americano,Drinks,DRK-02,3,28000,84000,Debit Card,Take Away
4254,SUN-3937811,31-01-2023,Espreso Single,Drinks,DRK-01,4,22000,88000,Debit Card,Online Order
4255,SUN-8235644,03-12-2023,Club Sandwich,Food,FOD-05,3,45000,135000,Digital Wallet,Online Order
4256,SUN-5411174,07-12-2023,Iced Americano,Drinks,DRK-02,1,28000,28000,Cash,Dine in
4257,SUN-5531430,21-07-2023,Cafe Latte,Drinks,DRK-03,2,32000,64000,Digital Wallet,Dine in
4258,SUN-5743320,21-09-2023,Classic Tirmaisu,Dessert,DST-01,2,38000,76000,Digital Wallet,Dine in
4259,SUN-9897897,10-09-2023,Creamy Maycha Latte,Drinks,DRK-05,3,35000,105000,Digital Wallet,Dine in
4260,SUN-9598062,14-09-2023,Grill Chicken Caesar Salad,Food,FOD-04,2,42000,84000,Cash,Take Away
4261,SUN-3203874,09-05-2023,New York Cheesecake,Dessert,DST-03,2,42000,84000,Cash,Take Away
4262,SUN-9470481,23-08-2023,Beef Carbonara Pasta,Food,FOD-02,1,52000,52000,Cash,Take Away
4263,SUN-2892067,16-07-2023,Buttermilk Fried Chicken,Food,FOD-01,3,48000,144000,Digital Wallet,Dine in
4264,SUN-9423424,28-09-2023,Creamy Maycha Latte,Drinks,DRK-05,2,35000,70000,Debit Card,Take Away
4265,SUN-5021849,03-12-2023,Grill Chicken Caesar Salad,Food,FOD-04,1,42000,42000,Debit Card,Take Away
4266,SUN-8847925,11-02-2023,Buttermilk Fried Chicken,Food,FOD-01,4,48000,192000,Debit Card,Take Away
4267,SUN-4211848,05-07-2023,Nasi Goreng Kampung,Food,FOD-03,4,38000,152000,Debit Card,Online Order
4268,SUN-8867124,24-01-2023,Cinnamon Roll,Dessert,DST-05,4,28000,112000,Digital Wallet,Take Away
4269,SUN-1005371,03-06-2023,Creamy Maycha Latte,Drinks,DRK-05,2,35000,70000,Debit Card,Online Order
4270,SUN-5862545,18-01-2023,Cinnamon Roll,Dessert,DST-05,3,28000,84000,Debit Card,Take Away
4271,SUN-6998888,29-08-2023,Buttermilk Fried Chicken,Food,FOD-01,3,48000,144000,Debit Card,Take Away
4272,SUN-4644200,03-06-2023,Iced Americano,Drinks,DRK-02,4,28000,112000,Digital Wallet,Online Order
4273,SUN-1190331,19-06-2023,Classic Tirmaisu,Dessert,DST-01,2,38000,76000,Digital Wallet,Online Order
4274,SUN-1052641,27-10-2023,Buttermilk Fried Chicken,Food,FOD-01,2,48000,96000,Digital Wallet,Online Order
4275,SUN-6218931,04-02-2023,Espreso Single,Drinks,DRK-01,3,22000,66000,Debit Card,Online Order
4276,SUN-5707366,23-07-2023,Espreso Single,Drinks,DRK-01,1,22000,22000,Debit Card,Take Away
4277,SUN-4449118,19-05-2023,Buttermilk Fried Chicken,Food,FOD-01,4,48000,192000,Debit Card,Take Away
4278,SUN-2187438,25-04-2023,Fudgy Brownies,Dessert,DST-02,1,25000,25000,Debit Card,Online Order
4279,SUN-7000977,19-02-2023,Iced Americano,Drinks,DRK-02,2,28000,56000,Digital Wallet,Online Order
4280,SUN-1635444,06-02-2023,Cafe Latte,Drinks,DRK-03,2,32000,64000,Debit Card,Dine in
4281,SUN-4196564,30-11-2023,Fudgy Brownies,Dessert,DST-02,3,25000,75000,Cash,Dine in
4282,SUN-2827848,16-02-2023,Creamy Maycha Latte,Drinks,DRK-05,4,35000,140000,Digital Wallet,Dine in
4283,SUN-2110368,28-09-2023,Creamy Maycha Latte,Drinks,DRK-05,1,35000,35000,Debit Card,Take Away
4284,SUN-7479443,24-04-2023,Club Sandwich,Food,FOD-05,2,45000,90000,Debit Card,Take Away
4285,SUN-6746408,10-06-2023,Creamy Maycha Latte,Drinks,DRK-05,3,35000,105000,Debit Card,Take Away
4286,SUN-6320990,22-08-2023,New York Cheesecake,Dessert,DST-03,3,42000,126000,Debit Card,Online Order
4287,SUN-3380207,26-01-2023,Club Sandwich,Food,FOD-05,3,45000,135000,Debit Card,Online Order
4288,SUN-5357762,21-03-2023,Cafe Latte,Drinks,DRK-03,1,32000,32000,Digital Wallet,Take Away
4289,SUN-3414028,11-02-2023,Club Sandwich,Food,FOD-05,1,45000,45000,Digital Wallet,Take Away
4290,SUN-9976820,11-01-2023,New York Cheesecake,Dessert,DST-03,1,42000,42000,Debit Card,Take Away
4291,SUN-7810052,06-04-2023,New York Cheesecake,Dessert,DST-03,2,42000,84000,Digital Wallet,Online Order
4292,SUN-4562117,05-05-2023,New York Cheesecake,Dessert,DST-03,2,42000,84000,Debit Card,Online Order
4293,SUN-7916157,11-07-2023,Espreso Single,Drinks,DRK-01,3,22000,66000,Cash,Take Away
4294,SUN-5551085,19-06-2023,New York Cheesecake,Dessert,DST-03,3,42000,126000,Cash,Take Away
4295,SUN-6345881,08-02-2023,Club Sandwich,Food,FOD-05,2,45000,90000,Digital Wallet,Take Away
4296,SUN-4146989,24-04-2023,Creamy Maycha Latte,Drinks,DRK-05,2,35000,70000,Cash,Take Away
4297,SUN-2521351,13-05-2023,Club Sandwich,Food,FOD-05,3,45000,135000,Debit Card,Online Order
4298,SUN-3502556,07-03-2023,Choco Lava Cake,Dessert,DST-04,2,35000,70000,Cash,Take Away
4299,SUN-7177224,08-03-2023,Beef Carbonara Pasta,Food,FOD-02,4,52000,208000,Digital Wallet,Take Away
4300,SUN-9024800,15-05-2023,Nasi Goreng Kampung,Food,FOD-03,4,38000,152000,Cash,Take Away
4301,SUN-9926186,07-02-2023,Creamy Maycha Latte,Drinks,DRK-05,1,35000,35000,Debit Card,Online Order
4302,SUN-2418356,01-02-2023,Club Sandwich,Food,FOD-05,3,45000,135000,Debit Card,Online Order
4303,SUN-5940493,14-02-2023,Fudgy Brownies,Dessert,DST-02,2,25000,50000,Debit Card,Online Order
4304,SUN-5648553,05-09-2023,Nasi Goreng Kampung,Food,FOD-03,2,38000,76000,Digital Wallet,Online Order
4305,SUN-4449622,14-02-2023,Beef Carbonara Pasta,Food,FOD-02,2,52000,104000,Digital Wallet,Take Away
4306,SUN-4087381,25-04-2023,Caramel Machiato,Drinks,DRK-04,2,38000,76000,Digital Wallet,Online Order
4307,SUN-2491755,31-10-2023,Iced Americano,Drinks,DRK-02,4,28000,112000,Debit Card,Take Away
4308,SUN-5955168,14-11-2023,Nasi Goreng Kampung,Food,FOD-03,2,38000,76000,Digital Wallet,Take Away
4309,SUN-6276324,07-03-2023,Choco Lava Cake,Dessert,DST-04,3,35000,105000,Digital Wallet,Take Away
4310,SUN-8586985,03-11-2023,Cinnamon Roll,Dessert,DST-04,3,28000,84000,Debit Card,Take Away
4311,SUN-8174016,10-02-2023,Beef Carbonara Pasta,Food,FOD-02,1,52000,52000,Debit Card,Online Order
4312,SUN-8062889,04-07-2023,Creamy Maycha Latte,Drinks,DRK-05,4,35000,140000,Debit Card,Dine in
4313,SUN-8954917,31-10-2023,Nasi Goreng Kampung,Food,FOD-03,3,38000,114000,Digital Wallet,Dine in
4314,SUN-5016441,11-05-2023,Iced Americano,Drinks,DRK-02,2,28000,56000,Cash,Dine in
4315,SUN-6679186,17-12-2023,Choco Lava Cake,Dessert,DST-04,2,35000,70000,Debit Card,Dine in
4316,SUN-8983567,26-06-2023,Classic Tirmaisu,Dessert,DST-01,3,38000,114000,Digital Wallet,Take Away
4317,SUN-3250830,25-09-2023,Creamy Maycha Latte,Drinks,DRK-05,2,35000,70000,Cash,Online Order
4318,SUN-2195494,06-11-2023,Iced Americano,Drinks,DRK-02,4,28000,112000,Cash,Dine in
4319,SUN-7084900,27-01-2023,Choco Lava Cake,Dessert,DST-04,1,35000,35000,Debit Card,Dine in
4320,SUN-4817197,13-03-2023,Fudgy Brownies,Dessert,DST-02,4,25000,100000,Debit Card,Online Order
4321,SUN-8845977,19-02-2023,Grill Chicken Caesar Salad,Food,FOD-04,2,42000,84000,Digital Wallet,Online Order
4322,SUN-8835896,11-06-2023,Caramel Machiato,Drinks,DRK-04,3,38000,114000,Cash,Take Away
4323,SUN-8882744,23-02-2023,Iced Americano,Drinks,DRK-02,2,28000,56000,Debit Card,Online Order
4324,SUN-9848411,04-07-2023,Creamy Maycha Latte,Drinks,DRK-05,3,35000,105000,Digital Wallet,Take Away
4325,SUN-6156682,05-02-2023,Fudgy Brownies,Dessert,DST-02,2,25000,50000,Debit Card,Take Away
4326,SUN-6573880,11-07-2023,Fudgy Brownies,Dessert,DST-02,3,25000,75000,Digital Wallet,Online Order
4327,SUN-1682882,25-06-2023,Club Sandwich,Food,FOD-05,4,45000,180000,Debit Card,Online Order
4328,SUN-1372674,28-10-2023,Choco Lava Cake,Dessert,DST-04,4,35000,140000,Debit Card,Online Order
4329,SUN-4905369,21-01-2023,New York Cheesecake,Dessert,DST-03,3,42000,126000,Cash,Take Away
4330,SUN-6333687,05-05-2023,Cafe Latte,Drinks,DRK-03,1,32000,32000,Debit Card,Dine in
4331,SUN-7278293,18-10-2023,Creamy Maycha Latte,Drinks,DRK-05,3,35000,105000,Debit Card,Online Order
4332,SUN-3908774,18-12-2023,Choco Lava Cake,Dessert,DST-04,2,35000,70000,Debit Card,Dine in
4333,SUN-1170930,30-05-2023,Creamy Maycha Latte,Drinks,DRK-05,2,35000,70000,Digital Wallet,Online Order
4334,SUN-3356592,16-07-2023,Beef Carbonara Pasta,Food,FOD-02,3,52000,156000,Digital Wallet,Online Order
4335,SUN-5270009,13-03-2023,New York Cheesecake,Dessert,DST-03,4,42000,168000,Cash,Dine in
4336,SUN-3221341,17-07-2023,Cinnamon Roll,Dessert,DST-05,3,28000,84000,Cash,Online Order
4337,SUN-2622524,03-02-2023,Grill Chicken Caesar Salad,Food,FOD-04,1,42000,42000,Cash,Take Away
4338,SUN-7725301,13-02-2023,Creamy Maycha Latte,Drinks,DRK-05,3,35000,105000,Cash,Take Away
4339,SUN-9910610,27-07-2023,Iced Americano,Drinks,DRK-02,2,28000,56000,Digital Wallet,Take Away
4340,SUN-6331022,01-07-2023,Espreso Single,Drinks,DRK-01,1,22000,22000,Digital Wallet,Online Order
4341,SUN-3137225,12-10-2023,Creamy Maycha Latte,Drinks,DRK-05,1,35000,35000,Debit Card,Take Away
4342,SUN-4131648,05-01-2023,Fudgy Brownies,Dessert,DST-02,4,25000,100000,Digital Wallet,Dine in
4343,SUN-3250423,01-08-2023,Grill Chicken Caesar Salad,Food,FOD-04,3,42000,126000,Digital Wallet,Dine in
4344,SUN-4941662,31-07-2023,Iced Americano,Drinks,DRK-02,4,28000,112000,Debit Card,Dine in
4345,SUN-1725039,28-03-2023,Caramel Machiato,Drinks,DRK-04,3,38000,114000,Debit Card,Online Order
4346,SUN-9550416,03-07-2023,Caramel Machiato,Drinks,DRK-04,2,38000,76000,Digital Wallet,Dine in
4347,SUN-6031223,21-10-2023,Nasi Goreng Kampung,Food,FOD-03,2,38000,76000,Debit Card,Online Order
4348,SUN-1444781,04-03-2023,New York Cheesecake,Dessert,DST-03,2,42000,84000,Debit Card,Take Away
4349,SUN-4287084,07-07-2023,Fudgy Brownies,Dessert,DST-02,3,25000,75000,Digital Wallet,Dine in
4350,SUN-7429526,11-09-2023,Club Sandwich,Food,FOD-05,2,45000,90000,Cash,Take Away
4351,SUN-2299768,02-08-2023,Cinnamon Roll,Dessert,DST-05,3,28000,84000,Debit Card,Dine in
4352,SUN-5747718,23-08-2023,Iced Americano,Drinks,DRK-02,3,28000,84000,Cash,Dine in
4353,SUN-6872221,28-11-2023,Grill Chicken Caesar Salad,Food,FOD-04,4,42000,168000,Digital Wallet,Online Order
4354,SUN-9895092,01-11-2023,Creamy Maycha Latte,Drinks,DRK-05,2,35000,70000,Cash,Dine in
4355,SUN-6310322,04-09-2023,Caramel Machiato,Drinks,DRK-04,4,38000,152000,Debit Card,Online Order
4356,SUN-8196385,25-11-2023,Grill Chicken Caesar Salad,Food,FOD-04,4,42000,168000,Debit Card,Dine in
4357,SUN-8789006,12-02-2023,Caramel Machiato,Drinks,DRK-04,4,38000,152000,Digital Wallet,Online Order
4358,SUN-3463057,16-11-2023,Creamy Maycha Latte,Drinks,DRK-05,3,35000,105000,Debit Card,Take Away
4359,SUN-9032459,11-09-2023,Beef Carbonara Pasta,Food,FOD-02,1,52000,52000,Debit Card,Take Away
4360,SUN-8992736,16-03-2023,Caramel Machiato,Drinks,DRK-04,4,38000,152000,Debit Card,Online Order
4361,SUN-7707543,16-04-2023,Caramel Machiato,Drinks,DRK-04,4,38000,152000,Digital Wallet,Online Order
4362,SUN-4010452,27-10-2023,Buttermilk Fried Chicken,Food,FOD-01,4,48000,192000,Debit Card,Online Order
4363,SUN-4823109,16-10-2023,New York Cheesecake,Dessert,DST-03,4,42000,168000,Debit Card,Online Order
4364,SUN-9819170,03-01-2023,Beef Carbonara Pasta,Food,FOD-02,2,52000,104000,Cash,Dine in
4365,SUN-5759973,25-07-2023,Beef Carbonara Pasta,Food,FOD-02,2,52000,104000,Cash,Dine in
4366,SUN-2885161,25-06-2023,Creamy Maycha Latte,Drinks,DRK-05,3,35000,105000,Debit Card,Online Order
4367,SUN-6961554,17-07-2023,Choco Lava Cake,Dessert,DST-04,3,35000,105000,Debit Card,Take Away
4368,SUN-7128683,08-11-2023,Espreso Single,Drinks,DRK-01,1,22000,22000,Cash,Dine in
4369,SUN-3431902,21-02-2023,Espreso Single,Drinks,DRK-01,2,22000,44000,Cash,Dine in
4370,SUN-3061045,25-12-2023,Cinnamon Roll,Dessert,DST-05,2,28000,56000,Digital Wallet,Take Away
4371,SUN-4119834,10-01-2023,Choco Lava Cake,Dessert,DST-04,1,35000,35000,Debit Card,Take Away
4372,SUN-1297386,24-10-2023,Classic Tirmaisu,Dessert,DST-01,3,38000,114000,Debit Card,Take Away
4373,SUN-5062562,22-12-2023,New York Cheesecake,Dessert,DST-03,2,42000,84000,Debit Card,Dine in
4374,SUN-8301584,23-04-2023,Espreso Single,Drinks,DRK-01,3,22000,66000,Digital Wallet,Take Away
4375,SUN-5495650,12-01-2023,Classic Tirmaisu,Dessert,DST-01,1,38000,38000,Digital Wallet,Online Order
4376,SUN-6795377,23-10-2023,Choco Lava Cake,Dessert,DST-04,4,35000,140000,Debit Card,Dine in
4377,SUN-9971153,19-01-2023,Buttermilk Fried Chicken,Food,FOD-01,1,48000,48000,Cash,Take Away
4378,SUN-3137965,01-02-2023,Nasi Goreng Kampung,Food,FOD-03,1,38000,38000,Cash,Dine in
4379,SUN-3723387,17-06-2023,Buttermilk Fried Chicken,Food,FOD-01,4,48000,192000,Debit Card,Take Away
4380,SUN-3985235,03-03-2023,Fudgy Brownies,Dessert,DST-02,4,25000,100000,Debit Card,Online Order
4381,SUN-7473285,09-12-2023,Cinnamon Roll,Dessert,DST-05,4,28000,112000,Debit Card,Online Order
4382,SUN-4688878,22-11-2023,Cinnamon Roll,Dessert,DST-05,1,28000,28000,Digital Wallet,Online Order
4383,SUN-9379743,17-07-2023,Buttermilk Fried Chicken,Food,FOD-01,3,48000,144000,Debit Card,Take Away
4384,SUN-3657860,25-11-2023,Espreso Single,Drinks,DRK-01,3,22000,66000,Cash,Dine in
4385,SUN-5073182,29-12-2023,Classic Tirmaisu,Dessert,DST-01,1,38000,38000,Debit Card,Take Away
4386,SUN-6831251,05-10-2023,Classic Tirmaisu,Dessert,DST-01,1,38000,38000,Debit Card,Dine in
4387,SUN-4422072,19-09-2023,Choco Lava Cake,Dessert,DST-04,2,35000,70000,Digital Wallet,Online Order
4388,SUN-5147949,08-10-2023,Caramel Machiato,Drinks,DRK-04,2,38000,76000,Digital Wallet,Online Order
4389,SUN-7615726,27-10-2023,Nasi Goreng Kampung,Food,FOD-03,4,38000,152000,Cash,Dine in
4390,SUN-3583645,26-09-2023,Creamy Maycha Latte,Drinks,DRK-05,3,35000,105000,Debit Card,Dine in
4391,SUN-1546521,27-10-2023,Iced Americano,Drinks,DRK-02,4,28000,112000,Digital Wallet,Dine in
4392,SUN-9043073,16-02-2023,Beef Carbonara Pasta,Food,FOD-02,3,52000,156000,Cash,Take Away
4393,SUN-8397943,11-12-2023,Caramel Machiato,Drinks,DRK-04,4,38000,152000,Debit Card,Dine in
4394,SUN-5804219,30-11-2023,Cinnamon Roll,Dessert,DST-05,4,28000,112000,Debit Card,Take Away
4395,SUN-5655263,20-12-2023,Fudgy Brownies,Dessert,DST-02,3,25000,75000,Debit Card,Online Order
4396,SUN-6436297,18-01-2023,Grill Chicken Caesar Salad,Food,FOD-04,4,42000,168000,Cash,Take Away
4397,SUN-8888009,30-04-2023,New York Cheesecake,Dessert,DST-03,1,42000,42000,Digital Wallet,Take Away
4398,SUN-8356804,26-06-2023,Nasi Goreng Kampung,Food,FOD-03,4,38000,152000,Debit Card,Online Order
4399,SUN-6997547,16-09-2023,Buttermilk Fried Chicken,Food,FOD-01,3,48000,144000,Digital Wallet,Take Away
4400,SUN-8658804,02-02-2023,Cinnamon Roll,Dessert,DST-05,3,28000,84000,Digital Wallet,Take Away
4401,SUN-3991307,05-07-2023,Caramel Machiato,Drinks,DRK-04,3,38000,114000,Digital Wallet,Online Order
4402,SUN-5621857,20-10-2023,Grill Chicken Caesar Salad,Food,FOD-04,1,42000,42000,Debit Card,Online Order
4403,SUN-9534278,24-12-2023,Caramel Machiato,Drinks,DRK-04,3,38000,114000,Cash,Dine in
4404,SUN-7879918,11-05-2023,Grill Chicken Caesar Salad,Food,FOD-04,2,42000,84000,Debit Card,Take Away
4405,SUN-1426731,04-08-2023,Grill Chicken Caesar Salad,Food,FOD-04,2,42000,84000,Digital Wallet,Dine in
4406,SUN-8371994,25-10-2023,Classic Tirmaisu,Dessert,DST-01,2,38000,76000,Debit Card,Take Away
4407,SUN-6017400,27-05-2023,Espreso Single,Drinks,DRK-01,3,22000,66000,Debit Card,Online Order
4408,SUN-1313880,07-08-2023,Iced Americano,Drinks,DRK-02,2,28000,56000,Digital Wallet,Dine in
4409,SUN-4221773,13-01-2023,Cafe Latte,Drinks,DRK-03,3,32000,96000,Digital Wallet,Take Away
4410,SUN-2420140,15-07-2023,Cafe Latte,Drinks,DRK-03,3,32000,96000,Cash,Take Away
4411,SUN-5172309,24-09-2023,New York Cheesecake,Dessert,DST-03,2,42000,84000,Debit Card,Online Order
4412,SUN-6018519,22-09-2023,Buttermilk Fried Chicken,Food,FOD-01,3,48000,144000,Digital Wallet,Take Away
4413,SUN-4020273,05-01-2023,Nasi Goreng Kampung,Food,FOD-03,4,38000,152000,Cash,Dine in
4414,SUN-9351620,30-03-2023,Buttermilk Fried Chicken,Food,FOD-01,1,48000,48000,Digital Wallet,Dine in
4415,SUN-3776729,25-08-2023,Espreso Single,Drinks,DRK-01,1,22000,22000,Debit Card,Dine in
4416,SUN-4476388,31-07-2023,New York Cheesecake,Dessert,DST-03,4,42000,168000,Digital Wallet,Dine in
4417,SUN-7517351,07-04-2023,Iced Americano,Drinks,DRK-02,2,28000,56000,Cash,Dine in
4418,SUN-6253137,16-10-2023,Caramel Machiato,Drinks,DRK-04,2,38000,76000,Digital Wallet,Online Order
4419,SUN-4433037,04-09-2023,Iced Americano,Drinks,DRK-02,1,28000,28000,Digital Wallet,Dine in
4420,SUN-9080121,09-02-2023,Caramel Machiato,Drinks,DRK-04,4,38000,152000,Digital Wallet,Online Order
4421,SUN-5347421,29-12-2023,Nasi Goreng Kampung,Food,FOD-03,4,38000,152000,Digital Wallet,Take Away
4422,SUN-2778763,11-02-2023,New York Cheesecake,Dessert,DST-03,2,42000,84000,Cash,Take Away
4423,SUN-6579798,08-05-2023,Iced Americano,Drinks,DRK-02,4,28000,112000,Debit Card,Online Order
4424,SUN-5089924,27-12-2023,Beef Carbonara Pasta,Food,FOD-02,3,52000,156000,Digital Wallet,Take Away
4425,SUN-5353293,23-07-2023,Caramel Machiato,Drinks,DRK-04,1,38000,38000,Debit Card,Take Away
4426,SUN-8974898,23-03-2023,New York Cheesecake,Dessert,DST-03,4,42000,168000,Digital Wallet,Take Away
4427,SUN-2442935,23-07-2023,New York Cheesecake,Dessert,DST-03,4,42000,168000,Debit Card,Online Order
4428,SUN-3944165,18-04-2023,Club Sandwich,Food,FOD-05,3,45000,135000,Debit Card,Dine in
4429,SUN-6491370,01-03-2023,Cafe Latte,Drinks,DRK-03,3,32000,96000,Digital Wallet,Take Away
4430,SUN-8267854,10-02-2023,Club Sandwich,Food,FOD-05,4,45000,180000,Debit Card,Take Away
4431,SUN-6186446,27-09-2023,Classic Tirmaisu,Dessert,DST-01,3,38000,114000,Digital Wallet,Dine in
4432,SUN-2516899,18-01-2023,Fudgy Brownies,Dessert,DST-02,1,25000,25000,Debit Card,Online Order
4433,SUN-6759490,14-09-2023,Club Sandwich,Food,FOD-05,4,45000,180000,Digital Wallet,Take Away
4434,SUN-5995610,23-03-2023,Cafe Latte,Drinks,DRK-03,4,32000,128000,Digital Wallet,Dine in
4435,SUN-1726008,09-10-2023,New York Cheesecake,Dessert,DST-03,2,42000,84000,Debit Card,Online Order
4436,SUN-4084761,13-04-2023,Classic Tirmaisu,Dessert,DST-01,4,38000,152000,Debit Card,Online Order
4437,SUN-7664435,22-03-2023,Caramel Machiato,Drinks,DRK-04,3,38000,114000,Digital Wallet,Online Order
4438,SUN-7971717,26-10-2023,New York Cheesecake,Dessert,DST-03,3,42000,126000,Digital Wallet,Online Order
4439,SUN-4178450,25-01-2023,Iced Americano,Drinks,DRK-02,4,28000,112000,Cash,Take Away
4440,SUN-6497706,26-07-2023,Fudgy Brownies,Dessert,DST-02,3,25000,75000,Digital Wallet,Take Away
4441,SUN-4108187,24-05-2023,Grill Chicken Caesar Salad,Food,FOD-04,3,42000,126000,Debit Card,Online Order
4442,SUN-9029712,02-03-2023,Fudgy Brownies,Dessert,DST-02,4,25000,100000,Cash,Take Away
4443,SUN-3208145,12-02-2023,Iced Americano,Drinks,DRK-02,2,28000,56000,Digital Wallet,Take Away
4444,SUN-3192255,02-11-2023,Buttermilk Fried Chicken,Food,FOD-01,4,48000,192000,Debit Card,Online Order
4445,SUN-7694473,12-04-2023,Cinnamon Roll,Dessert,DST-05,3,28000,84000,Digital Wallet,Dine in
4446,SUN-7144059,24-09-2023,Espreso Single,Drinks,DRK-01,4,22000,88000,Digital Wallet,Take Away
4447,SUN-2114376,07-01-2023,Creamy Maycha Latte,Drinks,DRK-05,4,35000,140000,Digital Wallet,Online Order
4448,SUN-2180811,06-08-2023,Nasi Goreng Kampung,Food,FOD-03,4,38000,152000,Debit Card,Dine in
4449,SUN-8753348,27-05-2023,Fudgy Brownies,Dessert,DST-02,3,25000,75000,Cash,Take Away
4450,SUN-1253626,16-03-2023,Fudgy Brownies,Dessert,DST-02,1,25000,25000,Digital Wallet,Take Away
4451,SUN-8508973,12-05-2023,Club Sandwich,Food,FOD-05,3,45000,135000,Digital Wallet,Take Away
4452,SUN-1840771,25-01-2023,Choco Lava Cake,Dessert,DST-04,3,35000,105000,Digital Wallet,Dine in
4453,SUN-8751098,30-04-2023,Beef Carbonara Pasta,Food,FOD-02,2,52000,104000,Digital Wallet,Online Order
4454,SUN-9827297,16-05-2023,Iced Americano,Drinks,DRK-02,2,28000,56000,Debit Card,Online Order
4455,SUN-5707067,21-05-2023,Grill Chicken Caesar Salad,Food,FOD-04,2,42000,84000,Cash,Take Away
4456,SUN-6075397,31-03-2023,Grill Chicken Caesar Salad,Food,FOD-04,3,42000,126000,Digital Wallet,Take Away
4457,SUN-9816199,15-01-2023,Nasi Goreng Kampung,Food,FOD-03,3,38000,114000,Digital Wallet,Take Away
4458,SUN-7497469,08-10-2023,New York Cheesecake,Dessert,DST-03,3,42000,126000,Debit Card,Take Away
4459,SUN-4369321,08-06-2023,New York Cheesecake,Dessert,DST-03,3,42000,126000,Debit Card,Online Order
4460,SUN-7505792,23-10-2023,Caramel Machiato,Drinks,DRK-04,2,38000,76000,Debit Card,Take Away
4461,SUN-5465541,27-08-2023,Cafe Latte,Drinks,DRK-03,3,32000,96000,Digital Wallet,Take Away
4462,SUN-5557574,05-12-2023,Beef Carbonara Pasta,Food,FOD-02,2,52000,104000,Debit Card,Dine in
4463,SUN-3937036,29-04-2023,Caramel Machiato,Drinks,DRK-04,3,38000,114000,Debit Card,Take Away
4464,SUN-2336985,21-01-2023,Nasi Goreng Kampung,Food,FOD-03,3,38000,114000,Debit Card,Dine in
4465,SUN-8150823,26-07-2023,Nasi Goreng Kampung,Food,FOD-03,3,38000,114000,Digital Wallet,Dine in
4466,SUN-2916911,19-01-2023,Classic Tirmaisu,Dessert,DST-01,1,38000,38000,Debit Card,Online Order
4467,SUN-3145567,20-10-2023,Fudgy Brownies,Dessert,DST-02,3,25000,75000,Debit Card,Dine in
4468,SUN-6579465,03-12-2023,Caramel Machiato,Drinks,DRK-04,4,38000,152000,Digital Wallet,Online Order
4469,SUN-7256795,11-07-2023,Creamy Maycha Latte,Drinks,DRK-05,2,35000,70000,Digital Wallet,Online Order
4470,SUN-6949098,20-11-2023,Creamy Maycha Latte,Drinks,DRK-05,1,35000,35000,Cash,Dine in
4471,SUN-4078357,05-12-2023,New York Cheesecake,Dessert,DST-03,1,42000,42000,Debit Card,Dine in
4472,SUN-3438418,17-09-2023,Club Sandwich,Food,FOD-05,1,45000,45000,Digital Wallet,Dine in
4473,SUN-2832452,09-10-2023,Club Sandwich,Food,FOD-05,2,45000,90000,Debit Card,Online Order
4474,SUN-6089353,16-12-2023,Espreso Single,Drinks,DRK-01,2,22000,44000,Digital Wallet,Take Away
4475,SUN-4417827,23-07-2023,Choco Lava Cake,Dessert,DST-04,4,35000,140000,Cash,Dine in
4476,SUN-9140071,01-02-2023,Fudgy Brownies,Dessert,DST-02,3,25000,75000,Cash,Dine in
4477,SUN-4224360,31-01-2023,Espreso Single,Drinks,DRK-01,3,22000,66000,Debit Card,Take Away
4478,SUN-8010413,30-05-2023,Buttermilk Fried Chicken,Food,FOD-01,2,48000,96000,Debit Card,Online Order
4479,SUN-6734303,21-06-2023,Caramel Machiato,Drinks,DRK-04,2,38000,76000,Debit Card,Online Order
4480,SUN-1338032,10-12-2023,Buttermilk Fried Chicken,Food,FOD-01,1,48000,48000,Debit Card,Dine in
4481,SUN-9393835,13-01-2023,Caramel Machiato,Drinks,DRK-04,1,38000,38000,Debit Card,Take Away
4482,SUN-1061273,16-05-2023,New York Cheesecake,Dessert,DST-03,1,42000,42000,Digital Wallet,Online Order
4483,SUN-9801635,15-12-2023,Iced Americano,Drinks,DRK-02,4,28000,112000,Digital Wallet,Online Order
4484,SUN-6817458,06-06-2023,Club Sandwich,Food,FOD-05,2,45000,90000,Cash,Dine in
4485,SUN-8633133,17-01-2023,Cafe Latte,Drinks,DRK-03,3,32000,96000,Debit Card,Take Away
4486,SUN-9062923,08-08-2023,Fudgy Brownies,Dessert,DST-02,3,25000,75000,Debit Card,Dine in
4487,SUN-5083583,17-03-2023,Choco Lava Cake,Dessert,DST-04,2,35000,70000,Debit Card,Online Order
4488,SUN-5302927,24-03-2023,Iced Americano,Drinks,DRK-02,4,28000,112000,Digital Wallet,Dine in
4489,SUN-8824017,08-03-2023,Nasi Goreng Kampung,Food,FOD-03,1,38000,38000,Debit Card,Take Away
4490,SUN-6872137,04-07-2023,Choco Lava Cake,Dessert,DST-04,1,35000,35000,Cash,Take Away
4491,SUN-9157593,11-11-2023,Beef Carbonara Pasta,Food,FOD-02,2,52000,104000,Digital Wallet,Dine in
4492,SUN-6365611,15-09-2023,Caramel Machiato,Drinks,DRK-04,2,38000,76000,Debit Card,Online Order
4493,SUN-9592835,28-11-2023,Classic Tirmaisu,Dessert,DST-01,3,38000,114000,Debit Card,Dine in
4494,SUN-9435832,10-12-2023,Classic Tirmaisu,Dessert,DST-01,3,38000,114000,Debit Card,Online Order
4495,SUN-5917313,23-09-2023,New York Cheesecake,Dessert,DST-03,4,42000,168000,Digital Wallet,Take Away
4496,SUN-9263246,14-03-2023,Cinnamon Roll,Dessert,DST-04,4,28000,112000,Cash,Dine in
4497,SUN-3415244,08-11-2023,Creamy Maycha Latte,Drinks,DRK-05,2,35000,70000,Debit Card,Take Away
4498,SUN-8502787,09-01-2023,Caramel Machiato,Drinks,DRK-04,2,38000,76000,Debit Card,Online Order
4499,SUN-6092167,06-04-2023,Grill Chicken Caesar Salad,Food,FOD-04,3,42000,126000,Debit Card,Online Order
4500,SUN-7350991,25-11-2023,Fudgy Brownies,Dessert,DST-02,1,25000,25000,Cash,Take Away
4501,SUN-6966184,23-11-2023,Iced Americano,Drinks,DRK-02,4,28000,112000,Digital Wallet,Online Order
4502,SUN-6672514,25-03-2023,Fudgy Brownies,Dessert,DST-02,1,25000,25000,Digital Wallet,Dine in
4503,SUN-4815891,06-02-2023,Nasi Goreng Kampung,Food,FOD-03,4,38000,152000,Debit Card,Online Order
4504,SUN-2298626,26-11-2023,Classic Tirmaisu,Dessert,DST-01,1,38000,38000,Debit Card,Take Away
4505,SUN-4992607,23-04-2023,Nasi Goreng Kampung,Food,FOD-03,4,38000,152000,Cash,Take Away
4506,SUN-2854062,19-04-2023,Creamy Maycha Latte,Drinks,DRK-05,3,35000,105000,Debit Card,Dine in
4507,SUN-5530659,10-11-2023,Espreso Single,Drinks,DRK-01,3,22000,66000,Debit Card,Online Order
4508,SUN-8115546,09-10-2023,Nasi Goreng Kampung,Food,FOD-03,1,38000,38000,Cash,Take Away
4509,SUN-1625163,10-09-2023,Nasi Goreng Kampung,Food,FOD-03,3,38000,114000,Cash,Take Away
4510,SUN-7732512,10-06-2023,Club Sandwich,Food,FOD-05,1,45000,45000,Digital Wallet,Dine in
4511,SUN-2323647,07-12-2023,Cafe Latte,Drinks,DRK-03,3,32000,96000,Debit Card,Dine in
4512,SUN-6563084,03-12-2023,Nasi Goreng Kampung,Food,FOD-03,2,38000,76000,Debit Card,Take Away
4513,SUN-3362376,06-11-2023,Caramel Machiato,Drinks,DRK-04,2,38000,76000,Cash,Take Away
4514,SUN-4638176,14-12-2023,Fudgy Brownies,Dessert,DST-02,1,25000,25000,Debit Card,Online Order
4515,SUN-7475818,19-03-2023,Cafe Latte,Drinks,DRK-03,3,32000,96000,Debit Card,Dine in
4516,SUN-8832117,20-07-2023,Nasi Goreng Kampung,Food,FOD-03,3,38000,114000,Debit Card,Take Away
4517,SUN-5049373,02-06-2023,Club Sandwich,Food,FOD-05,1,45000,45000,Debit Card,Take Away
4518,SUN-6388212,26-10-2023,Cafe Latte,Drinks,DRK-03,2,32000,64000,Digital Wallet,Online Order
4519,SUN-4562311,27-12-2023,Espreso Single,Drinks,DRK-01,4,22000,88000,Digital Wallet,Take Away
4520,SUN-1390064,04-10-2023,Caramel Machiato,Drinks,DRK-04,1,38000,38000,Debit Card,Online Order
4521,SUN-5889747,14-09-2023,New York Cheesecake,Dessert,DST-03,3,42000,126000,Digital Wallet,Online Order
4522,SUN-1284316,29-10-2023,Iced Americano,Drinks,DRK-02,4,28000,112000,Debit Card,Online Order
4523,SUN-5788282,17-10-2023,Nasi Goreng Kampung,Food,FOD-03,1,38000,38000,Digital Wallet,Dine in
4524,SUN-3629250,04-07-2023,Caramel Machiato,Drinks,DRK-04,3,38000,114000,Digital Wallet,Online Order
4525,SUN-8350442,31-01-2023,Iced Americano,Drinks,DRK-02,3,28000,84000,Cash,Take Away
4526,SUN-2399912,23-05-2023,Creamy Maycha Latte,Drinks,DRK-05,1,35000,35000,Digital Wallet,Take Away
4527,SUN-1521649,15-12-2023,Caramel Machiato,Drinks,DRK-04,3,38000,114000,Cash,Dine in
4528,SUN-6917198,31-03-2023,Beef Carbonara Pasta,Food,FOD-02,3,52000,156000,Debit Card,Online Order
4529,SUN-3888853,20-07-2023,Buttermilk Fried Chicken,Food,FOD-01,3,48000,144000,Cash,Dine in
4530,SUN-5624470,29-09-2023,Grill Chicken Caesar Salad,Food,FOD-04,2,42000,84000,Cash,Dine in
4531,SUN-9261126,26-02-2023,Grill Chicken Caesar Salad,Food,FOD-04,3,42000,126000,Debit Card,Online Order
4532,SUN-7159019,28-11-2023,Grill Chicken Caesar Salad,Food,FOD-04,3,42000,126000,Cash,Take Away
4533,SUN-9529080,29-07-2023,Grill Chicken Caesar Salad,Food,FOD-04,1,42000,42000,Debit Card,Take Away
4534,SUN-4570786,15-08-2023,Grill Chicken Caesar Salad,Food,FOD-04,2,42000,84000,Digital Wallet,Dine in
4535,SUN-2817456,01-12-2023,Classic Tirmaisu,Dessert,DST-01,1,38000,38000,Debit Card,Online Order
4536,SUN-1581814,29-07-2023,Buttermilk Fried Chicken,Food,FOD-01,1,48000,48000,Cash,Take Away
4537,SUN-4779048,18-07-2023,Buttermilk Fried Chicken,Food,FOD-01,1,48000,48000,Cash,Dine in
4538,SUN-1415733,11-01-2023,Fudgy Brownies,Dessert,DST-02,4,25000,100000,Cash,Dine in
4539,SUN-1376211,29-12-2023,Fudgy Brownies,Dessert,DST-02,1,25000,25000,Debit Card,Take Away
4540,SUN-7646256,03-01-2023,Iced Americano,Drinks,DRK-02,3,28000,84000,Debit Card,Take Away
4541,SUN-9715767,05-12-2023,Buttermilk Fried Chicken,Food,FOD-01,1,48000,48000,Debit Card,Dine in
4542,SUN-6540086,02-10-2023,Buttermilk Fried Chicken,Food,FOD-01,2,48000,96000,Cash,Dine in
4543,SUN-9517623,01-07-2023,Beef Carbonara Pasta,Food,FOD-02,3,52000,156000,Debit Card,Online Order
4544,SUN-5807126,08-02-2023,Beef Carbonara Pasta,Food,FOD-02,1,52000,52000,Debit Card,Dine in
4545,SUN-6309671,19-12-2023,Nasi Goreng Kampung,Food,FOD-03,2,38000,76000,Cash,Dine in
4546,SUN-8013747,07-06-2023,Classic Tirmaisu,Dessert,DST-01,1,38000,38000,Debit Card,Online Order
4547,SUN-5008163,08-10-2023,Beef Carbonara Pasta,Food,FOD-02,3,52000,156000,Digital Wallet,Online Order
4548,SUN-4819489,08-05-2023,Choco Lava Cake,Dessert,DST-04,2,35000,70000,Debit Card,Dine in
4549,SUN-7338675,03-04-2023,Buttermilk Fried Chicken,Food,FOD-01,2,48000,96000,Cash,Take Away
4550,SUN-5973884,05-07-2023,Cinnamon Roll,Dessert,DST-05,3,28000,84000,Debit Card,Dine in
4551,SUN-4675558,05-02-2023,Nasi Goreng Kampung,Food,FOD-03,4,38000,152000,Cash,Take Away
4552,SUN-8861450,03-03-2023,Cafe Latte,Drinks,DRK-03,3,32000,96000,Digital Wallet,Take Away
4553,SUN-3198583,10-01-2023,Cinnamon Roll,Dessert,DST-05,1,28000,28000,Cash,Dine in
4554,SUN-7827723,08-10-2023,Cinnamon Roll,Dessert,DST-05,3,28000,84000,Debit Card,Take Away
4555,SUN-8465244,10-07-2023,Nasi Goreng Kampung,Food,FOD-03,3,38000,114000,Debit Card,Dine in
4556,SUN-4840688,15-06-2023,New York Cheesecake,Dessert,DST-03,3,42000,126000,Digital Wallet,Take Away
4557,SUN-1562089,03-10-2023,Club Sandwich,Food,FOD-05,3,45000,135000,Cash,Take Away
4558,SUN-7271380,27-05-2023,Caramel Machiato,Drinks,DRK-04,4,38000,152000,Digital Wallet,Online Order
4559,SUN-5373325,17-02-2023,Nasi Goreng Kampung,Food,FOD-03,4,38000,152000,Digital Wallet,Take Away
4560,SUN-1061739,23-08-2023,Buttermilk Fried Chicken,Food,FOD-01,4,48000,192000,Debit Card,Dine in
4561,SUN-2927849,15-03-2023,Grill Chicken Caesar Salad,Food,FOD-04,4,42000,168000,Cash,Take Away
4562,SUN-5304093,11-07-2023,Cinnamon Roll,Dessert,DST-04,4,28000,112000,Cash,Take Away
4563,SUN-3605242,22-12-2023,Caramel Machiato,Drinks,DRK-04,3,38000,114000,Debit Card,Online Order
4564,SUN-3740738,15-06-2023,Nasi Goreng Kampung,Food,FOD-03,1,38000,38000,Digital Wallet,Online Order
4565,SUN-8257653,22-10-2023,Cinnamon Roll,Dessert,DST-05,1,28000,28000,Cash,Dine in
4566,SUN-4768717,21-09-2023,Buttermilk Fried Chicken,Food,FOD-01,1,48000,48000,Cash,Take Away
4567,SUN-1957446,28-04-2023,Buttermilk Fried Chicken,Food,FOD-01,4,48000,192000,Digital Wallet,Take Away
4568,SUN-7773053,29-03-2023,Iced Americano,Drinks,DRK-02,2,28000,56000,Cash,Take Away
4569,SUN-1514901,11-12-2023,New York Cheesecake,Dessert,DST-03,2,42000,84000,Digital Wallet,Take Away
4570,SUN-8297484,09-08-2023,Classic Tirmaisu,Dessert,DST-01,1,38000,38000,Debit Card,Dine in
4571,SUN-4956279,24-06-2023,Choco Lava Cake,Dessert,DST-04,2,35000,70000,Debit Card,Take Away
4572,SUN-1644875,18-07-2023,Choco Lava Cake,Dessert,DST-04,4,35000,140000,Digital Wallet,Dine in
4573,SUN-3082084,03-04-2023,Caramel Machiato,Drinks,DRK-04,4,38000,152000,Digital Wallet,Take Away
4574,SUN-1223839,05-09-2023,Iced Americano,Drinks,DRK-02,2,28000,56000,Debit Card,Online Order
4575,SUN-6749778,06-05-2023,Creamy Maycha Latte,Drinks,DRK-05,4,35000,140000,Debit Card,Dine in
4576,SUN-2882206,17-09-2023,Creamy Maycha Latte,Drinks,DRK-05,4,35000,140000,Cash,Take Away
4577,SUN-7988134,10-04-2023,New York Cheesecake,Dessert,DST-03,2,42000,84000,Cash,Dine in
4578,SUN-8076013,18-06-2023,Buttermilk Fried Chicken,Food,FOD-01,3,48000,144000,Digital Wallet,Online Order
4579,SUN-3330064,11-09-2023,Choco Lava Cake,Dessert,DST-04,4,35000,140000,Debit Card,Take Away
4580,SUN-7436714,22-02-2023,Buttermilk Fried Chicken,Food,FOD-01,3,48000,144000,Cash,Take Away
4581,SUN-5489702,17-05-2023,Classic Tirmaisu,Dessert,DST-01,4,38000,152000,Digital Wallet,Online Order
4582,SUN-1059608,24-01-2023,Buttermilk Fried Chicken,Food,FOD-01,4,48000,192000,Cash,Take Away
4583,SUN-2262504,30-07-2023,Iced Americano,Drinks,DRK-02,4,28000,112000,Digital Wallet,Take Away
4584,SUN-8906786,08-08-2023,Nasi Goreng Kampung,Food,FOD-03,2,38000,76000,Debit Card,Take Away
4585,SUN-7423570,15-08-2023,Iced Americano,Drinks,DRK-02,3,28000,84000,Digital Wallet,Take Away
4586,SUN-2483515,22-07-2023,Choco Lava Cake,Dessert,DST-04,2,35000,70000,Digital Wallet,Dine in
4587,SUN-7685856,04-07-2023,Iced Americano,Drinks,DRK-02,3,28000,84000,Cash,Dine in
4588,SUN-3185709,11-08-2023,Nasi Goreng Kampung,Food,FOD-03,2,38000,76000,Digital Wallet,Take Away
4589,SUN-2413033,15-06-2023,Nasi Goreng Kampung,Food,FOD-03,3,38000,114000,Cash,Dine in
4590,SUN-2831300,18-10-2023,New York Cheesecake,Dessert,DST-03,4,42000,168000,Cash,Dine in
4591,SUN-8837886,09-05-2023,Cafe Latte,Drinks,DRK-03,2,32000,64000,Debit Card,Dine in
4592,SUN-8259883,31-03-2023,Nasi Goreng Kampung,Food,FOD-03,1,38000,38000,Digital Wallet,Dine in
4593,SUN-4041379,27-03-2023,Nasi Goreng Kampung,Food,FOD-03,2,38000,76000,Digital Wallet,Online Order
4594,SUN-7714913,07-01-2023,Cinnamon Roll,Dessert,DST-05,3,28000,84000,Cash,Dine in
4595,SUN-6914061,04-02-2023,Iced Americano,Drinks,DRK-02,2,28000,56000,Cash,Dine in
4596,SUN-3218796,10-08-2023,Buttermilk Fried Chicken,Food,FOD-01,2,48000,96000,Digital Wallet,Online Order
4597,SUN-7085064,13-09-2023,Choco Lava Cake,Dessert,DST-04,1,35000,35000,Debit Card,Take Away
4598,SUN-9000614,19-03-2023,Iced Americano,Drinks,DRK-02,1,28000,28000,Cash,Take Away
4599,SUN-4241985,06-01-2023,Choco Lava Cake,Dessert,DST-04,1,35000,35000,Digital Wallet,Dine in
4600,SUN-3881243,12-03-2023,Creamy Maycha Latte,Drinks,DRK-05,1,35000,35000,Digital Wallet,Online Order
4601,SUN-9670869,25-09-2023,Iced Americano,Drinks,DRK-02,1,28000,28000,Debit Card,Take Away
4602,SUN-8920234,17-01-2023,Club Sandwich,Food,FOD-05,3,45000,135000,Cash,Take Away
4603,SUN-3882992,03-10-2023,Club Sandwich,Food,FOD-05,4,45000,180000,Cash,Take Away
4604,SUN-9943621,26-10-2023,Fudgy Brownies,Dessert,DST-02,1,25000,25000,Digital Wallet,Dine in
4605,SUN-6762380,22-10-2023,Cinnamon Roll,Dessert,DST-05,4,28000,112000,Digital Wallet,Dine in
4606,SUN-9162529,13-02-2023,Classic Tirmaisu,Dessert,DST-01,2,38000,76000,Digital Wallet,Dine in
4607,SUN-4563756,23-08-2023,Fudgy Brownies,Dessert,DST-02,2,25000,50000,Digital Wallet,Take Away
4608,SUN-6704730,24-03-2023,New York Cheesecake,Dessert,DST-03,1,42000,42000,Debit Card,Dine in
4609,SUN-1367966,14-12-2023,Cafe Latte,Drinks,DRK-03,4,32000,128000,Digital Wallet,Online Order
4610,SUN-6949526,14-04-2023,Buttermilk Fried Chicken,Food,FOD-01,4,48000,192000,Digital Wallet,Take Away
4611,SUN-4713772,20-05-2023,Grill Chicken Caesar Salad,Food,FOD-04,4,42000,168000,Digital Wallet,Online Order
4612,SUN-7255902,05-10-2023,Fudgy Brownies,Dessert,DST-02,1,25000,25000,Digital Wallet,Dine in
4613,SUN-9881258,17-06-2023,Cafe Latte,Drinks,DRK-03,2,32000,64000,Debit Card,Online Order
4614,SUN-4442301,03-10-2023,Choco Lava Cake,Dessert,DST-04,2,35000,70000,Cash,Take Away
4615,SUN-9487813,16-04-2023,Classic Tirmaisu,Dessert,DST-01,4,38000,152000,Cash,Dine in
4616,SUN-2773670,01-10-2023,Choco Lava Cake,Dessert,DST-04,2,35000,70000,Cash,Take Away
4617,SUN-1289463,04-01-2023,Espreso Single,Drinks,DRK-01,2,22000,44000,Digital Wallet,Dine in
4618,SUN-2438817,21-10-2023,Fudgy Brownies,Dessert,DST-02,3,25000,75000,Cash,Take Away
4619,SUN-9848339,09-06-2023,Fudgy Brownies,Dessert,DST-02,3,25000,75000,Debit Card,Take Away
4620,SUN-9567029,22-03-2023,Espreso Single,Drinks,DRK-01,2,22000,44000,Debit Card,Dine in
4621,SUN-6830253,02-07-2023,Fudgy Brownies,Dessert,DST-02,4,25000,100000,Digital Wallet,Dine in
4622,SUN-5499409,10-06-2023,Cinnamon Roll,Dessert,DST-05,3,28000,84000,Cash,Dine in
4623,SUN-5465503,19-06-2023,Espreso Single,Drinks,DRK-01,1,22000,22000,Cash,Take Away
4624,SUN-8188081,31-05-2023,Cafe Latte,Drinks,DRK-03,4,32000,128000,Digital Wallet,Take Away
4625,SUN-8550725,14-01-2023,Choco Lava Cake,Dessert,DST-04,4,35000,140000,Digital Wallet,Dine in
4626,SUN-4244710,10-02-2023,Grill Chicken Caesar Salad,Food,FOD-04,1,42000,42000,Cash,Take Away
4627,SUN-8667782,28-02-2023,Cinnamon Roll,Dessert,DST-05,2,28000,56000,Digital Wallet,Take Away
4628,SUN-2648769,26-01-2023,Choco Lava Cake,Dessert,DST-04,2,35000,70000,Digital Wallet,Online Order
4629,SUN-8703010,10-04-2023,Espreso Single,Drinks,DRK-01,2,22000,44000,Debit Card,Online Order
4630,SUN-8596848,17-12-2023,Espreso Single,Drinks,DRK-01,2,22000,44000,Digital Wallet,Take Away
4631,SUN-9076337,30-05-2023,Choco Lava Cake,Dessert,DST-04,4,35000,140000,Debit Card,Take Away
4632,SUN-4706502,13-02-2023,Iced Americano,Drinks,DRK-02,1,28000,28000,Debit Card,Take Away
4633,SUN-6241007,16-03-2023,Beef Carbonara Pasta,Food,FOD-02,2,52000,104000,Digital Wallet,Dine in
4634,SUN-7181209,06-09-2023,Choco Lava Cake,Dessert,DST-04,3,35000,105000,Debit Card,Dine in
4635,SUN-5815284,13-05-2023,Iced Americano,Drinks,DRK-02,2,28000,56000,Cash,Take Away
4636,SUN-9577712,04-06-2023,Nasi Goreng Kampung,Food,FOD-03,1,38000,38000,Digital Wallet,Take Away
4637,SUN-1117742,15-04-2023,Caramel Machiato,Drinks,DRK-04,2,38000,76000,Digital Wallet,Online Order
4638,SUN-1692871,19-10-2023,Grill Chicken Caesar Salad,Food,FOD-04,1,42000,42000,Debit Card,Take Away
4639,SUN-4066881,09-02-2023,Creamy Maycha Latte,Drinks,DRK-05,2,35000,70000,Digital Wallet,Online Order
4640,SUN-8892189,15-02-2023,Cafe Latte,Drinks,DRK-03,2,32000,64000,Cash,Dine in
4641,SUN-7745887,16-11-2023,Choco Lava Cake,Dessert,DST-04,1,35000,35000,Digital Wallet,Take Away
4642,SUN-1294558,25-02-2023,Buttermilk Fried Chicken,Food,FOD-01,3,48000,144000,Digital Wallet,Take Away
4643,SUN-2167021,10-08-2023,Nasi Goreng Kampung,Food,FOD-03,4,38000,152000,Debit Card,Take Away
4644,SUN-1403190,09-07-2023,Cafe Latte,Drinks,DRK-03,1,32000,32000,Debit Card,Take Away
4645,SUN-4412764,25-12-2023,Espreso Single,Drinks,DRK-01,1,22000,22000,Debit Card,Take Away
4646,SUN-2161081,17-09-2023,New York Cheesecake,Dessert,DST-03,2,42000,84000,Digital Wallet,Take Away
4647,SUN-9602784,09-08-2023,Buttermilk Fried Chicken,Food,FOD-01,2,48000,96000,Debit Card,Dine in
4648,SUN-2695735,21-08-2023,Classic Tirmaisu,Dessert,DST-01,3,38000,114000,Digital Wallet,Take Away
4649,SUN-1923399,13-08-2023,Classic Tirmaisu,Dessert,DST-01,3,38000,114000,Cash,Dine in
4650,SUN-1828597,11-08-2023,Cinnamon Roll,Dessert,DST-05,3,28000,84000,Digital Wallet,Take Away
4651,SUN-8159326,13-05-2023,Espreso Single,Drinks,DRK-01,3,22000,66000,Debit Card,Take Away
4652,SUN-1404914,15-09-2023,Fudgy Brownies,Dessert,DST-02,3,25000,75000,Digital Wallet,Take Away
4653,SUN-9728913,21-10-2023,Creamy Maycha Latte,Drinks,DRK-05,2,35000,70000,Cash,Take Away
4654,SUN-4213572,12-12-2023,Fudgy Brownies,Dessert,DST-02,1,25000,25000,Digital Wallet,Take Away
4655,SUN-9024351,18-06-2023,Iced Americano,Drinks,DRK-02,1,28000,28000,Debit Card,Take Away
4656,SUN-4192575,10-06-2023,Espreso Single,Drinks,DRK-01,4,22000,88000,Cash,Dine in
4657,SUN-1799452,28-10-2023,New York Cheesecake,Dessert,DST-03,3,42000,126000,Debit Card,Take Away
4658,SUN-5613157,29-01-2023,Creamy Maycha Latte,Drinks,DRK-05,2,35000,70000,Digital Wallet,Take Away
4659,SUN-3700934,20-06-2023,Fudgy Brownies,Dessert,DST-02,1,25000,25000,Digital Wallet,Take Away
4660,SUN-5806230,02-03-2023,Beef Carbonara Pasta,Food,FOD-02,1,52000,52000,Digital Wallet,Online Order
4661,SUN-3397063,27-09-2023,Classic Tirmaisu,Dessert,DST-01,2,38000,76000,Cash,Take Away
4662,SUN-3613751,20-01-2023,New York Cheesecake,Dessert,DST-03,1,42000,42000,Cash,Take Away
4663,SUN-2209356,30-08-2023,Choco Lava Cake,Dessert,DST-04,1,35000,35000,Cash,Take Away
4664,SUN-3929906,13-12-2023,Iced Americano,Drinks,DRK-02,3,28000,84000,Digital Wallet,Take Away
4665,SUN-1014045,25-05-2023,Creamy Maycha Latte,Drinks,DRK-05,2,35000,70000,Digital Wallet,Take Away
4666,SUN-5533014,22-01-2023,Classic Tirmaisu,Dessert,DST-01,3,38000,114000,Digital Wallet,Online Order
4667,SUN-5977574,03-02-2023,Cafe Latte,Drinks,DRK-03,4,32000,128000,Digital Wallet,Take Away
4668,SUN-5583440,30-08-2023,Club Sandwich,Food,FOD-05,1,45000,45000,Digital Wallet,Online Order
4669,SUN-9360429,26-03-2023,Beef Carbonara Pasta,Food,FOD-02,1,52000,52000,Debit Card,Dine in
4670,SUN-3321372,28-10-2023,Cafe Latte,Drinks,DRK-03,2,32000,64000,Cash,Take Away
4671,SUN-6841678,10-06-2023,Fudgy Brownies,Dessert,DST-02,2,25000,50000,Debit Card,Dine in
4672,SUN-7565955,22-11-2023,Iced Americano,Drinks,DRK-02,1,28000,28000,Digital Wallet,Online Order
4673,SUN-9677898,23-06-2023,Cafe Latte,Drinks,DRK-03,3,32000,96000,Digital Wallet,Take Away
4674,SUN-4704351,11-03-2023,Buttermilk Fried Chicken,Food,FOD-01,3,48000,144000,Digital Wallet,Online Order
4675,SUN-8228278,20-03-2023,Iced Americano,Drinks,DRK-02,4,28000,112000,Digital Wallet,Dine in
4676,SUN-2787180,16-07-2023,Cafe Latte,Drinks,DRK-03,1,32000,32000,Debit Card,Take Away
4677,SUN-6124178,06-04-2023,Grill Chicken Caesar Salad,Food,FOD-04,4,42000,168000,Debit Card,Dine in
4678,SUN-9575615,30-10-2023,Cinnamon Roll,Dessert,DST-05,2,28000,56000,Cash,Take Away
4679,SUN-1357589,29-04-2023,Classic Tirmaisu,Dessert,DST-01,3,38000,114000,Digital Wallet,Online Order
4680,SUN-9802183,21-03-2023,Caramel Machiato,Drinks,DRK-04,1,38000,38000,Digital Wallet,Dine in
4681,SUN-1672144,19-07-2023,Caramel Machiato,Drinks,DRK-04,2,38000,76000,Debit Card,Dine in
4682,SUN-3679153,04-04-2023,Fudgy Brownies,Dessert,DST-02,4,25000,100000,Debit Card,Dine in
4683,SUN-6844844,02-02-2023,Beef Carbonara Pasta,Food,FOD-02,4,52000,208000,Digital Wallet,Online Order
4684,SUN-7586964,28-03-2023,Buttermilk Fried Chicken,Food,FOD-01,1,48000,48000,Cash,Take Away
4685,SUN-1717357,29-05-2023,Cinnamon Roll,Dessert,DST-05,4,28000,112000,Digital Wallet,Dine in
4686,SUN-6285104,10-07-2023,Cafe Latte,Drinks,DRK-03,3,32000,96000,Debit Card,Take Away
4687,SUN-3417356,06-09-2023,Grill Chicken Caesar Salad,Food,FOD-04,4,42000,168000,Debit Card,Take Away
4688,SUN-6379176,04-11-2023,Buttermilk Fried Chicken,Food,FOD-01,1,48000,48000,Debit Card,Dine in
4689,SUN-9006849,02-11-2023,Caramel Machiato,Drinks,DRK-04,4,38000,152000,Digital Wallet,Dine in
4690,SUN-5874243,17-10-2023,Cafe Latte,Drinks,DRK-03,3,32000,96000,Cash,Take Away
4691,SUN-4148034,08-07-2023,Club Sandwich,Food,FOD-05,4,45000,180000,Digital Wallet,Take Away
4692,SUN-6514309,18-03-2023,Nasi Goreng Kampung,Food,FOD-03,1,38000,38000,Digital Wallet,Dine in
4693,SUN-9342212,13-12-2023,Classic Tirmaisu,Dessert,DST-01,4,38000,152000,Debit Card,Online Order
4694,SUN-7215976,20-06-2023,New York Cheesecake,Dessert,DST-03,2,42000,84000,Cash,Take Away
4695,SUN-3072856,26-09-2023,New York Cheesecake,Dessert,DST-03,4,42000,168000,Cash,Dine in
4696,SUN-4701728,06-06-2023,Classic Tirmaisu,Dessert,DST-01,2,38000,76000,Debit Card,Take Away
4697,SUN-1644337,16-10-2023,New York Cheesecake,Dessert,DST-03,1,42000,42000,Debit Card,Dine in
4698,SUN-3636401,07-10-2023,Nasi Goreng Kampung,Food,FOD-03,4,38000,152000,Cash,Take Away
4699,SUN-5696029,19-02-2023,Buttermilk Fried Chicken,Food,FOD-01,1,48000,48000,Debit Card,Online Order
4700,SUN-8212046,13-05-2023,Classic Tirmaisu,Dessert,DST-01,2,38000,76000,Digital Wallet,Take Away
4701,SUN-2624265,04-07-2023,Creamy Maycha Latte,Drinks,DRK-05,4,35000,140000,Debit Card,Take Away
4702,SUN-4182334,08-08-2023,Cafe Latte,Drinks,DRK-03,1,32000,32000,Cash,Dine in
4703,SUN-1507969,13-01-2023,Caramel Machiato,Drinks,DRK-04,4,38000,152000,Debit Card,Dine in
4704,SUN-5581334,28-09-2023,Cafe Latte,Drinks,DRK-03,2,32000,64000,Debit Card,Online Order
4705,SUN-3318455,02-09-2023,Choco Lava Cake,Dessert,DST-04,3,35000,105000,Cash,Take Away
4706,SUN-1281289,29-06-2023,Creamy Maycha Latte,Drinks,DRK-05,1,35000,35000,Debit Card,Online Order
4707,SUN-4858949,29-04-2023,Nasi Goreng Kampung,Food,FOD-03,4,38000,152000,Digital Wallet,Take Away
4708,SUN-4026279,13-02-2023,Beef Carbonara Pasta,Food,FOD-02,1,52000,52000,Cash,Dine in
4709,SUN-9233865,18-11-2023,Iced Americano,Drinks,DRK-02,4,28000,112000,Digital Wallet,Take Away
4710,SUN-2356793,26-01-2023,Caramel Machiato,Drinks,DRK-04,3,38000,114000,Debit Card,Dine in
4711,SUN-7265995,17-02-2023,Cinnamon Roll,Dessert,DST-05,3,28000,84000,Cash,Take Away
4712,SUN-5492260,21-09-2023,Fudgy Brownies,Dessert,DST-02,4,25000,100000,Cash,Dine in
4713,SUN-9444756,28-01-2023,Espreso Single,Drinks,DRK-01,4,22000,88000,Digital Wallet,Dine in
4714,SUN-2232820,03-05-2023,Choco Lava Cake,Dessert,DST-04,3,35000,105000,Debit Card,Take Away
4715,SUN-1546746,25-05-2023,New York Cheesecake,Dessert,DST-03,2,42000,84000,Debit Card,Online Order
4716,SUN-5523544,28-05-2023,Beef Carbonara Pasta,Food,FOD-02,1,52000,52000,Digital Wallet,Take Away
4717,SUN-2907973,27-02-2023,Cinnamon Roll,Dessert,DST-05,2,28000,56000,Cash,Take Away
4718,SUN-9085708,18-09-2023,Cafe Latte,Drinks,DRK-03,3,32000,96000,Digital Wallet,Take Away
4719,SUN-9217262,20-07-2023,Espreso Single,Drinks,DRK-01,2,22000,44000,Cash,Dine in
4720,SUN-6800118,07-09-2023,Choco Lava Cake,Dessert,DST-04,2,35000,70000,Cash,Dine in
4721,SUN-2717630,08-06-2023,Choco Lava Cake,Dessert,DST-04,1,35000,35000,Digital Wallet,Take Away
4722,SUN-9353590,06-11-2023,Beef Carbonara Pasta,Food,FOD-02,3,52000,156000,Digital Wallet,Online Order
4723,SUN-7825631,09-01-2023,Cafe Latte,Drinks,DRK-03,1,32000,32000,Digital Wallet,Online Order
4724,SUN-8837636,17-10-2023,Creamy Maycha Latte,Drinks,DRK-05,3,35000,105000,Digital Wallet,Online Order
4725,SUN-5746787,30-03-2023,Classic Tirmaisu,Dessert,DST-01,4,38000,152000,Digital Wallet,Online Order
4726,SUN-2862201,02-08-2023,Fudgy Brownies,Dessert,DST-02,1,25000,25000,Debit Card,Online Order
4727,SUN-9748708,25-02-2023,Creamy Maycha Latte,Drinks,DRK-05,1,35000,35000,Cash,Take Away
4728,SUN-3273393,18-05-2023,Iced Americano,Drinks,DRK-02,1,28000,28000,Cash,Dine in
4729,SUN-7807329,07-03-2023,Cafe Latte,Drinks,DRK-03,4,32000,128000,Digital Wallet,Dine in
4730,SUN-7185310,02-05-2023,Club Sandwich,Food,FOD-05,2,45000,90000,Digital Wallet,Dine in
4731,SUN-5176671,27-12-2023,Choco Lava Cake,Dessert,DST-04,1,35000,35000,Cash,Dine in
4732,SUN-1092758,20-08-2023,Classic Tirmaisu,Dessert,DST-01,2,38000,76000,Debit Card,Take Away
4733,SUN-5869536,31-07-2023,New York Cheesecake,Dessert,DST-03,1,42000,42000,Debit Card,Take Away
4734,SUN-5972273,13-03-2023,Cinnamon Roll,Dessert,DST-05,3,28000,84000,Digital Wallet,Take Away
4735,SUN-1808173,12-10-2023,Beef Carbonara Pasta,Food,FOD-02,2,52000,104000,Cash,Take Away
4736,SUN-7006094,04-02-2023,New York Cheesecake,Dessert,DST-03,1,42000,42000,Cash,Take Away
4737,SUN-2396256,21-05-2023,New York Cheesecake,Dessert,DST-03,4,42000,168000,Cash,Dine in
4738,SUN-3089150,06-03-2023,Cafe Latte,Drinks,DRK-03,2,32000,64000,Digital Wallet,Take Away
4739,SUN-9071121,08-03-2023,Club Sandwich,Food,FOD-05,1,45000,45000,Debit Card,Dine in
4740,SUN-5153861,13-08-2023,Iced Americano,Drinks,DRK-02,3,28000,84000,Digital Wallet,Dine in
4741,SUN-4256892,03-05-2023,Buttermilk Fried Chicken,Food,FOD-01,1,48000,48000,Digital Wallet,Online Order
4742,SUN-7192961,15-08-2023,Classic Tirmaisu,Dessert,DST-01,1,38000,38000,Cash,Dine in
4743,SUN-6720014,11-09-2023,Fudgy Brownies,Dessert,DST-02,4,25000,100000,Digital Wallet,Online Order
4744,SUN-5064786,10-03-2023,Cafe Latte,Drinks,DRK-03,3,32000,96000,Cash,Take Away
4745,SUN-7413502,31-05-2023,New York Cheesecake,Dessert,DST-03,4,42000,168000,Debit Card,Take Away
4746,SUN-5398071,13-05-2023,Grill Chicken Caesar Salad,Food,FOD-04,2,42000,84000,Digital Wallet,Take Away
4747,SUN-6286920,04-01-2023,Buttermilk Fried Chicken,Food,FOD-01,2,48000,96000,Cash,Dine in
4748,SUN-6437722,13-12-2023,Club Sandwich,Food,FOD-05,3,45000,135000,Digital Wallet,Online Order
4749,SUN-9561071,22-07-2023,Fudgy Brownies,Dessert,DST-02,2,25000,50000,Debit Card,Take Away
4750,SUN-6778742,20-09-2023,New York Cheesecake,Dessert,DST-03,3,42000,126000,Digital Wallet,Take Away
4751,SUN-4578410,06-07-2023,Caramel Machiato,Drinks,DRK-04,3,38000,114000,Cash,Dine in
4752,SUN-3408581,04-04-2023,Grill Chicken Caesar Salad,Food,FOD-04,3,42000,126000,Cash,Take Away
4753,SUN-5479795,06-09-2023,Buttermilk Fried Chicken,Food,FOD-01,3,48000,144000,Debit Card,Take Away
4754,SUN-9278148,02-08-2023,Fudgy Brownies,Dessert,DST-02,4,25000,100000,Digital Wallet,Online Order
4755,SUN-5807695,11-01-2023,Espreso Single,Drinks,DRK-01,3,22000,66000,Debit Card,Online Order
4756,SUN-6934398,10-11-2023,Creamy Maycha Latte,Drinks,DRK-05,2,35000,70000,Digital Wallet,Online Order
4757,SUN-3533840,21-11-2023,Classic Tirmaisu,Dessert,DST-01,3,38000,114000,Digital Wallet,Dine in
4758,SUN-9956892,11-02-2023,New York Cheesecake,Dessert,DST-03,1,42000,42000,Digital Wallet,Online Order
4759,SUN-5975293,18-06-2023,Cinnamon Roll,Dessert,DST-05,3,28000,84000,Digital Wallet,Online Order
4760,SUN-3377186,20-10-2023,Creamy Maycha Latte,Drinks,DRK-05,4,35000,140000,Cash,Dine in
4761,SUN-8886832,12-05-2023,Buttermilk Fried Chicken,Food,FOD-01,2,48000,96000,Cash,Dine in
4762,SUN-5118383,26-06-2023,Caramel Machiato,Drinks,DRK-04,2,38000,76000,Digital Wallet,Dine in
4763,SUN-3904034,16-04-2023,Cinnamon Roll,Dessert,DST-05,1,28000,28000,Digital Wallet,Online Order
4764,SUN-8964367,22-10-2023,Fudgy Brownies,Dessert,DST-02,4,25000,100000,Debit Card,Online Order
4765,SUN-7348094,07-11-2023,Fudgy Brownies,Dessert,DST-02,4,25000,100000,Debit Card,Dine in
4766,SUN-8501712,09-08-2023,Club Sandwich,Food,FOD-05,4,45000,180000,Digital Wallet,Take Away
4767,SUN-7507038,07-04-2023,New York Cheesecake,Dessert,DST-03,3,42000,126000,Digital Wallet,Online Order
4768,SUN-3541162,30-05-2023,Classic Tirmaisu,Dessert,DST-01,2,38000,76000,Debit Card,Take Away
4769,SUN-1942068,20-04-2023,Buttermilk Fried Chicken,Food,FOD-01,3,48000,144000,Debit Card,Dine in
4770,SUN-2391610,05-01-2023,Fudgy Brownies,Dessert,DST-02,4,25000,100000,Debit Card,Take Away
4771,SUN-4219685,22-11-2023,Fudgy Brownies,Dessert,DST-02,2,25000,50000,Digital Wallet,Take Away
4772,SUN-6831341,21-06-2023,Creamy Maycha Latte,Drinks,DRK-05,2,35000,70000,Cash,Take Away
4773,SUN-3139634,21-06-2023,Grill Chicken Caesar Salad,Food,FOD-04,4,42000,168000,Debit Card,Online Order
4774,SUN-6158733,08-11-2023,New York Cheesecake,Dessert,DST-03,2,42000,84000,Digital Wallet,Dine in
4775,SUN-7253077,18-01-2023,Buttermilk Fried Chicken,Food,FOD-01,3,48000,144000,Debit Card,Online Order
4776,SUN-7357736,25-10-2023,Cinnamon Roll,Dessert,DST-05,1,28000,28000,Debit Card,Take Away
4777,SUN-6450557,14-02-2023,Grill Chicken Caesar Salad,Food,FOD-04,1,42000,42000,Debit Card,Online Order
4778,SUN-6197186,26-03-2023,New York Cheesecake,Dessert,DST-03,2,42000,84000,Debit Card,Take Away
4779,SUN-3932693,03-10-2023,Nasi Goreng Kampung,Food,FOD-03,3,38000,114000,Debit Card,Online Order
4780,SUN-2344052,29-04-2023,Fudgy Brownies,Dessert,DST-02,3,25000,75000,Debit Card,Dine in
4781,SUN-1991750,29-04-2023,New York Cheesecake,Dessert,DST-03,1,42000,42000,Digital Wallet,Take Away
4782,SUN-8637044,09-03-2023,Creamy Maycha Latte,Drinks,DRK-05,3,35000,105000,Digital Wallet,Take Away
4783,SUN-2696336,22-04-2023,Iced Americano,Drinks,DRK-02,2,28000,56000,Digital Wallet,Take Away
4784,SUN-2285056,14-05-2023,Club Sandwich,Food,FOD-05,4,45000,180000,Digital Wallet,Take Away
4785,SUN-2573040,18-04-2023,Espreso Single,Drinks,DRK-01,2,22000,44000,Cash,Take Away
4786,SUN-3968035,22-12-2023,Beef Carbonara Pasta,Food,FOD-02,2,52000,104000,Digital Wallet,Dine in
4787,SUN-7996305,22-12-2023,Beef Carbonara Pasta,Food,FOD-02,1,52000,52000,Cash,Online Order
4788,SUN-9437996,25-06-2023,Beef Carbonara Pasta,Food,FOD-02,1,52000,52000,Cash,Take Away
4789,SUN-4638492,27-06-2023,Beef Carbonara Pasta,Food,FOD-02,1,52000,52000,Debit Card,Dine in
4790,SUN-2485502,21-03-2023,Iced Americano,Drinks,DRK-02,4,28000,112000,Debit Card,Take Away
4791,SUN-9865814,23-11-2023,Caramel Machiato,Drinks,DRK-04,2,38000,76000,Debit Card,Online Order
4792,SUN-9615548,03-04-2023,Iced Americano,Drinks,DRK-02,3,28000,84000,Debit Card,Online Order
4793,SUN-6227346,18-10-2023,Club Sandwich,Food,FOD-05,3,45000,135000,Digital Wallet,Take Away
4794,SUN-2733540,15-12-2023,Classic Tirmaisu,Dessert,DST-01,3,38000,114000,Digital Wallet,Online Order
4795,SUN-4107954,15-10-2023,Beef Carbonara Pasta,Food,FOD-02,3,52000,156000,Digital Wallet,Online Order
4796,SUN-4006865,15-06-2023,Caramel Machiato,Drinks,DRK-04,3,38000,114000,Debit Card,Online Order
4797,SUN-8749528,11-10-2023,New York Cheesecake,Dessert,DST-03,1,42000,42000,Debit Card,Dine in
4798,SUN-6410906,06-11-2023,Iced Americano,Drinks,DRK-02,2,28000,56000,Cash,Dine in
4799,SUN-5409610,22-04-2023,Espreso Single,Drinks,DRK-01,1,22000,22000,Debit Card,Take Away
4800,SUN-6380599,14-07-2023,New York Cheesecake,Dessert,DST-03,1,42000,42000,Digital Wallet,Take Away
4801,SUN-4993929,28-10-2023,Creamy Maycha Latte,Drinks,DRK-05,3,35000,105000,Cash,Take Away
4802,SUN-5958880,17-10-2023,Choco Lava Cake,Dessert,DST-04,2,35000,70000,Digital Wallet,Online Order
4803,SUN-2605457,29-06-2023,Cafe Latte,Drinks,DRK-03,3,32000,96000,Cash,Dine in
4804,SUN-1848771,14-08-2023,Beef Carbonara Pasta,Food,FOD-02,1,52000,52000,Digital Wallet,Online Order
4805,SUN-3661024,05-03-2023,Caramel Machiato,Drinks,DRK-04,1,38000,38000,Digital Wallet,Online Order
4806,SUN-5576609,12-01-2023,Cafe Latte,Drinks,DRK-03,1,32000,32000,Cash,Take Away
4807,SUN-1667619,03-04-2023,Nasi Goreng Kampung,Food,FOD-03,3,38000,114000,Digital Wallet,Take Away
4808,SUN-7593952,26-03-2023,Club Sandwich,Food,FOD-05,4,45000,180000,Digital Wallet,Dine in
4809,SUN-9906275,13-07-2023,Classic Tirmaisu,Dessert,DST-01,3,38000,114000,Cash,Take Away
4810,SUN-5060890,21-04-2023,Beef Carbonara Pasta,Food,FOD-02,2,52000,104000,Debit Card,Dine in
4811,SUN-3752761,25-06-2023,Buttermilk Fried Chicken,Food,FOD-01,4,48000,192000,Cash,Dine in
4812,SUN-2534224,18-11-2023,Iced Americano,Drinks,DRK-02,3,28000,84000,Cash,Dine in
4813,SUN-9822072,27-12-2023,Creamy Maycha Latte,Drinks,DRK-05,4,35000,140000,Debit Card,Dine in
4814,SUN-4923623,23-11-2023,Cafe Latte,Drinks,DRK-03,4,32000,128000,Digital Wallet,Take Away
4815,SUN-4891556,15-08-2023,Grill Chicken Caesar Salad,Food,FOD-04,1,42000,42000,Debit Card,Online Order
4816,SUN-9717535,13-05-2023,Cinnamon Roll,Dessert,DST-05,2,28000,56000,Cash,Dine in
4817,SUN-6744806,15-08-2023,Club Sandwich,Food,FOD-05,1,45000,45000,Debit Card,Online Order
4818,SUN-2797936,14-05-2023,Iced Americano,Drinks,DRK-02,1,28000,28000,Digital Wallet,Dine in
4819,SUN-5486834,20-01-2023,Club Sandwich,Food,FOD-05,2,45000,90000,Cash,Take Away
4820,SUN-5158518,05-11-2023,Cafe Latte,Drinks,DRK-03,2,32000,64000,Debit Card,Dine in
4821,SUN-6143557,25-01-2023,Creamy Maycha Latte,Drinks,DRK-05,4,35000,140000,Cash,Dine in
4822,SUN-6348921,09-09-2023,Grill Chicken Caesar Salad,Food,FOD-04,2,42000,84000,Debit Card,Dine in
4823,SUN-5742599,21-04-2023,Cinnamon Roll,Dessert,DST-04,4,28000,112000,Debit Card,Take Away
4824,SUN-6440121,23-03-2023,Club Sandwich,Food,FOD-05,4,45000,180000,Cash,Take Away
4825,SUN-5726911,13-06-2023,Classic Tirmaisu,Dessert,DST-01,4,38000,152000,Digital Wallet,Take Away
4826,SUN-2851794,04-03-2023,Cafe Latte,Drinks,DRK-03,3,32000,96000,Cash,Online Order
4827,SUN-3592254,06-12-2023,Fudgy Brownies,Dessert,DST-02,1,25000,25000,Debit Card,Take Away
4828,SUN-5243022,26-02-2023,Beef Carbonara Pasta,Food,FOD-02,4,52000,208000,Debit Card,Online Order
4829,SUN-4972678,19-01-2023,Club Sandwich,Food,FOD-05,3,45000,135000,Cash,Dine in
4830,SUN-2223374,15-10-2023,Choco Lava Cake,Dessert,DST-04,1,35000,35000,Cash,Dine in
4831,SUN-1232194,21-09-2023,Espreso Single,Drinks,DRK-01,1,22000,22000,Digital Wallet,Take Away
4832,SUN-1089873,26-09-2023,Beef Carbonara Pasta,Food,FOD-02,3,52000,156000,Debit Card,Online Order
4833,SUN-9238532,15-08-2023,Creamy Maycha Latte,Drinks,DRK-05,2,35000,70000,Digital Wallet,Dine in
4834,SUN-9114682,25-04-2023,Choco Lava Cake,Dessert,DST-04,3,35000,105000,Cash,Dine in
4835,SUN-9126162,31-03-2023,Iced Americano,Drinks,DRK-02,4,28000,112000,Cash,Dine in
4836,SUN-1963581,03-08-2023,Grill Chicken Caesar Salad,Food,FOD-04,2,42000,84000,Digital Wallet,Online Order
4837,SUN-9577030,01-12-2023,Club Sandwich,Food,FOD-05,4,45000,180000,Digital Wallet,Dine in
4838,SUN-9495551,21-03-2023,Grill Chicken Caesar Salad,Food,FOD-04,1,42000,42000,Debit Card,Take Away
4839,SUN-9723942,05-05-2023,Cinnamon Roll,Dessert,DST-05,2,28000,56000,Cash,Dine in
4840,SUN-9184368,05-08-2023,Club Sandwich,Food,FOD-05,4,45000,180000,Digital Wallet,Online Order
4841,SUN-5917276,02-11-2023,Nasi Goreng Kampung,Food,FOD-03,3,38000,114000,Debit Card,Online Order
4842,SUN-8973875,07-03-2023,Iced Americano,Drinks,DRK-02,3,28000,84000,Debit Card,Dine in
4843,SUN-4485773,10-04-2023,Caramel Machiato,Drinks,DRK-04,3,38000,114000,Digital Wallet,Take Away
4844,SUN-2119903,15-05-2023,Grill Chicken Caesar Salad,Food,FOD-04,1,42000,42000,Debit Card,Dine in
4845,SUN-9843191,26-07-2023,Buttermilk Fried Chicken,Food,FOD-01,4,48000,192000,Digital Wallet,Dine in
4846,SUN-8717026,08-10-2023,Grill Chicken Caesar Salad,Food,FOD-04,3,42000,126000,Digital Wallet,Online Order
4847,SUN-3302635,11-10-2023,Caramel Machiato,Drinks,DRK-04,2,38000,76000,Digital Wallet,Take Away
4848,SUN-9330898,24-01-2023,Cafe Latte,Drinks,DRK-03,4,32000,128000,Cash,Dine in
4849,SUN-4266667,12-11-2023,Cafe Latte,Drinks,DRK-03,3,32000,96000,Debit Card,Dine in
4850,SUN-4587982,17-05-2023,Nasi Goreng Kampung,Food,FOD-03,4,38000,152000,Cash,Take Away
4851,SUN-9126377,11-05-2023,Cinnamon Roll,Dessert,DST-05,3,28000,84000,Digital Wallet,Online Order
4852,SUN-4502378,21-01-2023,Caramel Machiato,Drinks,DRK-04,1,38000,38000,Cash,Online Order
4853,SUN-6565346,19-03-2023,Caramel Machiato,Drinks,DRK-04,2,38000,76000,Digital Wallet,Online Order
4854,SUN-2293124,21-12-2023,Club Sandwich,Food,FOD-05,3,45000,135000,Digital Wallet,Take Away
4855,SUN-9970646,27-08-2023,Choco Lava Cake,Dessert,DST-04,1,35000,35000,Debit Card,Dine in
4856,SUN-3017742,05-02-2023,Club Sandwich,Food,FOD-05,3,45000,135000,Debit Card,Dine in
4857,SUN-1956830,22-08-2023,Classic Tirmaisu,Dessert,DST-01,3,38000,114000,Digital Wallet,Online Order
4858,SUN-7515406,23-02-2023,New York Cheesecake,Dessert,DST-03,1,42000,42000,Debit Card,Dine in
4859,SUN-1217038,18-01-2023,Cinnamon Roll,Dessert,DST-04,4,28000,112000,Cash,Online Order
4860,SUN-9290996,11-09-2023,Nasi Goreng Kampung,Food,FOD-03,3,38000,114000,Debit Card,Online Order
4861,SUN-6659957,08-08-2023,Beef Carbonara Pasta,Food,FOD-02,3,52000,156000,Cash,Dine in
4862,SUN-4937061,25-07-2023,Caramel Machiato,Drinks,DRK-04,2,38000,76000,Digital Wallet,Online Order
4863,SUN-9154949,10-12-2023,Choco Lava Cake,Dessert,DST-04,2,35000,70000,Debit Card,Online Order
4864,SUN-4765329,24-10-2023,Classic Tirmaisu,Dessert,DST-01,3,38000,114000,Cash,Dine in
4865,SUN-8767657,31-03-2023,Nasi Goreng Kampung,Food,FOD-03,4,38000,152000,Digital Wallet,Dine in
4866,SUN-3827831,21-08-2023,Cinnamon Roll,Dessert,DST-05,3,28000,84000,Cash,Dine in
4867,SUN-4070938,17-08-2023,Classic Tirmaisu,Dessert,DST-01,2,38000,76000,Cash,Take Away
4868,SUN-2242204,15-08-2023,Cinnamon Roll,Dessert,DST-05,1,28000,28000,Debit Card,Online Order
4869,SUN-1349897,01-12-2023,Creamy Maycha Latte,Drinks,DRK-05,4,35000,140000,Digital Wallet,Online Order
4870,SUN-1110449,26-02-2023,Caramel Machiato,Drinks,DRK-04,3,38000,114000,Debit Card,Online Order
4871,SUN-7697229,21-05-2023,Iced Americano,Drinks,DRK-02,4,28000,112000,Cash,Take Away
4872,SUN-9989454,20-07-2023,New York Cheesecake,Dessert,DST-03,4,42000,168000,Digital Wallet,Take Away
4873,SUN-4584880,26-10-2023,Nasi Goreng Kampung,Food,FOD-03,2,38000,76000,Cash,Dine in
4874,SUN-5011772,20-06-2023,Fudgy Brownies,Dessert,DST-02,4,25000,100000,Cash,Take Away
4875,SUN-6175502,24-11-2023,Iced Americano,Drinks,DRK-02,1,28000,28000,Digital Wallet,Take Away
4876,SUN-2395305,08-04-2023,New York Cheesecake,Dessert,DST-03,1,42000,42000,Cash,Take Away
4877,SUN-6260331,18-01-2023,Cafe Latte,Drinks,DRK-03,3,32000,96000,Digital Wallet,Take Away
4878,SUN-7969472,23-02-2023,Espreso Single,Drinks,DRK-01,4,22000,88000,Debit Card,Dine in
4879,SUN-2591849,17-04-2023,Espreso Single,Drinks,DRK-01,1,22000,22000,Debit Card,Dine in
4880,SUN-5950737,24-12-2023,Grill Chicken Caesar Salad,Food,FOD-04,3,42000,126000,Cash,Take Away
4881,SUN-1558090,30-03-2023,Espreso Single,Drinks,DRK-01,2,22000,44000,Debit Card,Dine in
4882,SUN-2397460,05-04-2023,Classic Tirmaisu,Dessert,DST-01,3,38000,114000,Digital Wallet,Dine in
4883,SUN-1025615,28-11-2023,Classic Tirmaisu,Dessert,DST-01,3,38000,114000,Cash,Dine in
4884,SUN-8325844,16-02-2023,Caramel Machiato,Drinks,DRK-04,2,38000,76000,Debit Card,Online Order
4885,SUN-8209319,08-08-2023,Espreso Single,Drinks,DRK-01,4,22000,88000,Debit Card,Online Order
4886,SUN-5468859,14-10-2023,Iced Americano,Drinks,DRK-02,3,28000,84000,Debit Card,Online Order
4887,SUN-5750472,15-02-2023,Caramel Machiato,Drinks,DRK-04,1,38000,38000,Debit Card,Online Order
4888,SUN-6780618,27-06-2023,Classic Tirmaisu,Dessert,DST-01,2,38000,76000,Cash,Dine in
4889,SUN-3183098,20-05-2023,Caramel Machiato,Drinks,DRK-04,2,38000,76000,Debit Card,Dine in
4890,SUN-3473419,12-10-2023,Choco Lava Cake,Dessert,DST-04,1,35000,35000,Digital Wallet,Take Away
4891,SUN-6217463,10-04-2023,Iced Americano,Drinks,DRK-02,2,28000,56000,Debit Card,Online Order
4892,SUN-2246984,03-03-2023,Iced Americano,Drinks,DRK-02,3,28000,84000,Debit Card,Take Away
4893,SUN-2591111,30-12-2023,Classic Tirmaisu,Dessert,DST-01,3,38000,114000,Cash,Take Away
4894,SUN-2985588,09-04-2023,Caramel Machiato,Drinks,DRK-04,4,38000,152000,Digital Wallet,Dine in
4895,SUN-4164267,18-11-2023,Classic Tirmaisu,Dessert,DST-01,2,38000,76000,Digital Wallet,Online Order
4896,SUN-5825991,29-01-2023,Cinnamon Roll,Dessert,DST-05,1,28000,28000,Digital Wallet,Take Away
4897,SUN-3104384,07-11-2023,New York Cheesecake,Dessert,DST-03,3,42000,126000,Digital Wallet,Dine in
4898,SUN-2535494,01-05-2023,Grill Chicken Caesar Salad,Food,FOD-04,1,42000,42000,Debit Card,Dine in
4899,SUN-4792872,09-02-2023,Caramel Machiato,Drinks,DRK-04,3,38000,114000,Cash,Take Away
4900,SUN-8311760,11-06-2023,Choco Lava Cake,Dessert,DST-04,1,35000,35000,Digital Wallet,Online Order
4901,SUN-2644788,20-05-2023,Cinnamon Roll,Dessert,DST-05,2,28000,56000,Cash,Take Away
4902,SUN-9632591,30-05-2023,Caramel Machiato,Drinks,DRK-04,1,38000,38000,Debit Card,Take Away
4903,SUN-6012560,11-06-2023,Club Sandwich,Food,FOD-05,2,45000,90000,Cash,Dine in
4904,SUN-3914959,05-03-2023,Classic Tirmaisu,Dessert,DST-01,2,38000,76000,Cash,Dine in
4905,SUN-6580656,28-04-2023,Beef Carbonara Pasta,Food,FOD-02,1,52000,52000,Digital Wallet,Dine in
4906,SUN-6439212,05-05-2023,Buttermilk Fried Chicken,Food,FOD-01,3,48000,144000,Digital Wallet,Take Away
4907,SUN-7995842,20-11-2023,Classic Tirmaisu,Dessert,DST-01,1,38000,38000,Cash,Take Away
4908,SUN-1976678,17-10-2023,Classic Tirmaisu,Dessert,DST-01,1,38000,38000,Cash,Take Away
4909,SUN-4970231,16-06-2023,Classic Tirmaisu,Dessert,DST-01,4,38000,152000,Debit Card,Dine in
4910,SUN-8071262,25-02-2023,Choco Lava Cake,Dessert,DST-04,3,35000,105000,Cash,Take Away
4911,SUN-1689672,07-10-2023,Cinnamon Roll,Dessert,DST-05,2,28000,56000,Digital Wallet,Take Away
4912,SUN-2841509,22-01-2023,Buttermilk Fried Chicken,Food,FOD-01,3,48000,144000,Digital Wallet,Online Order
4913,SUN-7832405,01-08-2023,Espreso Single,Drinks,DRK-01,2,22000,44000,Debit Card,Dine in
4914,SUN-4705206,13-09-2023,Iced Americano,Drinks,DRK-02,3,28000,84000,Debit Card,Take Away
4915,SUN-7499007,27-05-2023,Fudgy Brownies,Dessert,DST-02,3,25000,75000,Digital Wallet,Dine in
4916,SUN-6204020,10-04-2023,Choco Lava Cake,Dessert,DST-04,2,35000,70000,Debit Card,Online Order
4917,SUN-1380571,02-02-2023,Grill Chicken Caesar Salad,Food,FOD-04,3,42000,126000,Digital Wallet,Online Order
4918,SUN-8313992,01-02-2023,Choco Lava Cake,Dessert,DST-04,1,35000,35000,Digital Wallet,Dine in
4919,SUN-7884126,09-11-2023,Iced Americano,Drinks,DRK-02,4,28000,112000,Debit Card,Online Order
4920,SUN-9357652,06-09-2023,Fudgy Brownies,Dessert,DST-02,3,25000,75000,Debit Card,Online Order
4921,SUN-5770955,25-06-2023,Nasi Goreng Kampung,Food,FOD-03,1,38000,38000,Digital Wallet,Dine in
4922,SUN-3409184,26-12-2023,Classic Tirmaisu,Dessert,DST-01,1,38000,38000,Debit Card,Online Order
4923,SUN-9968205,27-01-2023,Cinnamon Roll,Dessert,DST-05,3,28000,84000,Digital Wallet,Take Away
4924,SUN-8697016,13-07-2023,Beef Carbonara Pasta,Food,FOD-02,1,52000,52000,Cash,Dine in
4925,SUN-6462669,24-06-2023,Buttermilk Fried Chicken,Food,FOD-01,2,48000,96000,Debit Card,Online Order
4926,SUN-9759852,05-02-2023,Iced Americano,Drinks,DRK-02,3,28000,84000,Debit Card,Take Away
4927,SUN-3423051,17-01-2023,Grill Chicken Caesar Salad,Food,FOD-04,1,42000,42000,Digital Wallet,Take Away
4928,SUN-5854729,10-11-2023,Espreso Single,Drinks,DRK-01,1,22000,22000,Digital Wallet,Online Order
4929,SUN-8026709,27-04-2023,New York Cheesecake,Dessert,DST-03,2,42000,84000,Debit Card,Take Away
4930,SUN-8296109,08-02-2023,Choco Lava Cake,Dessert,DST-04,1,35000,35000,Digital Wallet,Dine in
4931,SUN-2380327,24-11-2023,Espreso Single,Drinks,DRK-01,3,22000,66000,Digital Wallet,Dine in
4932,SUN-7443099,10-03-2023,Fudgy Brownies,Dessert,DST-02,1,25000,25000,Debit Card,Take Away
4933,SUN-2430933,06-05-2023,Classic Tirmaisu,Dessert,DST-01,1,38000,38000,Digital Wallet,Online Order
4934,SUN-1678248,03-08-2023,Nasi Goreng Kampung,Food,FOD-03,4,38000,152000,Debit Card,Dine in
4935,SUN-8753216,02-05-2023,Choco Lava Cake,Dessert,DST-04,3,35000,105000,Digital Wallet,Dine in
4936,SUN-8979369,07-02-2023,Cafe Latte,Drinks,DRK-03,3,32000,96000,Debit Card,Online Order
4937,SUN-3985298,21-04-2023,Choco Lava Cake,Dessert,DST-04,4,35000,140000,Digital Wallet,Dine in
4938,SUN-4776780,18-01-2023,Classic Tirmaisu,Dessert,DST-01,3,38000,114000,Debit Card,Online Order
4939,SUN-5783819,28-07-2023,Caramel Machiato,Drinks,DRK-04,2,38000,76000,Debit Card,Take Away
4940,SUN-9108751,09-04-2023,Buttermilk Fried Chicken,Food,FOD-01,4,48000,192000,Digital Wallet,Take Away
4941,SUN-5220183,02-07-2023,Caramel Machiato,Drinks,DRK-04,3,38000,114000,Cash,Take Away
4942,SUN-6626462,21-08-2023,Beef Carbonara Pasta,Food,FOD-02,4,52000,208000,Debit Card,Dine in
4943,SUN-1094741,20-05-2023,Classic Tirmaisu,Dessert,DST-01,4,38000,152000,Digital Wallet,Take Away
4944,SUN-6339597,10-12-2023,Club Sandwich,Food,FOD-05,4,45000,180000,Debit Card,Online Order
4945,SUN-3091507,08-11-2023,Fudgy Brownies,Dessert,DST-02,2,25000,50000,Debit Card,Online Order
4946,SUN-5496295,22-06-2023,Espreso Single,Drinks,DRK-01,2,22000,44000,Digital Wallet,Take Away
4947,SUN-4987458,20-06-2023,Nasi Goreng Kampung,Food,FOD-03,4,38000,152000,Cash,Dine in
4948,SUN-8637227,18-07-2023,Fudgy Brownies,Dessert,DST-02,2,25000,50000,Digital Wallet,Dine in
4949,SUN-7585414,02-11-2023,Buttermilk Fried Chicken,Food,FOD-01,1,48000,48000,Debit Card,Online Order
4950,SUN-9671249,12-12-2023,New York Cheesecake,Dessert,DST-03,3,42000,126000,Cash,Dine in
4951,SUN-8333752,28-05-2023,Classic Tirmaisu,Dessert,DST-01,4,38000,152000,Debit Card,Online Order
4952,SUN-4006595,03-06-2023,Caramel Machiato,Drinks,DRK-04,4,38000,152000,Digital Wallet,Online Order
4953,SUN-5842976,09-05-2023,Cinnamon Roll,Dessert,DST-04,4,28000,112000,Digital Wallet,Dine in
4954,SUN-9056458,11-07-2023,Cafe Latte,Drinks,DRK-03,4,32000,128000,Debit Card,Online Order
4955,SUN-5708399,06-03-2023,Grill Chicken Caesar Salad,Food,FOD-04,1,42000,42000,Digital Wallet,Dine in
4956,SUN-2013506,29-05-2023,Cafe Latte,Drinks,DRK-03,1,32000,32000,Digital Wallet,Take Away
4957,SUN-8519186,04-07-2023,Club Sandwich,Food,FOD-05,3,45000,135000,Digital Wallet,Online Order
4958,SUN-1744768,14-07-2023,Nasi Goreng Kampung,Food,FOD-03,1,38000,38000,Debit Card,Take Away
4959,SUN-9212241,28-07-2023,New York Cheesecake,Dessert,DST-03,3,42000,126000,Digital Wallet,Dine in
4960,SUN-1147555,08-09-2023,Club Sandwich,Food,FOD-05,4,45000,180000,Digital Wallet,Online Order
4961,SUN-8431503,11-05-2023,Fudgy Brownies,Dessert,DST-02,2,25000,50000,Debit Card,Dine in
4962,SUN-8967954,18-10-2023,Grill Chicken Caesar Salad,Food,FOD-04,4,42000,168000,Cash,Take Away
4963,SUN-8873857,23-02-2023,Club Sandwich,Food,FOD-05,3,45000,135000,Digital Wallet,Online Order
4964,SUN-5732257,28-12-2023,Club Sandwich,Food,FOD-05,1,45000,45000,Cash,Take Away
4965,SUN-7724932,12-07-2023,Classic Tirmaisu,Dessert,DST-01,2,38000,76000,Digital Wallet,Take Away
4966,SUN-6423382,13-08-2023,Fudgy Brownies,Dessert,DST-02,2,25000,50000,Debit Card,Dine in
4967,SUN-2373426,20-09-2023,Fudgy Brownies,Dessert,DST-02,3,25000,75000,Digital Wallet,Dine in
4968,SUN-2062561,10-07-2023,Iced Americano,Drinks,DRK-02,4,28000,112000,Cash,Take Away
4969,SUN-3057014,18-08-2023,Buttermilk Fried Chicken,Food,FOD-01,4,48000,192000,Digital Wallet,Online Order
4970,SUN-7474950,31-07-2023,Cinnamon Roll,Dessert,DST-05,3,28000,84000,Digital Wallet,Online Order
4971,SUN-8134838,07-01-2023,Buttermilk Fried Chicken,Food,FOD-01,2,48000,96000,Cash,Take Away
4972,SUN-2563993,06-05-2023,Espreso Single,Drinks,DRK-01,2,22000,44000,Digital Wallet,Take Away
4973,SUN-3690624,16-05-2023,Creamy Maycha Latte,Drinks,DRK-05,1,35000,35000,Cash,Take Away
4974,SUN-1848728,14-01-2023,Grill Chicken Caesar Salad,Food,FOD-04,4,42000,168000,Debit Card,Online Order
4975,SUN-9918252,03-09-2023,Beef Carbonara Pasta,Food,FOD-02,4,52000,208000,Digital Wallet,Online Order
4976,SUN-2189166,28-09-2023,Nasi Goreng Kampung,Food,FOD-03,4,38000,152000,Digital Wallet,Dine in
4977,SUN-7790836,25-05-2023,Classic Tirmaisu,Dessert,DST-01,3,38000,114000,Debit Card,Take Away
4978,SUN-4863618,14-11-2023,Nasi Goreng Kampung,Food,FOD-03,2,38000,76000,Digital Wallet,Online Order
4979,SUN-4541612,10-06-2023,Beef Carbonara Pasta,Food,FOD-02,2,52000,104000,Cash,Take Away
4980,SUN-5832273,27-06-2023,Beef Carbonara Pasta,Food,FOD-02,4,52000,208000,Digital Wallet,Online Order
4981,SUN-7666360,16-10-2023,Creamy Maycha Latte,Drinks,DRK-05,1,35000,35000,Digital Wallet,Online Order
4982,SUN-3457876,28-01-2023,Espreso Single,Drinks,DRK-01,1,22000,22000,Digital Wallet,Online Order
4983,SUN-6497244,26-02-2023,Classic Tirmaisu,Dessert,DST-01,4,38000,152000,Digital Wallet,Online Order
4984,SUN-5828685,13-11-2023,Cinnamon Roll,Dessert,DST-05,2,28000,56000,Debit Card,Take Away
4985,SUN-6215900,04-03-2023,New York Cheesecake,Dessert,DST-03,3,42000,126000,Digital Wallet,Online Order
4986,SUN-1981790,04-12-2023,Grill Chicken Caesar Salad,Food,FOD-04,3,42000,126000,Digital Wallet,Online Order
4987,SUN-8920310,08-10-2023,Club Sandwich,Food,FOD-05,3,45000,135000,Debit Card,Take Away
4988,SUN-8937595,05-02-2023,Creamy Maycha Latte,Drinks,DRK-05,1,35000,35000,Digital Wallet,Online Order
4989,SUN-9460102,02-12-2023,Iced Americano,Drinks,DRK-02,3,28000,84000,Digital Wallet,Take Away
4990,SUN-7818860,25-10-2023,Club Sandwich,Food,FOD-05,3,45000,135000,Cash,Take Away
4991,SUN-1117361,01-03-2023,New York Cheesecake,Dessert,DST-03,3,42000,126000,Debit Card,Take Away
4992,SUN-8915036,29-01-2023,Cafe Latte,Drinks,DRK-03,1,32000,32000,Debit Card,Take Away
4993,SUN-5016885,22-01-2023,Cinnamon Roll,Dessert,DST-04,4,28000,112000,Debit Card,Dine in
4994,SUN-3434598,10-09-2023,Nasi Goreng Kampung,Food,FOD-03,4,38000,152000,Debit Card,Dine in
4995,SUN-6065988,26-10-2023,Beef Carbonara Pasta,Food,FOD-02,4,52000,208000,Debit Card,Online Order
4996,SUN-2029790,24-05-2023,Caramel Machiato,Drinks,DRK-04,3,38000,114000,Debit Card,Dine in
4997,SUN-5705644,26-07-2023,Cinnamon Roll,Dessert,DST-05,1,28000,28000,Digital Wallet,Dine in
4998,SUN-6901378,30-01-2023,Creamy Maycha Latte,Drinks,DRK-05,2,35000,70000,Cash,Take Away
4999,SUN-4761120,31-03-2023,Espreso Single,Drinks,DRK-01,1,22000,22000,Digital Wallet,Dine in
5000,SUN-7289406,26-09-2023,Grill Chicken Caesar Salad,Food,FOD-04,3,42000,126000,Debit Card,Online Order
5001,SUN-1569290,18-01-2023,Creamy Maycha Latte,Drinks,DRK-05,4,35000,140000,Digital Wallet,Take Away
5002,SUN-5309756,14-01-2023,Creamy Maycha Latte,Drinks,DRK-05,4,35000,140000,Digital Wallet,Take Away
5003,SUN-2116826,20-07-2023,Beef Carbonara Pasta,Food,FOD-02,4,52000,208000,Digital Wallet,Dine in
5004,SUN-6032735,26-01-2023,Cafe Latte,Drinks,DRK-03,4,32000,128000,Debit Card,Online Order
5005,SUN-7963464,25-02-2023,Club Sandwich,Food,FOD-05,3,45000,135000,Digital Wallet,Dine in
5006,SUN-5376269,27-09-2023,Nasi Goreng Kampung,Food,FOD-03,4,38000,152000,Digital Wallet,Online Order
5007,SUN-8114926,25-11-2023,Caramel Machiato,Drinks,DRK-04,2,38000,76000,Digital Wallet,Take Away
5008,SUN-9897703,18-02-2023,Club Sandwich,Food,FOD-05,1,45000,45000,Debit Card,Take Away
5009,SUN-2622975,27-11-2023,Fudgy Brownies,Dessert,DST-02,4,25000,100000,Debit Card,Online Order
5010,SUN-9603014,20-12-2023,Fudgy Brownies,Dessert,DST-02,3,25000,75000,Digital Wallet,Take Away
5011,SUN-3758930,26-09-2023,Creamy Maycha Latte,Drinks,DRK-05,2,35000,70000,Debit Card,Online Order
5012,SUN-4158606,13-04-2023,Grill Chicken Caesar Salad,Food,FOD-04,1,42000,42000,Debit Card,Take Away
5013,SUN-3965428,25-12-2023,Nasi Goreng Kampung,Food,FOD-03,4,38000,152000,Debit Card,Online Order
5014,SUN-5164237,11-02-2023,New York Cheesecake,Dessert,DST-03,3,42000,126000,Digital Wallet,Dine in
5015,SUN-7112705,22-04-2023,Creamy Maycha Latte,Drinks,DRK-05,4,35000,140000,Debit Card,Online Order
5016,SUN-2160283,06-08-2023,Choco Lava Cake,Dessert,DST-04,4,35000,140000,Digital Wallet,Dine in
5017,SUN-5842849,13-02-2023,Buttermilk Fried Chicken,Food,FOD-01,3,48000,144000,Digital Wallet,Dine in
5018,SUN-4134165,03-01-2023,Choco Lava Cake,Dessert,DST-04,2,35000,70000,Digital Wallet,Dine in
5019,SUN-1429206,23-08-2023,Choco Lava Cake,Dessert,DST-04,3,35000,105000,Digital Wallet,Take Away
5020,SUN-6632295,28-11-2023,Iced Americano,Drinks,DRK-02,3,28000,84000,Cash,Take Away
5021,SUN-4986403,31-03-2023,Iced Americano,Drinks,DRK-02,2,28000,56000,Debit Card,Take Away
5022,SUN-7741642,15-04-2023,Beef Carbonara Pasta,Food,FOD-02,1,52000,52000,Debit Card,Online Order
5023,SUN-5855025,11-09-2023,Fudgy Brownies,Dessert,DST-02,3,25000,75000,Cash,Take Away
5024,SUN-5602443,15-07-2023,Iced Americano,Drinks,DRK-02,1,28000,28000,Digital Wallet,Take Away
5025,SUN-1624361,27-01-2023,Nasi Goreng Kampung,Food,FOD-03,2,38000,76000,Digital Wallet,Take Away
5026,SUN-8693655,30-10-2023,Cinnamon Roll,Dessert,DST-05,3,28000,84000,Debit Card,Online Order
5027,SUN-7036783,05-05-2023,Caramel Machiato,Drinks,DRK-04,1,38000,38000,Debit Card,Dine in
5028,SUN-1730034,05-09-2023,Iced Americano,Drinks,DRK-02,2,28000,56000,Debit Card,Online Order
5029,SUN-1409831,29-08-2023,Choco Lava Cake,Dessert,DST-04,4,35000,140000,Digital Wallet,Take Away
5030,SUN-9286341,11-12-2023,Espreso Single,Drinks,DRK-01,3,22000,66000,Debit Card,Take Away
5031,SUN-4561978,08-12-2023,Choco Lava Cake,Dessert,DST-04,1,35000,35000,Debit Card,Online Order
5032,SUN-9269462,12-11-2023,Cinnamon Roll,Dessert,DST-05,3,28000,84000,Cash,Dine in
5033,SUN-7618425,01-02-2023,Club Sandwich,Food,FOD-05,4,45000,180000,Cash,Take Away
5034,SUN-9276586,24-07-2023,Club Sandwich,Food,FOD-05,4,45000,180000,Digital Wallet,Take Away
5035,SUN-8597310,14-06-2023,Nasi Goreng Kampung,Food,FOD-03,4,38000,152000,Digital Wallet,Online Order
5036,SUN-1062536,18-07-2023,Classic Tirmaisu,Dessert,DST-01,3,38000,114000,Digital Wallet,Dine in
5037,SUN-9342777,12-12-2023,Fudgy Brownies,Dessert,DST-02,3,25000,75000,Digital Wallet,Dine in
5038,SUN-1898537,27-09-2023,Grill Chicken Caesar Salad,Food,FOD-04,1,42000,42000,Digital Wallet,Online Order
5039,SUN-2902668,20-01-2023,Beef Carbonara Pasta,Food,FOD-02,2,52000,104000,Cash,Dine in
5040,SUN-3929143,28-12-2023,Grill Chicken Caesar Salad,Food,FOD-04,3,42000,126000,Debit Card,Online Order
5041,SUN-5749402,16-06-2023,Espreso Single,Drinks,DRK-01,1,22000,22000,Debit Card,Online Order
5042,SUN-7947908,09-07-2023,Iced Americano,Drinks,DRK-02,2,28000,56000,Cash,Take Away
5043,SUN-5610219,30-09-2023,Creamy Maycha Latte,Drinks,DRK-05,4,35000,140000,Digital Wallet,Online Order
5044,SUN-8476883,11-03-2023,Club Sandwich,Food,FOD-05,2,45000,90000,Debit Card,Online Order
5045,SUN-6899159,25-06-2023,Cafe Latte,Drinks,DRK-03,4,32000,128000,Cash,Take Away
5046,SUN-9731443,27-07-2023,Beef Carbonara Pasta,Food,FOD-02,2,52000,104000,Debit Card,Online Order
5047,SUN-1562505,08-11-2023,Caramel Machiato,Drinks,DRK-04,1,38000,38000,Digital Wallet,Dine in
5048,SUN-5583640,18-09-2023,Buttermilk Fried Chicken,Food,FOD-01,2,48000,96000,Digital Wallet,Online Order
5049,SUN-2474273,28-05-2023,Classic Tirmaisu,Dessert,DST-01,3,38000,114000,Digital Wallet,Take Away
5050,SUN-1795425,28-01-2023,Club Sandwich,Food,FOD-05,2,45000,90000,Debit Card,Online Order
5051,SUN-3942472,22-04-2023,New York Cheesecake,Dessert,DST-03,1,42000,42000,Cash,Dine in
5052,SUN-4046638,09-12-2023,Cafe Latte,Drinks,DRK-03,4,32000,128000,Debit Card,Take Away
5053,SUN-2911378,10-01-2023,Creamy Maycha Latte,Drinks,DRK-05,3,35000,105000,Digital Wallet,Online Order
5054,SUN-4519717,29-12-2023,Nasi Goreng Kampung,Food,FOD-03,1,38000,38000,Digital Wallet,Online Order
5055,SUN-3348054,29-06-2023,Buttermilk Fried Chicken,Food,FOD-01,2,48000,96000,Digital Wallet,Online Order
5056,SUN-7263837,11-06-2023,Classic Tirmaisu,Dessert,DST-01,1,38000,38000,Debit Card,Online Order
5057,SUN-7284407,24-12-2023,Cafe Latte,Drinks,DRK-03,2,32000,64000,Cash,Take Away
5058,SUN-7255209,24-12-2023,Cinnamon Roll,Dessert,DST-05,3,28000,84000,Debit Card,Online Order
5059,SUN-3842265,30-11-2023,Beef Carbonara Pasta,Food,FOD-02,3,52000,156000,Debit Card,Online Order
5060,SUN-3710856,13-12-2023,Espreso Single,Drinks,DRK-01,2,22000,44000,Digital Wallet,Take Away
5061,SUN-2034152,01-01-2023,Classic Tirmaisu,Dessert,DST-01,2,38000,76000,Digital Wallet,Take Away
5062,SUN-1165605,16-11-2023,Creamy Maycha Latte,Drinks,DRK-05,3,35000,105000,Debit Card,Dine in
5063,SUN-7565013,12-01-2023,New York Cheesecake,Dessert,DST-03,1,42000,42000,Debit Card,Dine in
5064,SUN-4943233,11-02-2023,New York Cheesecake,Dessert,DST-03,3,42000,126000,Cash,Take Away
5065,SUN-8229814,22-01-2023,Fudgy Brownies,Dessert,DST-02,1,25000,25000,Debit Card,Take Away
5066,SUN-3378403,10-08-2023,Beef Carbonara Pasta,Food,FOD-02,4,52000,208000,Digital Wallet,Online Order
5067,SUN-5333117,10-11-2023,Cinnamon Roll,Dessert,DST-05,4,28000,112000,Debit Card,Dine in
5068,SUN-8243084,09-03-2023,Grill Chicken Caesar Salad,Food,FOD-04,2,42000,84000,Debit Card,Online Order
5069,SUN-6189360,13-05-2023,Nasi Goreng Kampung,Food,FOD-03,3,38000,114000,Debit Card,Dine in
5070,SUN-7232941,20-05-2023,Caramel Machiato,Drinks,DRK-04,1,38000,38000,Digital Wallet,Dine in
5071,SUN-9807349,11-04-2023,Caramel Machiato,Drinks,DRK-04,2,38000,76000,Debit Card,Take Away
5072,SUN-9075205,08-06-2023,Grill Chicken Caesar Salad,Food,FOD-04,3,42000,126000,Digital Wallet,Online Order
5073,SUN-3501931,29-09-2023,Caramel Machiato,Drinks,DRK-04,2,38000,76000,Digital Wallet,Take Away
5074,SUN-7708934,08-09-2023,New York Cheesecake,Dessert,DST-03,3,42000,126000,Digital Wallet,Online Order
5075,SUN-1939002,04-05-2023,Buttermilk Fried Chicken,Food,FOD-01,3,48000,144000,Digital Wallet,Take Away
5076,SUN-9955597,25-04-2023,Buttermilk Fried Chicken,Food,FOD-01,1,48000,48000,Cash,Dine in
5077,SUN-2165517,20-05-2023,Creamy Maycha Latte,Drinks,DRK-05,1,35000,35000,Cash,Dine in
5078,SUN-9911052,04-05-2023,New York Cheesecake,Dessert,DST-03,4,42000,168000,Debit Card,Online Order
5079,SUN-5582395,12-09-2023,Classic Tirmaisu,Dessert,DST-01,4,38000,152000,Digital Wallet,Take Away
5080,SUN-1700064,27-12-2023,Caramel Machiato,Drinks,DRK-04,2,38000,76000,Debit Card,Dine in
5081,SUN-4068439,22-11-2023,Espreso Single,Drinks,DRK-01,3,22000,66000,Debit Card,Online Order
5082,SUN-5753039,14-02-2023,New York Cheesecake,Dessert,DST-03,2,42000,84000,Digital Wallet,Online Order
5083,SUN-7848871,06-03-2023,Club Sandwich,Food,FOD-05,2,45000,90000,Digital Wallet,Take Away
5084,SUN-8399649,16-01-2023,Buttermilk Fried Chicken,Food,FOD-01,4,48000,192000,Debit Card,Online Order
5085,SUN-8487969,16-03-2023,Cinnamon Roll,Dessert,DST-05,1,28000,28000,Digital Wallet,Online Order
5086,SUN-1482441,06-09-2023,Creamy Maycha Latte,Drinks,DRK-05,3,35000,105000,Cash,Dine in
5087,SUN-9350344,14-03-2023,Club Sandwich,Food,FOD-05,4,45000,180000,Digital Wallet,Dine in
5088,SUN-1920182,02-08-2023,Creamy Maycha Latte,Drinks,DRK-05,4,35000,140000,Debit Card,Online Order
5089,SUN-1219981,11-12-2023,Cafe Latte,Drinks,DRK-03,1,32000,32000,Debit Card,Take Away
5090,SUN-9982152,01-09-2023,Espreso Single,Drinks,DRK-01,3,22000,66000,Debit Card,Dine in
5091,SUN-6078897,24-07-2023,Caramel Machiato,Drinks,DRK-04,4,38000,152000,Digital Wallet,Online Order
5092,SUN-4298863,12-12-2023,Grill Chicken Caesar Salad,Food,FOD-04,4,42000,168000,Debit Card,Dine in
5093,SUN-5513996,12-07-2023,Espreso Single,Drinks,DRK-01,3,22000,66000,Cash,Dine in
5094,SUN-9514084,06-06-2023,Cinnamon Roll,Dessert,DST-05,4,28000,112000,Digital Wallet,Dine in
5095,SUN-4493027,11-03-2023,New York Cheesecake,Dessert,DST-03,3,42000,126000,Digital Wallet,Online Order
5096,SUN-1467811,13-06-2023,Beef Carbonara Pasta,Food,FOD-02,3,52000,156000,Digital Wallet,Online Order
5097,SUN-6631130,12-11-2023,Choco Lava Cake,Dessert,DST-04,2,35000,70000,Debit Card,Dine in
5098,SUN-7893638,16-11-2023,Cinnamon Roll,Dessert,DST-05,3,28000,84000,Cash,Dine in
5099,SUN-9411479,19-04-2023,Choco Lava Cake,Dessert,DST-04,2,35000,70000,Digital Wallet,Take Away
5100,SUN-1805427,30-12-2023,Grill Chicken Caesar Salad,Food,FOD-04,2,42000,84000,Debit Card,Online Order
5101,SUN-3270773,15-08-2023,Espreso Single,Drinks,DRK-01,3,22000,66000,Digital Wallet,Online Order
5102,SUN-7515820,04-10-2023,Cafe Latte,Drinks,DRK-03,3,32000,96000,Digital Wallet,Online Order
5103,SUN-4713975,21-03-2023,Cinnamon Roll,Dessert,DST-05,4,28000,112000,Digital Wallet,Dine in
5104,SUN-4832633,20-09-2023,Cafe Latte,Drinks,DRK-03,3,32000,96000,Digital Wallet,Online Order
5105,SUN-8401488,07-07-2023,Espreso Single,Drinks,DRK-01,1,22000,22000,Debit Card,Online Order
5106,SUN-1829239,08-01-2023,Fudgy Brownies,Dessert,DST-02,2,25000,50000,Debit Card,Online Order
5107,SUN-2836608,02-10-2023,Classic Tirmaisu,Dessert,DST-01,4,38000,152000,Digital Wallet,Online Order
5108,SUN-7901349,19-01-2023,Iced Americano,Drinks,DRK-02,4,28000,112000,Digital Wallet,Online Order
5109,SUN-4405074,06-03-2023,Choco Lava Cake,Dessert,DST-04,2,35000,70000,Digital Wallet,Online Order
5110,SUN-4893648,22-08-2023,Creamy Maycha Latte,Drinks,DRK-05,1,35000,35000,Digital Wallet,Online Order
5111,SUN-4733076,18-12-2023,Creamy Maycha Latte,Drinks,DRK-05,3,35000,105000,Cash,Dine in
5112,SUN-7041891,24-05-2023,Cinnamon Roll,Dessert,DST-05,3,28000,84000,Digital Wallet,Dine in
5113,SUN-2892513,06-11-2023,Caramel Machiato,Drinks,DRK-04,3,38000,114000,Debit Card,Online Order
5114,SUN-8560152,02-10-2023,Classic Tirmaisu,Dessert,DST-01,1,38000,38000,Digital Wallet,Online Order
5115,SUN-8326566,14-09-2023,Iced Americano,Drinks,DRK-02,3,28000,84000,Digital Wallet,Online Order
5116,SUN-4457646,11-03-2023,Caramel Machiato,Drinks,DRK-04,4,38000,152000,Digital Wallet,Take Away
5117,SUN-1662412,03-10-2023,Espreso Single,Drinks,DRK-01,2,22000,44000,Debit Card,Dine in
5118,SUN-8836035,31-01-2023,Iced Americano,Drinks,DRK-02,2,28000,56000,Cash,Dine in
5119,SUN-3482837,14-04-2023,Club Sandwich,Food,FOD-05,3,45000,135000,Debit Card,Take Away
5120,SUN-4237843,09-10-2023,Grill Chicken Caesar Salad,Food,FOD-04,3,42000,126000,Debit Card,Online Order
5121,SUN-3023653,03-02-2023,Club Sandwich,Food,FOD-05,2,45000,90000,Digital Wallet,Take Away
5122,SUN-1428262,15-10-2023,Grill Chicken Caesar Salad,Food,FOD-04,2,42000,84000,Debit Card,Dine in
5123,SUN-3406992,29-04-2023,Fudgy Brownies,Dessert,DST-02,2,25000,50000,Debit Card,Dine in
5124,SUN-6232236,02-07-2023,Fudgy Brownies,Dessert,DST-02,2,25000,50000,Cash,Dine in
5125,SUN-1185264,18-02-2023,Iced Americano,Drinks,DRK-02,3,28000,84000,Digital Wallet,Take Away
5126,SUN-6149824,10-03-2023,Creamy Maycha Latte,Drinks,DRK-05,2,35000,70000,Cash,Dine in
5127,SUN-9035226,03-05-2023,Grill Chicken Caesar Salad,Food,FOD-04,4,42000,168000,Digital Wallet,Take Away
5128,SUN-2931907,06-12-2023,Classic Tirmaisu,Dessert,DST-01,1,38000,38000,Debit Card,Dine in
5129,SUN-1494182,08-10-2023,Club Sandwich,Food,FOD-05,1,45000,45000,Cash,Take Away
5130,SUN-1341359,06-01-2023,Nasi Goreng Kampung,Food,FOD-03,4,38000,152000,Digital Wallet,Dine in
5131,SUN-4543906,04-03-2023,Caramel Machiato,Drinks,DRK-04,1,38000,38000,Digital Wallet,Take Away
5132,SUN-1528960,03-09-2023,New York Cheesecake,Dessert,DST-03,4,42000,168000,Digital Wallet,Online Order
5133,SUN-5468550,28-01-2023,Espreso Single,Drinks,DRK-01,2,22000,44000,Debit Card,Online Order
5134,SUN-3210994,11-02-2023,New York Cheesecake,Dessert,DST-03,4,42000,168000,Debit Card,Online Order
5135,SUN-2077513,22-10-2023,Fudgy Brownies,Dessert,DST-02,2,25000,50000,Digital Wallet,Dine in
5136,SUN-5270658,13-01-2023,Buttermilk Fried Chicken,Food,FOD-01,2,48000,96000,Cash,Take Away
5137,SUN-5615016,07-12-2023,Grill Chicken Caesar Salad,Food,FOD-04,3,42000,126000,Cash,Dine in
5138,SUN-1733208,22-11-2023,Nasi Goreng Kampung,Food,FOD-03,3,38000,114000,Debit Card,Dine in
5139,SUN-6279898,30-05-2023,Espreso Single,Drinks,DRK-01,2,22000,44000,Debit Card,Take Away
5140,SUN-9035520,04-08-2023,Nasi Goreng Kampung,Food,FOD-03,2,38000,76000,Digital Wallet,Take Away
5141,SUN-2002084,20-03-2023,Caramel Machiato,Drinks,DRK-04,3,38000,114000,Digital Wallet,Dine in
5142,SUN-8415217,23-10-2023,Espreso Single,Drinks,DRK-01,4,22000,88000,Digital Wallet,Dine in
5143,SUN-6565949,20-11-2023,Beef Carbonara Pasta,Food,FOD-02,2,52000,104000,Debit Card,Take Away
5144,SUN-6110914,14-09-2023,Buttermilk Fried Chicken,Food,FOD-01,2,48000,96000,Digital Wallet,Take Away
5145,SUN-4939044,21-01-2023,Grill Chicken Caesar Salad,Food,FOD-04,1,42000,42000,Digital Wallet,Online Order
5146,SUN-3414680,30-09-2023,Choco Lava Cake,Dessert,DST-04,1,35000,35000,Digital Wallet,Take Away
5147,SUN-9837768,07-05-2023,Cinnamon Roll,Dessert,DST-05,2,28000,56000,Debit Card,Online Order
5148,SUN-7504741,23-05-2023,New York Cheesecake,Dessert,DST-03,2,42000,84000,Digital Wallet,Take Away
5149,SUN-3316307,21-10-2023,Club Sandwich,Food,FOD-05,4,45000,180000,Debit Card,Online Order
5150,SUN-4892522,14-09-2023,Cafe Latte,Drinks,DRK-03,1,32000,32000,Digital Wallet,Online Order
5151,SUN-9357898,24-09-2023,Cafe Latte,Drinks,DRK-03,2,32000,64000,Digital Wallet,Online Order
5152,SUN-8713869,09-03-2023,Fudgy Brownies,Dessert,DST-02,2,25000,50000,Digital Wallet,Dine in
5153,SUN-7256021,06-10-2023,Creamy Maycha Latte,Drinks,DRK-05,3,35000,105000,Digital Wallet,Online Order
5154,SUN-1373395,28-04-2023,Caramel Machiato,Drinks,DRK-04,3,38000,114000,Cash,Dine in
5155,SUN-2174794,25-06-2023,Cafe Latte,Drinks,DRK-03,2,32000,64000,Debit Card,Take Away
5156,SUN-9138762,24-10-2023,Nasi Goreng Kampung,Food,FOD-03,3,38000,114000,Debit Card,Online Order
5157,SUN-9532410,14-09-2023,Classic Tirmaisu,Dessert,DST-01,1,38000,38000,Debit Card,Online Order
5158,SUN-8896131,15-11-2023,Fudgy Brownies,Dessert,DST-02,2,25000,50000,Cash,Take Away
5159,SUN-4454935,22-04-2023,Cafe Latte,Drinks,DRK-03,4,32000,128000,Cash,Dine in
5160,SUN-2257411,05-09-2023,Espreso Single,Drinks,DRK-01,2,22000,44000,Digital Wallet,Online Order
5161,SUN-1595014,12-11-2023,Cinnamon Roll,Dessert,DST-05,3,28000,84000,Cash,Take Away
5162,SUN-6839396,03-05-2023,Club Sandwich,Food,FOD-05,4,45000,180000,Digital Wallet,Dine in
5163,SUN-4805755,15-10-2023,New York Cheesecake,Dessert,DST-03,1,42000,42000,Debit Card,Dine in
5164,SUN-1665613,11-01-2023,Classic Tirmaisu,Dessert,DST-01,2,38000,76000,Debit Card,Online Order
5165,SUN-2190907,10-12-2023,Club Sandwich,Food,FOD-05,4,45000,180000,Cash,Take Away
5166,SUN-3565421,08-09-2023,Caramel Machiato,Drinks,DRK-04,4,38000,152000,Digital Wallet,Dine in
5167,SUN-4214796,07-10-2023,Beef Carbonara Pasta,Food,FOD-02,4,52000,208000,Digital Wallet,Take Away
5168,SUN-6108019,25-09-2023,Grill Chicken Caesar Salad,Food,FOD-04,3,42000,126000,Digital Wallet,Online Order
5169,SUN-4941299,23-09-2023,Cinnamon Roll,Dessert,DST-05,1,28000,28000,Debit Card,Online Order
5170,SUN-9580654,03-05-2023,Caramel Machiato,Drinks,DRK-04,2,38000,76000,Debit Card,Take Away
5171,SUN-9427894,11-03-2023,Caramel Machiato,Drinks,DRK-04,3,38000,114000,Debit Card,Dine in
5172,SUN-6493668,21-05-2023,Cinnamon Roll,Dessert,DST-05,3,28000,84000,Cash,Take Away
5173,SUN-4943091,27-07-2023,New York Cheesecake,Dessert,DST-03,4,42000,168000,Digital Wallet,Online Order
5174,SUN-5289066,09-05-2023,Espreso Single,Drinks,DRK-01,1,22000,22000,Digital Wallet,Dine in
5175,SUN-6597758,28-01-2023,Classic Tirmaisu,Dessert,DST-01,2,38000,76000,Debit Card,Dine in
5176,SUN-7467802,09-03-2023,Grill Chicken Caesar Salad,Food,FOD-04,1,42000,42000,Cash,Dine in
5177,SUN-5242096,01-12-2023,Espreso Single,Drinks,DRK-01,2,22000,44000,Debit Card,Take Away
5178,SUN-1514377,19-12-2023,Classic Tirmaisu,Dessert,DST-01,3,38000,114000,Cash,Dine in
5179,SUN-1234667,19-10-2023,Buttermilk Fried Chicken,Food,FOD-01,4,48000,192000,Cash,Dine in
5180,SUN-4796959,18-04-2023,Cinnamon Roll,Dessert,DST-05,3,28000,84000,Debit Card,Take Away
5181,SUN-1440063,15-07-2023,Caramel Machiato,Drinks,DRK-04,3,38000,114000,Digital Wallet,Take Away
5182,SUN-5797790,26-01-2023,Fudgy Brownies,Dessert,DST-02,2,25000,50000,Digital Wallet,Dine in
5183,SUN-8469013,31-10-2023,Beef Carbonara Pasta,Food,FOD-02,4,52000,208000,Cash,Dine in
5184,SUN-8750685,11-07-2023,Grill Chicken Caesar Salad,Food,FOD-04,4,42000,168000,Debit Card,Dine in
5185,SUN-8141744,14-11-2023,Cinnamon Roll,Dessert,DST-05,4,28000,112000,Digital Wallet,Online Order
5186,SUN-4762349,26-03-2023,Grill Chicken Caesar Salad,Food,FOD-04,1,42000,42000,Debit Card,Online Order
5187,SUN-9212970,11-05-2023,Choco Lava Cake,Dessert,DST-04,4,35000,140000,Digital Wallet,Take Away
5188,SUN-5091978,23-08-2023,Nasi Goreng Kampung,Food,FOD-03,2,38000,76000,Cash,Online Order
5189,SUN-6729196,03-09-2023,Espreso Single,Drinks,DRK-01,3,22000,66000,Digital Wallet,Dine in
5190,SUN-3683875,05-03-2023,Iced Americano,Drinks,DRK-02,2,28000,56000,Digital Wallet,Take Away
5191,SUN-3432301,18-02-2023,Classic Tirmaisu,Dessert,DST-01,2,38000,76000,Cash,Take Away
5192,SUN-1533857,08-08-2023,Creamy Maycha Latte,Drinks,DRK-05,2,35000,70000,Cash,Take Away
5193,SUN-3920681,19-01-2023,Classic Tirmaisu,Dessert,DST-01,4,38000,152000,Debit Card,Online Order
5194,SUN-6283830,16-10-2023,Iced Americano,Drinks,DRK-02,4,28000,112000,Debit Card,Online Order
5195,SUN-9337244,10-10-2023,Buttermilk Fried Chicken,Food,FOD-01,1,48000,48000,Digital Wallet,Online Order
5196,SUN-9181273,23-04-2023,Choco Lava Cake,Dessert,DST-04,4,35000,140000,Debit Card,Dine in
5197,SUN-3564584,21-03-2023,Iced Americano,Drinks,DRK-02,1,28000,28000,Digital Wallet,Take Away
5198,SUN-8184274,31-01-2023,Espreso Single,Drinks,DRK-01,4,22000,88000,Cash,Dine in
5199,SUN-9975662,28-05-2023,Creamy Maycha Latte,Drinks,DRK-05,4,35000,140000,Cash,Online Order
5200,SUN-4833913,06-11-2023,Choco Lava Cake,Dessert,DST-04,1,35000,35000,Debit Card,Take Away
5201,SUN-7964976,28-06-2023,Choco Lava Cake,Dessert,DST-04,1,35000,35000,Digital Wallet,Online Order
5202,SUN-5887261,07-02-2023,Buttermilk Fried Chicken,Food,FOD-01,2,48000,96000,Cash,Dine in
5203,SUN-7706146,11-12-2023,Club Sandwich,Food,FOD-05,4,45000,180000,Cash,Take Away
5204,SUN-2658491,27-01-2023,Iced Americano,Drinks,DRK-02,2,28000,56000,Cash,Dine in
5205,SUN-2946146,11-10-2023,Cinnamon Roll,Dessert,DST-05,1,28000,28000,Debit Card,Online Order
5206,SUN-6682652,28-10-2023,Classic Tirmaisu,Dessert,DST-01,3,38000,114000,Debit Card,Online Order
5207,SUN-3059743,20-07-2023,Cinnamon Roll,Dessert,DST-05,1,28000,28000,Debit Card,Online Order
5208,SUN-4439603,24-01-2023,Buttermilk Fried Chicken,Food,FOD-01,2,48000,96000,Cash,Dine in
5209,SUN-1673994,23-10-2023,Club Sandwich,Food,FOD-05,1,45000,45000,Cash,Take Away
5210,SUN-4535325,09-02-2023,Nasi Goreng Kampung,Food,FOD-03,2,38000,76000,Cash,Dine in
5211,SUN-9624369,01-04-2023,Club Sandwich,Food,FOD-05,4,45000,180000,Debit Card,Dine in
5212,SUN-4804284,25-12-2023,Cinnamon Roll,Dessert,DST-04,1,28000,28000,Digital Wallet,Online Order
5213,SUN-2980917,01-02-2023,Espreso Single,Drinks,DRK-01,4,22000,88000,Digital Wallet,Dine in
5214,SUN-7802380,13-02-2023,New York Cheesecake,Dessert,DST-03,2,42000,84000,Digital Wallet,Online Order
5215,SUN-7357485,04-04-2023,Nasi Goreng Kampung,Food,FOD-03,1,38000,38000,Debit Card,Dine in
5216,SUN-2970414,03-09-2023,Iced Americano,Drinks,DRK-02,4,28000,112000,Cash,Take Away
5217,SUN-7454703,06-08-2023,Grill Chicken Caesar Salad,Food,FOD-04,3,42000,126000,Digital Wallet,Online Order
5218,SUN-6983462,23-03-2023,Grill Chicken Caesar Salad,Food,FOD-04,2,42000,84000,Cash,Take Away
5219,SUN-1790071,03-05-2023,Club Sandwich,Food,FOD-05,1,45000,45000,Debit Card,Take Away
5220,SUN-4059994,06-12-2023,Creamy Maycha Latte,Drinks,DRK-05,3,35000,105000,Debit Card,Online Order
5221,SUN-1078203,27-12-2023,Caramel Machiato,Drinks,DRK-04,4,38000,152000,Debit Card,Online Order
5222,SUN-9112035,30-12-2023,Cinnamon Roll,Dessert,DST-05,1,28000,28000,Digital Wallet,Dine in
5223,SUN-4886810,21-07-2023,Nasi Goreng Kampung,Food,FOD-03,1,38000,38000,Cash,Dine in
5224,SUN-6133548,14-09-2023,Beef Carbonara Pasta,Food,FOD-02,2,52000,104000,Digital Wallet,Take Away
5225,SUN-8122656,27-07-2023,Grill Chicken Caesar Salad,Food,FOD-04,2,42000,84000,Cash,Dine in
5226,SUN-4645122,02-08-2023,Espreso Single,Drinks,DRK-01,2,22000,44000,Digital Wallet,Dine in
5227,SUN-6236033,28-09-2023,Grill Chicken Caesar Salad,Food,FOD-04,2,42000,84000,Digital Wallet,Take Away
5228,SUN-9003093,11-08-2023,Iced Americano,Drinks,DRK-02,2,28000,56000,Debit Card,Dine in
5229,SUN-2841383,07-07-2023,Fudgy Brownies,Dessert,DST-02,4,25000,100000,Cash,Dine in
5230,SUN-9747139,06-05-2023,Club Sandwich,Food,FOD-05,4,45000,180000,Digital Wallet,Take Away
5231,SUN-6614628,05-03-2023,Cinnamon Roll,Dessert,DST-05,1,28000,28000,Debit Card,Take Away
5232,SUN-6613094,25-11-2023,Iced Americano,Drinks,DRK-02,1,28000,28000,Debit Card,Take Away
5233,SUN-6958051,15-03-2023,Choco Lava Cake,Dessert,DST-04,3,35000,105000,Digital Wallet,Online Order
5234,SUN-5608668,22-08-2023,Nasi Goreng Kampung,Food,FOD-03,1,38000,38000,Cash,Dine in
5235,SUN-5271573,15-06-2023,Iced Americano,Drinks,DRK-02,4,28000,112000,Debit Card,Take Away
5236,SUN-3817352,26-04-2023,Classic Tirmaisu,Dessert,DST-01,1,38000,38000,Cash,Take Away
5237,SUN-7099859,03-04-2023,Beef Carbonara Pasta,Food,FOD-02,2,52000,104000,Digital Wallet,Dine in
5238,SUN-7130239,30-08-2023,Iced Americano,Drinks,DRK-02,3,28000,84000,Debit Card,Online Order
5239,SUN-1812305,17-03-2023,Grill Chicken Caesar Salad,Food,FOD-04,3,42000,126000,Digital Wallet,Online Order
5240,SUN-7377609,15-02-2023,Beef Carbonara Pasta,Food,FOD-02,2,52000,104000,Debit Card,Take Away
5241,SUN-5977958,15-05-2023,Classic Tirmaisu,Dessert,DST-01,3,38000,114000,Cash,Online Order
5242,SUN-7472376,26-09-2023,Iced Americano,Drinks,DRK-02,3,28000,84000,Cash,Dine in
5243,SUN-8117903,20-10-2023,Espreso Single,Drinks,DRK-01,3,22000,66000,Digital Wallet,Dine in
5244,SUN-8084339,05-06-2023,Club Sandwich,Food,FOD-05,1,45000,45000,Cash,Dine in
5245,SUN-7468276,12-11-2023,Classic Tirmaisu,Dessert,DST-01,2,38000,76000,Debit Card,Dine in
5246,SUN-1395476,13-02-2023,Cafe Latte,Drinks,DRK-03,4,32000,128000,Cash,Dine in
5247,SUN-3646356,07-04-2023,Choco Lava Cake,Dessert,DST-04,2,35000,70000,Digital Wallet,Dine in
5248,SUN-8885579,09-02-2023,Iced Americano,Drinks,DRK-02,4,28000,112000,Digital Wallet,Take Away
5249,SUN-7394558,14-03-2023,Grill Chicken Caesar Salad,Food,FOD-04,1,42000,42000,Debit Card,Online Order
5250,SUN-5470730,12-11-2023,Beef Carbonara Pasta,Food,FOD-02,4,52000,208000,Debit Card,Take Away
5251,SUN-5061382,14-01-2023,Fudgy Brownies,Dessert,DST-02,2,25000,50000,Debit Card,Online Order
5252,SUN-4626069,25-01-2023,Grill Chicken Caesar Salad,Food,FOD-04,2,42000,84000,Digital Wallet,Online Order
5253,SUN-6472655,04-01-2023,Espreso Single,Drinks,DRK-01,2,22000,44000,Debit Card,Take Away
5254,SUN-1416322,17-12-2023,Club Sandwich,Food,FOD-05,1,45000,45000,Digital Wallet,Online Order
5255,SUN-9129461,14-05-2023,Fudgy Brownies,Dessert,DST-02,1,25000,25000,Digital Wallet,Online Order
5256,SUN-8266460,20-07-2023,Cinnamon Roll,Dessert,DST-05,3,28000,84000,Cash,Dine in
5257,SUN-7323638,12-03-2023,Cinnamon Roll,Dessert,DST-05,3,28000,84000,Digital Wallet,Dine in
5258,SUN-7825469,17-05-2023,Caramel Machiato,Drinks,DRK-04,2,38000,76000,Cash,Dine in
5259,SUN-9927909,03-07-2023,Cafe Latte,Drinks,DRK-03,2,32000,64000,Digital Wallet,Dine in
5260,SUN-9043567,17-05-2023,Club Sandwich,Food,FOD-05,1,45000,45000,Debit Card,Dine in
5261,SUN-3711684,17-02-2023,Nasi Goreng Kampung,Food,FOD-03,4,38000,152000,Debit Card,Dine in
5262,SUN-8748502,11-03-2023,Beef Carbonara Pasta,Food,FOD-02,1,52000,52000,Debit Card,Online Order
5263,SUN-1356783,17-08-2023,Grill Chicken Caesar Salad,Food,FOD-04,3,42000,126000,Cash,Take Away
5264,SUN-4867901,10-01-2023,Cafe Latte,Drinks,DRK-03,4,32000,128000,Debit Card,Dine in
5265,SUN-1411051,23-07-2023,Fudgy Brownies,Dessert,DST-02,4,25000,100000,Digital Wallet,Take Away
5266,SUN-3358621,27-05-2023,Beef Carbonara Pasta,Food,FOD-02,3,52000,156000,Cash,Take Away
5267,SUN-5551691,30-11-2023,Caramel Machiato,Drinks,DRK-04,3,38000,114000,Digital Wallet,Online Order
5268,SUN-8275875,25-06-2023,Cinnamon Roll,Dessert,DST-05,2,28000,56000,Cash,Dine in
5269,SUN-5393529,23-10-2023,Creamy Maycha Latte,Drinks,DRK-05,2,35000,70000,Digital Wallet,Take Away
5270,SUN-1612221,23-02-2023,Creamy Maycha Latte,Drinks,DRK-05,2,35000,70000,Digital Wallet,Online Order
5271,SUN-8878815,14-02-2023,Beef Carbonara Pasta,Food,FOD-02,2,52000,104000,Debit Card,Online Order
5272,SUN-4875026,11-10-2023,Nasi Goreng Kampung,Food,FOD-03,3,38000,114000,Debit Card,Dine in
5273,SUN-9169939,19-07-2023,Grill Chicken Caesar Salad,Food,FOD-04,1,42000,42000,Digital Wallet,Take Away
5274,SUN-7540364,31-03-2023,Classic Tirmaisu,Dessert,DST-01,4,38000,152000,Debit Card,Dine in
5275,SUN-9038261,14-05-2023,Classic Tirmaisu,Dessert,DST-01,3,38000,114000,Debit Card,Take Away
5276,SUN-7651955,09-12-2023,Creamy Maycha Latte,Drinks,DRK-05,2,35000,70000,Debit Card,Dine in
5277,SUN-7790703,16-01-2023,Iced Americano,Drinks,DRK-02,2,28000,56000,Cash,Dine in
5278,SUN-4145064,26-04-2023,Fudgy Brownies,Dessert,DST-02,2,25000,50000,Debit Card,Online Order
5279,SUN-2389631,20-07-2023,Iced Americano,Drinks,DRK-02,1,28000,28000,Digital Wallet,Take Away
5280,SUN-2062716,28-06-2023,Classic Tirmaisu,Dessert,DST-01,1,38000,38000,Debit Card,Online Order
5281,SUN-3024148,23-12-2023,Cafe Latte,Drinks,DRK-03,1,32000,32000,Digital Wallet,Dine in
5282,SUN-9533926,28-05-2023,Espreso Single,Drinks,DRK-01,1,22000,22000,Debit Card,Take Away
5283,SUN-9673640,23-02-2023,New York Cheesecake,Dessert,DST-03,4,42000,168000,Debit Card,Take Away
5284,SUN-3781344,12-02-2023,Fudgy Brownies,Dessert,DST-02,4,25000,100000,Cash,Dine in
5285,SUN-1014219,02-01-2023,Caramel Machiato,Drinks,DRK-04,1,38000,38000,Debit Card,Take Away
5286,SUN-8180343,09-02-2023,Cafe Latte,Drinks,DRK-03,1,32000,32000,Debit Card,Take Away
5287,SUN-4762808,14-03-2023,Buttermilk Fried Chicken,Food,FOD-01,1,48000,48000,Digital Wallet,Online Order
5288,SUN-7968303,15-03-2023,Espreso Single,Drinks,DRK-01,1,22000,22000,Cash,Dine in
5289,SUN-5045510,06-06-2023,Creamy Maycha Latte,Drinks,DRK-05,2,35000,70000,Digital Wallet,Take Away
5290,SUN-6141066,22-06-2023,Creamy Maycha Latte,Drinks,DRK-05,3,35000,105000,Cash,Take Away
5291,SUN-9124737,07-04-2023,Fudgy Brownies,Dessert,DST-02,4,25000,100000,Debit Card,Online Order
5292,SUN-2721497,10-08-2023,Cinnamon Roll,Dessert,DST-05,1,28000,28000,Digital Wallet,Take Away
5293,SUN-6785453,11-09-2023,Cafe Latte,Drinks,DRK-03,4,32000,128000,Digital Wallet,Online Order
5294,SUN-4776685,14-12-2023,Classic Tirmaisu,Dessert,DST-01,2,38000,76000,Digital Wallet,Dine in
5295,SUN-7303378,08-04-2023,Nasi Goreng Kampung,Food,FOD-03,2,38000,76000,Debit Card,Dine in
5296,SUN-4304230,04-10-2023,Classic Tirmaisu,Dessert,DST-01,1,38000,38000,Debit Card,Online Order
5297,SUN-3116452,11-11-2023,Beef Carbonara Pasta,Food,FOD-02,2,52000,104000,Debit Card,Take Away
5298,SUN-8511265,24-04-2023,Cafe Latte,Drinks,DRK-03,4,32000,128000,Cash,Take Away
5299,SUN-9006217,16-02-2023,Club Sandwich,Food,FOD-05,1,45000,45000,Cash,Dine in
5300,SUN-5551561,02-05-2023,Espreso Single,Drinks,DRK-01,4,22000,88000,Digital Wallet,Online Order
5301,SUN-5887349,26-02-2023,Beef Carbonara Pasta,Food,FOD-02,4,52000,208000,Cash,Take Away
5302,SUN-5992281,29-10-2023,Cafe Latte,Drinks,DRK-03,3,32000,96000,Debit Card,Online Order
5303,SUN-1983938,20-12-2023,Creamy Maycha Latte,Drinks,DRK-05,3,35000,105000,Digital Wallet,Online Order
5304,SUN-7543005,30-11-2023,Beef Carbonara Pasta,Food,FOD-02,3,52000,156000,Debit Card,Take Away
5305,SUN-6166610,27-01-2023,New York Cheesecake,Dessert,DST-03,2,42000,84000,Debit Card,Online Order
5306,SUN-7701713,02-10-2023,Creamy Maycha Latte,Drinks,DRK-05,2,35000,70000,Debit Card,Take Away
5307,SUN-8089634,03-10-2023,Caramel Machiato,Drinks,DRK-04,3,38000,114000,Cash,Online Order
5308,SUN-3012465,13-10-2023,Cafe Latte,Drinks,DRK-03,3,32000,96000,Digital Wallet,Dine in
5309,SUN-6141677,31-01-2023,New York Cheesecake,Dessert,DST-03,4,42000,168000,Debit Card,Take Away
5310,SUN-8945127,02-07-2023,Club Sandwich,Food,FOD-05,2,45000,90000,Debit Card,Dine in
5311,SUN-6975760,27-02-2023,Cafe Latte,Drinks,DRK-03,1,32000,32000,Cash,Dine in
5312,SUN-1749017,20-01-2023,Caramel Machiato,Drinks,DRK-04,1,38000,38000,Debit Card,Take Away
5313,SUN-4634753,17-08-2023,Iced Americano,Drinks,DRK-02,3,28000,84000,Debit Card,Take Away
5314,SUN-3483851,30-12-2023,Choco Lava Cake,Dessert,DST-04,2,35000,70000,Debit Card,Take Away
5315,SUN-9063813,29-10-2023,Club Sandwich,Food,FOD-05,4,45000,180000,Digital Wallet,Online Order
5316,SUN-6115919,23-02-2023,Iced Americano,Drinks,DRK-02,1,28000,28000,Digital Wallet,Online Order
5317,SUN-6350977,14-08-2023,Caramel Machiato,Drinks,DRK-04,3,38000,114000,Cash,Dine in
5318,SUN-1004913,22-04-2023,Choco Lava Cake,Dessert,DST-04,4,35000,140000,Digital Wallet,Online Order
5319,SUN-9836228,30-12-2023,Creamy Maycha Latte,Drinks,DRK-05,1,35000,35000,Cash,Online Order
5320,SUN-4530235,22-01-2023,Caramel Machiato,Drinks,DRK-04,2,38000,76000,Debit Card,Dine in
5321,SUN-7451019,26-12-2023,Nasi Goreng Kampung,Food,FOD-03,3,38000,114000,Debit Card,Take Away
5322,SUN-2538650,05-03-2023,Beef Carbonara Pasta,Food,FOD-02,4,52000,208000,Cash,Take Away
5323,SUN-9214072,24-02-2023,Cafe Latte,Drinks,DRK-03,3,32000,96000,Digital Wallet,Take Away
5324,SUN-8505421,01-08-2023,Espreso Single,Drinks,DRK-01,2,22000,44000,Debit Card,Online Order
5325,SUN-8297139,20-06-2023,Choco Lava Cake,Dessert,DST-04,1,35000,35000,Digital Wallet,Dine in
5326,SUN-8409563,28-01-2023,Choco Lava Cake,Dessert,DST-04,2,35000,70000,Debit Card,Dine in
5327,SUN-7601587,14-09-2023,Fudgy Brownies,Dessert,DST-02,1,25000,25000,Digital Wallet,Dine in
5328,SUN-6292289,25-06-2023,Beef Carbonara Pasta,Food,FOD-02,1,52000,52000,Cash,Online Order
5329,SUN-9679832,10-03-2023,Cafe Latte,Drinks,DRK-03,2,32000,64000,Digital Wallet,Dine in
5330,SUN-9638726,15-10-2023,Espreso Single,Drinks,DRK-01,3,22000,66000,Digital Wallet,Take Away
5331,SUN-8686802,29-08-2023,Iced Americano,Drinks,DRK-02,1,28000,28000,Debit Card,Online Order
5332,SUN-7254575,02-12-2023,Beef Carbonara Pasta,Food,FOD-02,2,52000,104000,Debit Card,Take Away
5333,SUN-3214514,14-11-2023,Choco Lava Cake,Dessert,DST-04,4,35000,140000,Debit Card,Take Away
5334,SUN-7890447,03-03-2023,Creamy Maycha Latte,Drinks,DRK-05,4,35000,140000,Digital Wallet,Online Order
5335,SUN-6639266,27-09-2023,Cafe Latte,Drinks,DRK-03,1,32000,32000,Debit Card,Take Away
5336,SUN-9646904,14-10-2023,Classic Tirmaisu,Dessert,DST-01,1,38000,38000,Debit Card,Online Order
5337,SUN-8860293,15-10-2023,Iced Americano,Drinks,DRK-02,2,28000,56000,Debit Card,Dine in
5338,SUN-7603677,05-10-2023,Creamy Maycha Latte,Drinks,DRK-05,4,35000,140000,Debit Card,Dine in
5339,SUN-3260513,06-04-2023,Choco Lava Cake,Dessert,DST-04,2,35000,70000,Debit Card,Take Away
5340,SUN-5276110,19-09-2023,Fudgy Brownies,Dessert,DST-02,2,25000,50000,Digital Wallet,Dine in
5341,SUN-4998263,26-07-2023,Grill Chicken Caesar Salad,Food,FOD-04,2,42000,84000,Cash,Dine in
5342,SUN-5104105,03-07-2023,Grill Chicken Caesar Salad,Food,FOD-04,4,42000,168000,Digital Wallet,Online Order
5343,SUN-2758452,06-03-2023,Buttermilk Fried Chicken,Food,FOD-01,4,48000,192000,Cash,Take Away
5344,SUN-5738224,30-07-2023,Nasi Goreng Kampung,Food,FOD-03,4,38000,152000,Cash,Dine in
5345,SUN-2966051,06-10-2023,Cinnamon Roll,Dessert,DST-05,4,28000,112000,Debit Card,Online Order
5346,SUN-2271251,15-01-2023,Choco Lava Cake,Dessert,DST-04,2,35000,70000,Debit Card,Dine in
5347,SUN-1863332,06-12-2023,Iced Americano,Drinks,DRK-02,1,28000,28000,Debit Card,Online Order
5348,SUN-4336259,26-08-2023,New York Cheesecake,Dessert,DST-03,2,42000,84000,Digital Wallet,Take Away
5349,SUN-9534724,01-07-2023,Choco Lava Cake,Dessert,DST-04,4,35000,140000,Cash,Dine in
5350,SUN-5613706,02-05-2023,New York Cheesecake,Dessert,DST-03,2,42000,84000,Debit Card,Online Order
5351,SUN-2910740,09-07-2023,Iced Americano,Drinks,DRK-02,3,28000,84000,Cash,Dine in
5352,SUN-5037498,21-10-2023,Cafe Latte,Drinks,DRK-03,3,32000,96000,Digital Wallet,Dine in
5353,SUN-7842733,27-09-2023,Espreso Single,Drinks,DRK-01,4,22000,88000,Digital Wallet,Online Order
5354,SUN-6413027,15-03-2023,Caramel Machiato,Drinks,DRK-04,3,38000,114000,Cash,Online Order
5355,SUN-5454020,23-11-2023,Iced Americano,Drinks,DRK-02,3,28000,84000,Debit Card,Take Away
5356,SUN-3610469,20-06-2023,Fudgy Brownies,Dessert,DST-02,2,25000,50000,Debit Card,Dine in
5357,SUN-6424739,03-02-2023,Iced Americano,Drinks,DRK-02,1,28000,28000,Cash,Dine in
5358,SUN-1189285,11-12-2023,Classic Tirmaisu,Dessert,DST-01,4,38000,152000,Cash,Dine in
5359,SUN-9952834,03-10-2023,Nasi Goreng Kampung,Food,FOD-03,1,38000,38000,Debit Card,Online Order
5360,SUN-4626820,06-09-2023,Classic Tirmaisu,Dessert,DST-01,2,38000,76000,Cash,Take Away
5361,SUN-3529266,23-11-2023,Cinnamon Roll,Dessert,DST-05,4,28000,112000,Digital Wallet,Online Order
5362,SUN-9554530,15-02-2023,New York Cheesecake,Dessert,DST-03,3,42000,126000,Debit Card,Online Order
5363,SUN-7318840,18-03-2023,Espreso Single,Drinks,DRK-01,1,22000,22000,Debit Card,Online Order
5364,SUN-4200241,26-05-2023,Grill Chicken Caesar Salad,Food,FOD-04,3,42000,126000,Debit Card,Online Order
5365,SUN-4230629,18-04-2023,Nasi Goreng Kampung,Food,FOD-03,1,38000,38000,Digital Wallet,Online Order
5366,SUN-8338362,03-06-2023,New York Cheesecake,Dessert,DST-03,2,42000,84000,Digital Wallet,Online Order
5367,SUN-9313241,21-06-2023,Classic Tirmaisu,Dessert,DST-01,3,38000,114000,Debit Card,Online Order
5368,SUN-2768468,30-01-2023,Classic Tirmaisu,Dessert,DST-01,3,38000,114000,Cash,Dine in
5369,SUN-3511344,06-08-2023,Choco Lava Cake,Dessert,DST-04,4,35000,140000,Cash,Online Order
5370,SUN-2171355,18-08-2023,Buttermilk Fried Chicken,Food,FOD-01,3,48000,144000,Debit Card,Dine in
5371,SUN-2181618,17-06-2023,Grill Chicken Caesar Salad,Food,FOD-04,1,42000,42000,Debit Card,Dine in
5372,SUN-6561186,29-09-2023,Classic Tirmaisu,Dessert,DST-01,2,38000,76000,Debit Card,Dine in
5373,SUN-8912958,29-07-2023,New York Cheesecake,Dessert,DST-03,3,42000,126000,Debit Card,Online Order
5374,SUN-3961457,19-10-2023,Espreso Single,Drinks,DRK-01,1,22000,22000,Cash,Take Away
5375,SUN-1561427,22-05-2023,Creamy Maycha Latte,Drinks,DRK-05,4,35000,140000,Cash,Dine in
5376,SUN-8805263,05-12-2023,Beef Carbonara Pasta,Food,FOD-02,2,52000,104000,Digital Wallet,Online Order
5377,SUN-8757757,03-06-2023,Iced Americano,Drinks,DRK-02,3,28000,84000,Debit Card,Online Order
5378,SUN-4479012,27-08-2023,Caramel Machiato,Drinks,DRK-04,1,38000,38000,Debit Card,Take Away
5379,SUN-8609919,24-04-2023,Fudgy Brownies,Dessert,DST-02,3,25000,75000,Debit Card,Online Order
5380,SUN-4022332,22-10-2023,Cafe Latte,Drinks,DRK-03,3,32000,96000,Cash,Take Away
5381,SUN-3024102,27-08-2023,Cinnamon Roll,Dessert,DST-05,3,28000,84000,Debit Card,Take Away
5382,SUN-5987844,12-07-2023,Creamy Maycha Latte,Drinks,DRK-05,3,35000,105000,Debit Card,Online Order
5383,SUN-2636624,09-12-2023,Grill Chicken Caesar Salad,Food,FOD-04,1,42000,42000,Debit Card,Dine in
5384,SUN-7589464,09-02-2023,Cafe Latte,Drinks,DRK-03,4,32000,128000,Digital Wallet,Online Order
5385,SUN-3108502,26-12-2023,Beef Carbonara Pasta,Food,FOD-02,2,52000,104000,Debit Card,Online Order
5386,SUN-6360707,16-07-2023,Beef Carbonara Pasta,Food,FOD-02,3,52000,156000,Cash,Dine in
5387,SUN-5439836,20-05-2023,Caramel Machiato,Drinks,DRK-04,4,38000,152000,Digital Wallet,Dine in
5388,SUN-3863943,18-04-2023,Choco Lava Cake,Dessert,DST-04,3,35000,105000,Debit Card,Take Away
5389,SUN-3411696,17-01-2023,Cafe Latte,Drinks,DRK-03,2,32000,64000,Digital Wallet,Dine in
5390,SUN-8947780,22-05-2023,Espreso Single,Drinks,DRK-01,2,22000,44000,Debit Card,Online Order
5391,SUN-3486289,20-08-2023,New York Cheesecake,Dessert,DST-03,1,42000,42000,Digital Wallet,Dine in
5392,SUN-8702368,30-10-2023,Creamy Maycha Latte,Drinks,DRK-05,1,35000,35000,Debit Card,Dine in
5393,SUN-1561351,15-12-2023,Espreso Single,Drinks,DRK-01,4,22000,88000,Digital Wallet,Online Order
5394,SUN-4134990,23-01-2023,New York Cheesecake,Dessert,DST-03,3,42000,126000,Debit Card,Take Away
5395,SUN-3922780,14-12-2023,Caramel Machiato,Drinks,DRK-04,1,38000,38000,Debit Card,Dine in
5396,SUN-1621070,22-01-2023,New York Cheesecake,Dessert,DST-03,3,42000,126000,Digital Wallet,Dine in
5397,SUN-6278546,08-09-2023,Caramel Machiato,Drinks,DRK-04,2,38000,76000,Digital Wallet,Dine in
5398,SUN-6486787,26-11-2023,Cinnamon Roll,Dessert,DST-05,1,28000,28000,Digital Wallet,Online Order
5399,SUN-9362233,17-05-2023,Iced Americano,Drinks,DRK-02,1,28000,28000,Digital Wallet,Dine in
5400,SUN-3569803,09-02-2023,New York Cheesecake,Dessert,DST-03,3,42000,126000,Cash,Take Away
5401,SUN-8771508,31-01-2023,Caramel Machiato,Drinks,DRK-04,4,38000,152000,Digital Wallet,Take Away
5402,SUN-1448783,23-07-2023,Beef Carbonara Pasta,Food,FOD-02,2,52000,104000,Cash,Dine in
5403,SUN-1632372,18-06-2023,Cinnamon Roll,Dessert,DST-05,2,28000,56000,Digital Wallet,Take Away
5404,SUN-3992453,09-01-2023,Cafe Latte,Drinks,DRK-03,1,32000,32000,Digital Wallet,Take Away
5405,SUN-5863698,28-08-2023,Fudgy Brownies,Dessert,DST-02,3,25000,75000,Cash,Take Away
5406,SUN-7640003,12-08-2023,Iced Americano,Drinks,DRK-02,4,28000,112000,Digital Wallet,Online Order
5407,SUN-3253395,21-09-2023,New York Cheesecake,Dessert,DST-03,3,42000,126000,Cash,Dine in
5408,SUN-9298844,21-09-2023,Classic Tirmaisu,Dessert,DST-01,1,38000,38000,Cash,Dine in
5409,SUN-7454311,30-08-2023,Cafe Latte,Drinks,DRK-03,2,32000,64000,Debit Card,Dine in
5410,SUN-8446787,04-01-2023,Fudgy Brownies,Dessert,DST-02,2,25000,50000,Cash,Take Away
5411,SUN-4131366,15-10-2023,Caramel Machiato,Drinks,DRK-04,4,38000,152000,Debit Card,Take Away
5412,SUN-1120671,18-09-2023,Nasi Goreng Kampung,Food,FOD-03,2,38000,76000,Cash,Take Away
5413,SUN-8445741,11-02-2023,Creamy Maycha Latte,Drinks,DRK-05,2,35000,70000,Digital Wallet,Dine in
5414,SUN-6875463,24-05-2023,Nasi Goreng Kampung,Food,FOD-03,3,38000,114000,Cash,Online Order
5415,SUN-5156309,08-07-2023,Grill Chicken Caesar Salad,Food,FOD-04,3,42000,126000,Debit Card,Online Order
5416,SUN-6801847,20-06-2023,Classic Tirmaisu,Dessert,DST-01,3,38000,114000,Debit Card,Online Order
5417,SUN-1170188,14-06-2023,Buttermilk Fried Chicken,Food,FOD-01,3,48000,144000,Debit Card,Online Order
5418,SUN-3061717,23-03-2023,Cafe Latte,Drinks,DRK-03,1,32000,32000,Digital Wallet,Online Order
5419,SUN-1567497,02-07-2023,Espreso Single,Drinks,DRK-01,3,22000,66000,Debit Card,Online Order
5420,SUN-4548528,21-09-2023,Cafe Latte,Drinks,DRK-03,3,32000,96000,Debit Card,Take Away
5421,SUN-1509634,20-06-2023,Cafe Latte,Drinks,DRK-03,2,32000,64000,Digital Wallet,Dine in
5422,SUN-9427189,17-07-2023,Buttermilk Fried Chicken,Food,FOD-01,1,48000,48000,Debit Card,Online Order
5423,SUN-1690831,09-08-2023,Caramel Machiato,Drinks,DRK-04,2,38000,76000,Cash,Online Order
5424,SUN-4540787,20-04-2023,Buttermilk Fried Chicken,Food,FOD-01,2,48000,96000,Digital Wallet,Take Away
5425,SUN-1251877,08-02-2023,Beef Carbonara Pasta,Food,FOD-02,2,52000,104000,Cash,Take Away
5426,SUN-8238022,16-12-2023,Nasi Goreng Kampung,Food,FOD-03,4,38000,152000,Debit Card,Online Order
5427,SUN-6416628,04-01-2023,Cafe Latte,Drinks,DRK-03,1,32000,32000,Cash,Take Away
5428,SUN-8169256,18-05-2023,Creamy Maycha Latte,Drinks,DRK-05,3,35000,105000,Cash,Take Away
5429,SUN-3778122,09-06-2023,Classic Tirmaisu,Dessert,DST-01,4,38000,152000,Cash,Take Away
5430,SUN-7987698,12-02-2023,Grill Chicken Caesar Salad,Food,FOD-04,1,42000,42000,Debit Card,Online Order
5431,SUN-6274590,03-08-2023,Nasi Goreng Kampung,Food,FOD-03,1,38000,38000,Debit Card,Take Away
5432,SUN-5550455,24-11-2023,New York Cheesecake,Dessert,DST-03,2,42000,84000,Cash,Online Order
5433,SUN-2326793,04-06-2023,Classic Tirmaisu,Dessert,DST-01,4,38000,152000,Debit Card,Dine in
5434,SUN-9056735,27-11-2023,Espreso Single,Drinks,DRK-01,3,22000,66000,Cash,Take Away
5435,SUN-9600982,07-07-2023,Fudgy Brownies,Dessert,DST-02,4,25000,100000,Debit Card,Dine in
5436,SUN-2929332,19-03-2023,Fudgy Brownies,Dessert,DST-02,3,25000,75000,Debit Card,Online Order
5437,SUN-8715101,27-05-2023,Caramel Machiato,Drinks,DRK-04,1,38000,38000,Digital Wallet,Dine in
5438,SUN-1701280,19-06-2023,Cafe Latte,Drinks,DRK-03,1,32000,32000,Cash,Online Order
5439,SUN-8565565,24-10-2023,Cafe Latte,Drinks,DRK-03,2,32000,64000,Cash,Dine in
5440,SUN-3673292,09-11-2023,Club Sandwich,Food,FOD-05,1,45000,45000,Digital Wallet,Take Away
5441,SUN-6830109,23-10-2023,Buttermilk Fried Chicken,Food,FOD-01,1,48000,48000,Digital Wallet,Online Order
5442,SUN-3936056,15-03-2023,Espreso Single,Drinks,DRK-01,3,22000,66000,Debit Card,Dine in
5443,SUN-7925859,25-02-2023,Nasi Goreng Kampung,Food,FOD-03,4,38000,152000,Debit Card,Online Order
5444,SUN-4943860,21-10-2023,New York Cheesecake,Dessert,DST-03,2,42000,84000,Digital Wallet,Take Away
5445,SUN-3674196,16-08-2023,Classic Tirmaisu,Dessert,DST-01,2,38000,76000,Debit Card,Dine in
5446,SUN-7653314,25-02-2023,Fudgy Brownies,Dessert,DST-02,1,25000,25000,Debit Card,Dine in
5447,SUN-5307555,10-07-2023,Fudgy Brownies,Dessert,DST-02,1,25000,25000,Digital Wallet,Dine in
5448,SUN-6756098,23-11-2023,Creamy Maycha Latte,Drinks,DRK-05,1,35000,35000,Digital Wallet,Take Away
5449,SUN-4218089,21-01-2023,Choco Lava Cake,Dessert,DST-04,1,35000,35000,Digital Wallet,Online Order
5450,SUN-4981014,29-12-2023,Classic Tirmaisu,Dessert,DST-01,3,38000,114000,Digital Wallet,Take Away
5451,SUN-3911158,02-02-2023,Fudgy Brownies,Dessert,DST-02,1,25000,25000,Debit Card,Online Order
5452,SUN-1286223,25-08-2023,Nasi Goreng Kampung,Food,FOD-03,3,38000,114000,Cash,Take Away
5453,SUN-3192682,25-10-2023,Classic Tirmaisu,Dessert,DST-01,4,38000,152000,Debit Card,Online Order
5454,SUN-6416948,15-01-2023,Grill Chicken Caesar Salad,Food,FOD-04,4,42000,168000,Cash,Take Away
5455,SUN-1610244,19-09-2023,Espreso Single,Drinks,DRK-01,4,22000,88000,Cash,Dine in
5456,SUN-3931537,25-02-2023,Beef Carbonara Pasta,Food,FOD-02,1,52000,52000,Cash,Dine in
5457,SUN-8263116,27-02-2023,Beef Carbonara Pasta,Food,FOD-02,4,52000,208000,Debit Card,Online Order
5458,SUN-7022419,13-08-2023,Cinnamon Roll,Dessert,DST-05,2,28000,56000,Digital Wallet,Dine in
5459,SUN-2979339,03-08-2023,New York Cheesecake,Dessert,DST-03,1,42000,42000,Cash,Online Order
5460,SUN-2926940,12-05-2023,Buttermilk Fried Chicken,Food,FOD-01,4,48000,192000,Debit Card,Dine in
5461,SUN-2687539,23-11-2023,Creamy Maycha Latte,Drinks,DRK-05,3,35000,105000,Cash,Dine in
5462,SUN-5745826,24-02-2023,Classic Tirmaisu,Dessert,DST-01,4,38000,152000,Debit Card,Online Order
5463,SUN-8028826,10-07-2023,Caramel Machiato,Drinks,DRK-04,2,38000,76000,Digital Wallet,Take Away
5464,SUN-6703801,08-12-2023,Espreso Single,Drinks,DRK-01,3,22000,66000,Cash,Take Away
5465,SUN-8584745,08-08-2023,Choco Lava Cake,Dessert,DST-04,2,35000,70000,Cash,Take Away
5466,SUN-3259062,27-02-2023,Fudgy Brownies,Dessert,DST-02,2,25000,50000,Debit Card,Online Order
5467,SUN-6441212,05-09-2023,Buttermilk Fried Chicken,Food,FOD-01,3,48000,144000,Cash,Dine in
5468,SUN-3918493,01-04-2023,New York Cheesecake,Dessert,DST-03,2,42000,84000,Cash,Online Order
5469,SUN-8638582,13-07-2023,Cinnamon Roll,Dessert,DST-05,3,28000,84000,Debit Card,Dine in
5470,SUN-3711470,23-08-2023,Creamy Maycha Latte,Drinks,DRK-05,4,35000,140000,Digital Wallet,Dine in
5471,SUN-1118237,17-11-2023,Choco Lava Cake,Dessert,DST-04,1,35000,35000,Cash,Take Away
5472,SUN-5711084,14-11-2023,New York Cheesecake,Dessert,DST-03,1,42000,42000,Debit Card,Online Order
5473,SUN-3495006,04-04-2023,Beef Carbonara Pasta,Food,FOD-02,3,52000,156000,Debit Card,Online Order
5474,SUN-1047587,23-12-2023,Fudgy Brownies,Dessert,DST-02,2,25000,50000,Debit Card,Dine in
5475,SUN-3130340,24-03-2023,Choco Lava Cake,Dessert,DST-04,3,35000,105000,Digital Wallet,Online Order
5476,SUN-5214392,18-11-2023,Cinnamon Roll,Dessert,DST-05,1,28000,28000,Digital Wallet,Online Order
5477,SUN-4164324,06-02-2023,Caramel Machiato,Drinks,DRK-04,4,38000,152000,Cash,Take Away
5478,SUN-3270339,09-02-2023,Grill Chicken Caesar Salad,Food,FOD-04,2,42000,84000,Debit Card,Online Order
5479,SUN-5754306,12-06-2023,Creamy Maycha Latte,Drinks,DRK-05,2,35000,70000,Digital Wallet,Dine in
5480,SUN-5007169,03-02-2023,Classic Tirmaisu,Dessert,DST-01,3,38000,114000,Cash,Dine in
5481,SUN-7345276,30-04-2023,New York Cheesecake,Dessert,DST-03,3,42000,126000,Digital Wallet,Take Away
5482,SUN-9732057,23-06-2023,Choco Lava Cake,Dessert,DST-04,1,35000,35000,Cash,Dine in
5483,SUN-8234366,02-07-2023,Creamy Maycha Latte,Drinks,DRK-05,4,35000,140000,Digital Wallet,Dine in
5484,SUN-9177541,01-01-2023,Creamy Maycha Latte,Drinks,DRK-05,3,35000,105000,Debit Card,Dine in
5485,SUN-6082733,05-03-2023,Cafe Latte,Drinks,DRK-03,4,32000,128000,Digital Wallet,Take Away
5486,SUN-4223613,17-02-2023,Creamy Maycha Latte,Drinks,DRK-05,4,35000,140000,Debit Card,Take Away
5487,SUN-7984896,25-06-2023,Nasi Goreng Kampung,Food,FOD-03,2,38000,76000,Digital Wallet,Take Away
5488,SUN-9119316,05-10-2023,Club Sandwich,Food,FOD-05,4,45000,180000,Cash,Take Away
5489,SUN-2595277,01-07-2023,Club Sandwich,Food,FOD-05,1,45000,45000,Debit Card,Online Order
5490,SUN-5499279,31-12-2023,Caramel Machiato,Drinks,DRK-04,1,38000,38000,Cash,Take Away
5491,SUN-3922772,22-04-2023,Creamy Maycha Latte,Drinks,DRK-05,1,35000,35000,Digital Wallet,Take Away
5492,SUN-4185357,26-11-2023,Cinnamon Roll,Dessert,DST-05,2,28000,56000,Digital Wallet,Dine in
5493,SUN-6710368,21-10-2023,Caramel Machiato,Drinks,DRK-04,3,38000,114000,Digital Wallet,Dine in
5494,SUN-8366422,30-11-2023,Grill Chicken Caesar Salad,Food,FOD-04,1,42000,42000,Cash,Dine in
5495,SUN-1873556,04-07-2023,Caramel Machiato,Drinks,DRK-04,4,38000,152000,Debit Card,Take Away
5496,SUN-7322469,24-06-2023,Espreso Single,Drinks,DRK-01,4,22000,88000,Debit Card,Take Away
5497,SUN-6752715,06-08-2023,Caramel Machiato,Drinks,DRK-04,1,38000,38000,Digital Wallet,Online Order
5498,SUN-5028141,02-01-2023,Iced Americano,Drinks,DRK-02,3,28000,84000,Cash,Dine in
5499,SUN-8334362,14-12-2023,Cafe Latte,Drinks,DRK-03,1,32000,32000,Cash,Dine in
5500,SUN-6335400,19-05-2023,New York Cheesecake,Dessert,DST-03,1,42000,42000,Digital Wallet,Dine in
5501,SUN-7231956,17-11-2023,Club Sandwich,Food,FOD-05,1,45000,45000,Debit Card,Online Order
5502,SUN-7083048,08-08-2023,Buttermilk Fried Chicken,Food,FOD-01,3,48000,144000,Cash,Dine in
5503,SUN-9760216,24-08-2023,Choco Lava Cake,Dessert,DST-04,2,35000,70000,Digital Wallet,Dine in
5504,SUN-1858131,09-06-2023,Cafe Latte,Drinks,DRK-03,1,32000,32000,Digital Wallet,Online Order
5505,SUN-1430698,02-01-2023,Creamy Maycha Latte,Drinks,DRK-05,3,35000,105000,Cash,Online Order
5506,SUN-8413914,28-07-2023,Espreso Single,Drinks,DRK-01,4,22000,88000,Debit Card,Online Order
5507,SUN-2084775,24-08-2023,Grill Chicken Caesar Salad,Food,FOD-04,1,42000,42000,Debit Card,Dine in
5508,SUN-4460843,04-01-2023,New York Cheesecake,Dessert,DST-03,3,42000,126000,Digital Wallet,Take Away
5509,SUN-7010192,22-04-2023,Cinnamon Roll,Dessert,DST-05,4,28000,112000,Debit Card,Dine in
5510,SUN-5540111,20-05-2023,Iced Americano,Drinks,DRK-02,4,28000,112000,Digital Wallet,Take Away
5511,SUN-1745714,01-04-2023,Classic Tirmaisu,Dessert,DST-01,1,38000,38000,Cash,Online Order
5512,SUN-6510659,12-09-2023,Espreso Single,Drinks,DRK-01,1,22000,22000,Digital Wallet,Take Away
5513,SUN-1453088,09-08-2023,Club Sandwich,Food,FOD-05,4,45000,180000,Cash,Dine in
5514,SUN-8998656,19-09-2023,Club Sandwich,Food,FOD-05,2,45000,90000,Digital Wallet,Online Order
5515,SUN-5844163,06-03-2023,Buttermilk Fried Chicken,Food,FOD-01,1,48000,48000,Debit Card,Online Order
5516,SUN-6653016,14-03-2023,Fudgy Brownies,Dessert,DST-02,2,25000,50000,Digital Wallet,Online Order
5517,SUN-4089298,26-09-2023,Caramel Machiato,Drinks,DRK-04,4,38000,152000,Digital Wallet,Online Order
5518,SUN-8723416,03-11-2023,Grill Chicken Caesar Salad,Food,FOD-04,1,42000,42000,Digital Wallet,Dine in
5519,SUN-8951857,11-10-2023,Iced Americano,Drinks,DRK-02,4,28000,112000,Digital Wallet,Online Order
5520,SUN-4567164,28-09-2023,Classic Tirmaisu,Dessert,DST-01,2,38000,76000,Debit Card,Dine in
5521,SUN-6081959,20-02-2023,Beef Carbonara Pasta,Food,FOD-02,1,52000,52000,Digital Wallet,Dine in
5522,SUN-9870211,28-11-2023,New York Cheesecake,Dessert,DST-03,2,42000,84000,Debit Card,Online Order
5523,SUN-9101470,25-02-2023,Fudgy Brownies,Dessert,DST-02,1,25000,25000,Digital Wallet,Dine in
5524,SUN-3672586,12-02-2023,Cinnamon Roll,Dessert,DST-05,1,28000,28000,Debit Card,Online Order
5525,SUN-2335991,04-12-2023,Nasi Goreng Kampung,Food,FOD-03,3,38000,114000,Debit Card,Dine in
5526,SUN-3487721,18-05-2023,Cafe Latte,Drinks,DRK-03,4,32000,128000,Debit Card,Online Order
5527,SUN-9664898,12-01-2023,Grill Chicken Caesar Salad,Food,FOD-04,4,42000,168000,Debit Card,Online Order
5528,SUN-3662472,07-05-2023,Iced Americano,Drinks,DRK-02,2,28000,56000,Debit Card,Online Order
5529,SUN-8815334,19-10-2023,New York Cheesecake,Dessert,DST-03,3,42000,126000,Digital Wallet,Dine in
5530,SUN-8008487,10-05-2023,Grill Chicken Caesar Salad,Food,FOD-04,4,42000,168000,Digital Wallet,Take Away
5531,SUN-7001591,30-09-2023,Grill Chicken Caesar Salad,Food,FOD-04,4,42000,168000,Digital Wallet,Dine in
5532,SUN-6731638,04-07-2023,Iced Americano,Drinks,DRK-02,3,28000,84000,Digital Wallet,Take Away
5533,SUN-8684378,14-09-2023,Classic Tirmaisu,Dessert,DST-01,3,38000,114000,Debit Card,Take Away
5534,SUN-8140323,24-07-2023,New York Cheesecake,Dessert,DST-03,2,42000,84000,Cash,Take Away
5535,SUN-9607281,13-01-2023,Espreso Single,Drinks,DRK-01,3,22000,66000,Cash,Online Order
5536,SUN-8863014,26-04-2023,Cafe Latte,Drinks,DRK-03,4,32000,128000,Debit Card,Online Order
5537,SUN-8865451,10-12-2023,Classic Tirmaisu,Dessert,DST-01,3,38000,114000,Cash,Online Order
5538,SUN-7219375,30-07-2023,Espreso Single,Drinks,DRK-01,2,22000,44000,Digital Wallet,Dine in
5539,SUN-6470124,16-03-2023,Cafe Latte,Drinks,DRK-03,3,32000,96000,Digital Wallet,Dine in
5540,SUN-3583199,07-11-2023,Creamy Maycha Latte,Drinks,DRK-05,1,35000,35000,Debit Card,Take Away
5541,SUN-2254845,15-11-2023,Nasi Goreng Kampung,Food,FOD-03,2,38000,76000,Debit Card,Dine in
5542,SUN-4434094,11-11-2023,Beef Carbonara Pasta,Food,FOD-02,1,52000,52000,Debit Card,Online Order
5543,SUN-8487417,02-07-2023,Espreso Single,Drinks,DRK-01,2,22000,44000,Cash,Dine in
5544,SUN-9311475,16-01-2023,Club Sandwich,Food,FOD-05,2,45000,90000,Debit Card,Take Away
5545,SUN-2310475,29-04-2023,Caramel Machiato,Drinks,DRK-04,4,38000,152000,Cash,Take Away
5546,SUN-6424974,04-10-2023,Espreso Single,Drinks,DRK-01,3,22000,66000,Cash,Take Away
5547,SUN-9706560,05-03-2023,Caramel Machiato,Drinks,DRK-04,2,38000,76000,Debit Card,Take Away
5548,SUN-2717432,27-12-2023,Nasi Goreng Kampung,Food,FOD-03,2,38000,76000,Cash,Dine in
5549,SUN-1970526,05-01-2023,Classic Tirmaisu,Dessert,DST-01,1,38000,38000,Debit Card,Dine in
5550,SUN-3653617,04-02-2023,Cinnamon Roll,Dessert,DST-04,4,28000,112000,Debit Card,Take Away
5551,SUN-6753486,27-03-2023,Cafe Latte,Drinks,DRK-03,3,32000,96000,Debit Card,Dine in
5552,SUN-3990301,20-10-2023,Choco Lava Cake,Dessert,DST-04,3,35000,105000,Cash,Take Away
5553,SUN-7088548,12-02-2023,Nasi Goreng Kampung,Food,FOD-03,4,38000,152000,Digital Wallet,Take Away
5554,SUN-6938579,07-12-2023,Choco Lava Cake,Dessert,DST-04,1,35000,35000,Debit Card,Dine in
5555,SUN-1847251,03-01-2023,Beef Carbonara Pasta,Food,FOD-02,2,52000,104000,Cash,Dine in
5556,SUN-2961320,04-09-2023,Espreso Single,Drinks,DRK-01,3,22000,66000,Cash,Online Order
5557,SUN-3006957,31-08-2023,Buttermilk Fried Chicken,Food,FOD-01,1,48000,48000,Digital Wallet,Online Order
5558,SUN-2456443,03-07-2023,Nasi Goreng Kampung,Food,FOD-03,2,38000,76000,Debit Card,Online Order
5559,SUN-5626932,23-12-2023,Cinnamon Roll,Dessert,DST-05,4,28000,112000,Debit Card,Online Order
5560,SUN-5151131,03-10-2023,Choco Lava Cake,Dessert,DST-04,4,35000,140000,Debit Card,Online Order
5561,SUN-1725075,07-07-2023,New York Cheesecake,Dessert,DST-03,2,42000,84000,Digital Wallet,Online Order
5562,SUN-3117576,28-09-2023,Fudgy Brownies,Dessert,DST-02,4,25000,100000,Cash,Dine in
5563,SUN-3228831,27-10-2023,Classic Tirmaisu,Dessert,DST-01,1,38000,38000,Cash,Dine in
5564,SUN-9076045,26-08-2023,Choco Lava Cake,Dessert,DST-04,1,35000,35000,Cash,Take Away
5565,SUN-1272383,21-12-2023,Grill Chicken Caesar Salad,Food,FOD-04,3,42000,126000,Debit Card,Take Away
5566,SUN-5663981,08-06-2023,Caramel Machiato,Drinks,DRK-04,3,38000,114000,Debit Card,Take Away
5567,SUN-7205633,30-01-2023,Choco Lava Cake,Dessert,DST-04,2,35000,70000,Cash,Take Away
5568,SUN-8672856,11-04-2023,Fudgy Brownies,Dessert,DST-02,3,25000,75000,Cash,Take Away
5569,SUN-9209235,05-06-2023,Iced Americano,Drinks,DRK-02,1,28000,28000,Digital Wallet,Take Away
5570,SUN-3608480,19-02-2023,Buttermilk Fried Chicken,Food,FOD-01,2,48000,96000,Digital Wallet,Dine in
5571,SUN-2747478,03-06-2023,Grill Chicken Caesar Salad,Food,FOD-04,3,42000,126000,Debit Card,Dine in
5572,SUN-9692796,24-11-2023,Buttermilk Fried Chicken,Food,FOD-01,3,48000,144000,Cash,Dine in
5573,SUN-8379820,01-04-2023,Iced Americano,Drinks,DRK-02,4,28000,112000,Debit Card,Dine in
5574,SUN-5243088,03-10-2023,Buttermilk Fried Chicken,Food,FOD-01,4,48000,192000,Debit Card,Online Order
5575,SUN-5124558,19-09-2023,Choco Lava Cake,Dessert,DST-04,4,35000,140000,Debit Card,Take Away
5576,SUN-6439668,19-06-2023,Iced Americano,Drinks,DRK-02,1,28000,28000,Debit Card,Online Order
5577,SUN-3599705,22-07-2023,Cinnamon Roll,Dessert,DST-05,2,28000,56000,Debit Card,Online Order
5578,SUN-4482007,14-10-2023,Creamy Maycha Latte,Drinks,DRK-05,1,35000,35000,Debit Card,Online Order
5579,SUN-8628562,03-03-2023,Grill Chicken Caesar Salad,Food,FOD-04,1,42000,42000,Cash,Take Away
5580,SUN-5053264,11-09-2023,New York Cheesecake,Dessert,DST-03,4,42000,168000,Digital Wallet,Online Order
5581,SUN-8174002,12-12-2023,New York Cheesecake,Dessert,DST-03,4,42000,168000,Cash,Take Away
5582,SUN-4622715,29-04-2023,Nasi Goreng Kampung,Food,FOD-03,3,38000,114000,Debit Card,Online Order
5583,SUN-6667989,13-02-2023,Fudgy Brownies,Dessert,DST-02,4,25000,100000,Debit Card,Online Order
5584,SUN-1541232,15-01-2023,Cafe Latte,Drinks,DRK-03,3,32000,96000,Debit Card,Take Away
5585,SUN-5580149,19-01-2023,Club Sandwich,Food,FOD-05,2,45000,90000,Digital Wallet,Online Order
5586,SUN-7983908,11-09-2023,Beef Carbonara Pasta,Food,FOD-02,3,52000,156000,Digital Wallet,Online Order
5587,SUN-7395829,03-10-2023,Creamy Maycha Latte,Drinks,DRK-05,1,35000,35000,Debit Card,Online Order
5588,SUN-8773933,07-11-2023,Club Sandwich,Food,FOD-05,2,45000,90000,Cash,Dine in
5589,SUN-9921145,05-06-2023,Buttermilk Fried Chicken,Food,FOD-01,2,48000,96000,Cash,Take Away
5590,SUN-4419615,20-07-2023,Iced Americano,Drinks,DRK-02,3,28000,84000,Cash,Take Away
5591,SUN-6643197,27-08-2023,Nasi Goreng Kampung,Food,FOD-03,4,38000,152000,Digital Wallet,Dine in
5592,SUN-6631494,03-01-2023,Cinnamon Roll,Dessert,DST-05,4,28000,112000,Cash,Dine in
5593,SUN-7156905,11-01-2023,Choco Lava Cake,Dessert,DST-04,2,35000,70000,Digital Wallet,Dine in
5594,SUN-3504636,24-09-2023,Grill Chicken Caesar Salad,Food,FOD-04,2,42000,84000,Debit Card,Take Away
5595,SUN-9700865,30-01-2023,Cafe Latte,Drinks,DRK-03,1,32000,32000,Digital Wallet,Take Away
5596,SUN-8909727,05-05-2023,Grill Chicken Caesar Salad,Food,FOD-04,3,42000,126000,Debit Card,Dine in
5597,SUN-8550503,14-04-2023,New York Cheesecake,Dessert,DST-03,2,42000,84000,Debit Card,Dine in
5598,SUN-8397776,18-10-2023,Choco Lava Cake,Dessert,DST-04,3,35000,105000,Debit Card,Take Away
5599,SUN-4605430,30-04-2023,New York Cheesecake,Dessert,DST-03,2,42000,84000,Digital Wallet,Dine in
5600,SUN-9081532,31-12-2023,Beef Carbonara Pasta,Food,FOD-02,3,52000,156000,Cash,Dine in
5601,SUN-1691567,12-07-2023,Iced Americano,Drinks,DRK-02,2,28000,56000,Cash,Dine in
5602,SUN-3767642,30-03-2023,Iced Americano,Drinks,DRK-02,1,28000,28000,Cash,Dine in
5603,SUN-4045723,27-04-2023,Beef Carbonara Pasta,Food,FOD-02,2,52000,104000,Cash,Dine in
5604,SUN-8192083,25-07-2023,Cafe Latte,Drinks,DRK-03,1,32000,32000,Debit Card,Online Order
5605,SUN-9792641,26-03-2023,Iced Americano,Drinks,DRK-02,1,28000,28000,Digital Wallet,Dine in
5606,SUN-1305727,14-11-2023,Fudgy Brownies,Dessert,DST-02,2,25000,50000,Digital Wallet,Online Order
5607,SUN-2928314,14-12-2023,Cafe Latte,Drinks,DRK-03,1,32000,32000,Debit Card,Dine in
5608,SUN-9322522,18-09-2023,Club Sandwich,Food,FOD-05,4,45000,180000,Cash,Take Away
5609,SUN-2997651,18-02-2023,Cinnamon Roll,Dessert,DST-05,2,28000,56000,Cash,Online Order
5610,SUN-4998411,15-03-2023,Cafe Latte,Drinks,DRK-03,2,32000,64000,Digital Wallet,Take Away
5611,SUN-5640554,03-07-2023,Cafe Latte,Drinks,DRK-03,2,32000,64000,Debit Card,Online Order
5612,SUN-8945318,13-06-2023,Caramel Machiato,Drinks,DRK-04,4,38000,152000,Digital Wallet,Online Order
5613,SUN-8047583,23-03-2023,Beef Carbonara Pasta,Food,FOD-02,4,52000,208000,Digital Wallet,Online Order
5614,SUN-3644149,24-11-2023,Caramel Machiato,Drinks,DRK-04,1,38000,38000,Debit Card,Take Away
5615,SUN-3972116,24-10-2023,Club Sandwich,Food,FOD-05,3,45000,135000,Debit Card,Take Away
5616,SUN-4354895,17-04-2023,New York Cheesecake,Dessert,DST-03,4,42000,168000,Digital Wallet,Online Order
5617,SUN-1090780,14-08-2023,Buttermilk Fried Chicken,Food,FOD-01,3,48000,144000,Debit Card,Take Away
5618,SUN-6592547,04-10-2023,New York Cheesecake,Dessert,DST-03,4,42000,168000,Debit Card,Online Order
5619,SUN-2300045,15-08-2023,Fudgy Brownies,Dessert,DST-02,3,25000,75000,Digital Wallet,Online Order
5620,SUN-4515150,05-12-2023,Club Sandwich,Food,FOD-05,3,45000,135000,Cash,Take Away
5621,SUN-1804459,08-06-2023,Classic Tirmaisu,Dessert,DST-01,2,38000,76000,Debit Card,Take Away
5622,SUN-9074492,05-03-2023,Buttermilk Fried Chicken,Food,FOD-01,4,48000,192000,Debit Card,Online Order
5623,SUN-7427599,17-06-2023,Buttermilk Fried Chicken,Food,FOD-01,2,48000,96000,Debit Card,Online Order
5624,SUN-6013910,31-01-2023,Cafe Latte,Drinks,DRK-03,4,32000,128000,Cash,Take Away
5625,SUN-2294473,29-12-2023,Espreso Single,Drinks,DRK-01,2,22000,44000,Digital Wallet,Take Away
5626,SUN-5155579,26-01-2023,Cinnamon Roll,Dessert,DST-05,3,28000,84000,Digital Wallet,Take Away
5627,SUN-1947407,05-06-2023,Club Sandwich,Food,FOD-05,2,45000,90000,Cash,Online Order
5628,SUN-7076925,11-05-2023,Cinnamon Roll,Dessert,DST-05,2,28000,56000,Debit Card,Dine in
5629,SUN-9369167,28-08-2023,New York Cheesecake,Dessert,DST-03,2,42000,84000,Digital Wallet,Online Order
5630,SUN-4710603,01-10-2023,Nasi Goreng Kampung,Food,FOD-03,4,38000,152000,Debit Card,Online Order
5631,SUN-2079848,02-02-2023,Fudgy Brownies,Dessert,DST-02,2,25000,50000,Debit Card,Dine in
5632,SUN-4454813,13-04-2023,Club Sandwich,Food,FOD-05,4,45000,180000,Cash,Online Order
5633,SUN-3830741,11-07-2023,Espreso Single,Drinks,DRK-01,3,22000,66000,Cash,Dine in
5634,SUN-8545765,13-09-2023,Fudgy Brownies,Dessert,DST-02,1,25000,25000,Debit Card,Take Away
5635,SUN-4110291,03-10-2023,Buttermilk Fried Chicken,Food,FOD-01,4,48000,192000,Cash,Take Away
5636,SUN-8248672,07-06-2023,Caramel Machiato,Drinks,DRK-04,3,38000,114000,Cash,Dine in
5637,SUN-8011440,21-06-2023,Buttermilk Fried Chicken,Food,FOD-01,2,48000,96000,Cash,Take Away
5638,SUN-4805635,09-02-2023,Espreso Single,Drinks,DRK-01,1,22000,22000,Debit Card,Online Order
5639,SUN-5155624,23-09-2023,Cinnamon Roll,Dessert,DST-05,1,28000,28000,Cash,Dine in
5640,SUN-4617022,12-02-2023,New York Cheesecake,Dessert,DST-03,2,42000,84000,Debit Card,Take Away
5641,SUN-4427887,31-08-2023,Creamy Maycha Latte,Drinks,DRK-05,1,35000,35000,Digital Wallet,Online Order
5642,SUN-2196345,30-04-2023,Caramel Machiato,Drinks,DRK-04,1,38000,38000,Debit Card,Dine in
5643,SUN-6964504,10-02-2023,New York Cheesecake,Dessert,DST-03,4,42000,168000,Cash,Dine in
5644,SUN-4762376,05-11-2023,Iced Americano,Drinks,DRK-02,4,28000,112000,Digital Wallet,Take Away
5645,SUN-5076334,24-06-2023,Choco Lava Cake,Dessert,DST-04,4,35000,140000,Debit Card,Dine in
5646,SUN-5007784,09-01-2023,Buttermilk Fried Chicken,Food,FOD-01,4,48000,192000,Digital Wallet,Dine in
5647,SUN-9223586,12-01-2023,Cinnamon Roll,Dessert,DST-05,2,28000,56000,Debit Card,Take Away
5648,SUN-9477366,13-07-2023,Grill Chicken Caesar Salad,Food,FOD-04,2,42000,84000,Digital Wallet,Take Away
5649,SUN-5672417,03-02-2023,Cinnamon Roll,Dessert,DST-05,1,28000,28000,Debit Card,Online Order
5650,SUN-7168530,08-09-2023,Iced Americano,Drinks,DRK-02,4,28000,112000,Digital Wallet,Online Order
5651,SUN-8915486,03-09-2023,Caramel Machiato,Drinks,DRK-04,4,38000,152000,Debit Card,Take Away
5652,SUN-8048196,01-09-2023,Iced Americano,Drinks,DRK-02,4,28000,112000,Debit Card,Dine in
5653,SUN-8796392,22-03-2023,Cafe Latte,Drinks,DRK-03,3,32000,96000,Digital Wallet,Online Order
5654,SUN-3961908,25-11-2023,Classic Tirmaisu,Dessert,DST-01,3,38000,114000,Cash,Dine in
5655,SUN-5552052,19-01-2023,Fudgy Brownies,Dessert,DST-02,3,25000,75000,Debit Card,Online Order
5656,SUN-8065120,15-11-2023,Cinnamon Roll,Dessert,DST-05,1,28000,28000,Debit Card,Dine in
5657,SUN-3742445,20-06-2023,Classic Tirmaisu,Dessert,DST-01,3,38000,114000,Digital Wallet,Dine in
5658,SUN-4419517,05-06-2023,Iced Americano,Drinks,DRK-02,2,28000,56000,Debit Card,Online Order
5659,SUN-9673114,12-09-2023,Choco Lava Cake,Dessert,DST-04,2,35000,70000,Debit Card,Dine in
5660,SUN-6780458,18-05-2023,Classic Tirmaisu,Dessert,DST-01,4,38000,152000,Cash,Take Away
5661,SUN-3074557,13-04-2023,Choco Lava Cake,Dessert,DST-04,3,35000,105000,Cash,Online Order
5662,SUN-9227601,19-05-2023,Espreso Single,Drinks,DRK-01,1,22000,22000,Cash,Dine in
5663,SUN-3972557,11-03-2023,Iced Americano,Drinks,DRK-02,4,28000,112000,Digital Wallet,Dine in
5664,SUN-3534734,26-06-2023,Buttermilk Fried Chicken,Food,FOD-01,3,48000,144000,Cash,Take Away
5665,SUN-9273808,26-03-2023,Grill Chicken Caesar Salad,Food,FOD-04,4,42000,168000,Debit Card,Online Order
5666,SUN-1789083,24-09-2023,New York Cheesecake,Dessert,DST-03,1,42000,42000,Cash,Take Away
5667,SUN-5942817,09-01-2023,Grill Chicken Caesar Salad,Food,FOD-04,1,42000,42000,Cash,Dine in
5668,SUN-8315875,14-04-2023,Iced Americano,Drinks,DRK-02,3,28000,84000,Digital Wallet,Online Order
5669,SUN-8142190,16-01-2023,Espreso Single,Drinks,DRK-01,1,22000,22000,Cash,Take Away
5670,SUN-3495189,07-01-2023,Club Sandwich,Food,FOD-05,1,45000,45000,Debit Card,Dine in
5671,SUN-7298795,18-06-2023,Grill Chicken Caesar Salad,Food,FOD-04,1,42000,42000,Debit Card,Online Order
5672,SUN-6422341,04-02-2023,Grill Chicken Caesar Salad,Food,FOD-04,3,42000,126000,Debit Card,Dine in
5673,SUN-9072949,20-03-2023,Espreso Single,Drinks,DRK-01,1,22000,22000,Digital Wallet,Online Order
5674,SUN-7193752,22-08-2023,Cafe Latte,Drinks,DRK-03,1,32000,32000,Cash,Dine in
5675,SUN-4055469,06-06-2023,Creamy Maycha Latte,Drinks,DRK-05,4,35000,140000,Cash,Take Away
5676,SUN-1003269,28-08-2023,Classic Tirmaisu,Dessert,DST-01,1,38000,38000,Digital Wallet,Online Order
5677,SUN-2314787,30-11-2023,Choco Lava Cake,Dessert,DST-04,2,35000,70000,Debit Card,Dine in
5678,SUN-9945656,07-01-2023,Caramel Machiato,Drinks,DRK-04,4,38000,152000,Debit Card,Take Away
5679,SUN-4953526,21-10-2023,Iced Americano,Drinks,DRK-02,3,28000,84000,Debit Card,Dine in
5680,SUN-4970395,07-02-2023,Buttermilk Fried Chicken,Food,FOD-01,1,48000,48000,Debit Card,Online Order
5681,SUN-5067423,29-10-2023,Iced Americano,Drinks,DRK-02,4,28000,112000,Debit Card,Online Order
5682,SUN-9503327,15-11-2023,Creamy Maycha Latte,Drinks,DRK-05,4,35000,140000,Debit Card,Online Order
5683,SUN-2013905,06-12-2023,Buttermilk Fried Chicken,Food,FOD-01,3,48000,144000,Debit Card,Take Away
5684,SUN-1986203,07-02-2023,Caramel Machiato,Drinks,DRK-04,3,38000,114000,Debit Card,Online Order
5685,SUN-3762836,01-09-2023,Caramel Machiato,Drinks,DRK-04,2,38000,76000,Debit Card,Dine in
5686,SUN-9254494,09-02-2023,Cinnamon Roll,Dessert,DST-05,1,28000,28000,Digital Wallet,Dine in
5687,SUN-4630701,09-06-2023,Creamy Maycha Latte,Drinks,DRK-05,4,35000,140000,Debit Card,Online Order
5688,SUN-2282362,29-03-2023,Cinnamon Roll,Dessert,DST-05,3,28000,84000,Debit Card,Dine in
5689,SUN-9051364,27-01-2023,Cafe Latte,Drinks,DRK-03,2,32000,64000,Digital Wallet,Online Order
5690,SUN-4051770,30-09-2023,Beef Carbonara Pasta,Food,FOD-02,4,52000,208000,Debit Card,Dine in
5691,SUN-2155534,21-09-2023,Cinnamon Roll,Dessert,DST-05,1,28000,28000,Debit Card,Take Away
5692,SUN-2552908,19-04-2023,Espreso Single,Drinks,DRK-01,2,22000,44000,Cash,Dine in
5693,SUN-2770272,10-02-2023,Fudgy Brownies,Dessert,DST-02,3,25000,75000,Digital Wallet,Take Away
5694,SUN-9051587,05-09-2023,Choco Lava Cake,Dessert,DST-04,3,35000,105000,Cash,Dine in
5695,SUN-6826960,21-04-2023,Grill Chicken Caesar Salad,Food,FOD-04,3,42000,126000,Cash,Dine in
5696,SUN-7057614,21-01-2023,Classic Tirmaisu,Dessert,DST-01,4,38000,152000,Debit Card,Online Order
5697,SUN-6678958,13-04-2023,Iced Americano,Drinks,DRK-02,2,28000,56000,Debit Card,Dine in
5698,SUN-2422936,23-05-2023,Beef Carbonara Pasta,Food,FOD-02,4,52000,208000,Debit Card,Online Order
5699,SUN-7321381,09-12-2023,Beef Carbonara Pasta,Food,FOD-02,3,52000,156000,Digital Wallet,Online Order
5700,SUN-1161125,06-03-2023,Buttermilk Fried Chicken,Food,FOD-01,3,48000,144000,Digital Wallet,Online Order
5701,SUN-3288146,13-11-2023,Iced Americano,Drinks,DRK-02,3,28000,84000,Debit Card,Online Order
5702,SUN-7361062,22-10-2023,Club Sandwich,Food,FOD-05,2,45000,90000,Cash,Take Away
5703,SUN-1040195,03-04-2023,Cinnamon Roll,Dessert,DST-05,4,28000,112000,Digital Wallet,Dine in
5704,SUN-5301792,31-05-2023,Caramel Machiato,Drinks,DRK-04,2,38000,76000,Debit Card,Online Order
5705,SUN-9490741,17-05-2023,Cafe Latte,Drinks,DRK-03,2,32000,64000,Cash,Online Order
5706,SUN-1689090,28-08-2023,Iced Americano,Drinks,DRK-02,4,28000,112000,Cash,Take Away
5707,SUN-4053014,24-06-2023,Iced Americano,Drinks,DRK-02,4,28000,112000,Debit Card,Take Away
5708,SUN-2189980,13-05-2023,Nasi Goreng Kampung,Food,FOD-03,4,38000,152000,Debit Card,Dine in
5709,SUN-9188391,18-01-2023,Grill Chicken Caesar Salad,Food,FOD-04,4,42000,168000,Digital Wallet,Dine in
5710,SUN-8073424,27-10-2023,Cafe Latte,Drinks,DRK-03,2,32000,64000,Cash,Dine in
5711,SUN-3679215,08-01-2023,Choco Lava Cake,Dessert,DST-04,3,35000,105000,Cash,Take Away
5712,SUN-8680676,25-01-2023,Cafe Latte,Drinks,DRK-03,2,32000,64000,Cash,Take Away
5713,SUN-3379299,27-07-2023,Choco Lava Cake,Dessert,DST-04,2,35000,70000,Cash,Dine in
5714,SUN-6937744,25-08-2023,Cafe Latte,Drinks,DRK-03,1,32000,32000,Cash,Take Away
5715,SUN-4614131,02-07-2023,Beef Carbonara Pasta,Food,FOD-02,1,52000,52000,Cash,Take Away
5716,SUN-5085750,09-07-2023,Caramel Machiato,Drinks,DRK-04,3,38000,114000,Digital Wallet,Dine in
5717,SUN-8977047,18-08-2023,Beef Carbonara Pasta,Food,FOD-02,2,52000,104000,Cash,Dine in
5718,SUN-7368376,04-08-2023,Fudgy Brownies,Dessert,DST-02,2,25000,50000,Debit Card,Take Away
5719,SUN-3144749,17-11-2023,Grill Chicken Caesar Salad,Food,FOD-04,3,42000,126000,Debit Card,Take Away
5720,SUN-9730297,30-04-2023,Cinnamon Roll,Dessert,DST-04,4,28000,112000,Digital Wallet,Online Order
5721,SUN-2381622,20-02-2023,Creamy Maycha Latte,Drinks,DRK-05,1,35000,35000,Cash,Take Away
5722,SUN-6711714,08-02-2023,Classic Tirmaisu,Dessert,DST-01,4,38000,152000,Cash,Dine in
5723,SUN-6764065,24-11-2023,Espreso Single,Drinks,DRK-01,4,22000,88000,Debit Card,Dine in
5724,SUN-8932502,07-08-2023,Iced Americano,Drinks,DRK-02,3,28000,84000,Debit Card,Online Order
5725,SUN-3372516,18-03-2023,Choco Lava Cake,Dessert,DST-04,3,35000,105000,Cash,Dine in
5726,SUN-3099624,27-10-2023,Creamy Maycha Latte,Drinks,DRK-05,4,35000,140000,Cash,Take Away
5727,SUN-7037053,03-12-2023,Choco Lava Cake,Dessert,DST-04,3,35000,105000,Cash,Take Away
5728,SUN-2498495,24-11-2023,Cinnamon Roll,Dessert,DST-05,3,28000,84000,Debit Card,Take Away
5729,SUN-3239510,27-02-2023,Beef Carbonara Pasta,Food,FOD-02,3,52000,156000,Debit Card,Dine in
5730,SUN-8090274,30-03-2023,Caramel Machiato,Drinks,DRK-04,1,38000,38000,Cash,Dine in
5731,SUN-5334122,26-05-2023,Classic Tirmaisu,Dessert,DST-01,2,38000,76000,Debit Card,Online Order
5732,SUN-1838714,03-03-2023,Iced Americano,Drinks,DRK-02,1,28000,28000,Cash,Take Away
5733,SUN-3146510,26-09-2023,Choco Lava Cake,Dessert,DST-04,4,35000,140000,Digital Wallet,Take Away
5734,SUN-2752675,13-10-2023,Espreso Single,Drinks,DRK-01,4,22000,88000,Debit Card,Online Order
5735,SUN-4575216,15-03-2023,Grill Chicken Caesar Salad,Food,FOD-04,1,42000,42000,Debit Card,Dine in
5736,SUN-6862240,10-11-2023,Creamy Maycha Latte,Drinks,DRK-05,1,35000,35000,Debit Card,Take Away
5737,SUN-7601874,12-02-2023,Classic Tirmaisu,Dessert,DST-01,1,38000,38000,Digital Wallet,Online Order
5738,SUN-5586062,23-10-2023,New York Cheesecake,Dessert,DST-03,4,42000,168000,Cash,Dine in
5739,SUN-8557580,09-04-2023,Creamy Maycha Latte,Drinks,DRK-05,4,35000,140000,Digital Wallet,Dine in
5740,SUN-1022613,07-08-2023,Buttermilk Fried Chicken,Food,FOD-01,2,48000,96000,Digital Wallet,Online Order
5741,SUN-8907357,03-05-2023,Nasi Goreng Kampung,Food,FOD-03,4,38000,152000,Debit Card,Dine in
5742,SUN-2575448,02-09-2023,Espreso Single,Drinks,DRK-01,2,22000,44000,Debit Card,Dine in
5743,SUN-7159439,20-11-2023,Iced Americano,Drinks,DRK-02,4,28000,112000,Debit Card,Dine in
5744,SUN-6104302,07-06-2023,Classic Tirmaisu,Dessert,DST-01,2,38000,76000,Digital Wallet,Online Order
5745,SUN-7311415,02-04-2023,Creamy Maycha Latte,Drinks,DRK-05,3,35000,105000,Debit Card,Dine in
5746,SUN-2043319,27-01-2023,Grill Chicken Caesar Salad,Food,FOD-04,2,42000,84000,Digital Wallet,Dine in
5747,SUN-8457012,06-09-2023,Beef Carbonara Pasta,Food,FOD-02,1,52000,52000,Debit Card,Take Away
5748,SUN-9904710,17-09-2023,Choco Lava Cake,Dessert,DST-04,4,35000,140000,Digital Wallet,Take Away
5749,SUN-5636766,01-11-2023,New York Cheesecake,Dessert,DST-03,3,42000,126000,Digital Wallet,Dine in
5750,SUN-1192490,15-04-2023,Club Sandwich,Food,FOD-05,4,45000,180000,Debit Card,Online Order
5751,SUN-1416726,05-01-2023,Cafe Latte,Drinks,DRK-03,1,32000,32000,Debit Card,Take Away
5752,SUN-6103089,03-11-2023,Buttermilk Fried Chicken,Food,FOD-01,1,48000,48000,Digital Wallet,Online Order
5753,SUN-7135017,10-04-2023,Cafe Latte,Drinks,DRK-03,2,32000,64000,Digital Wallet,Online Order
5754,SUN-8746914,21-09-2023,Grill Chicken Caesar Salad,Food,FOD-04,4,42000,168000,Digital Wallet,Take Away
5755,SUN-1637245,26-11-2023,Classic Tirmaisu,Dessert,DST-01,1,38000,38000,Digital Wallet,Take Away
5756,SUN-7233710,21-04-2023,Fudgy Brownies,Dessert,DST-02,2,25000,50000,Digital Wallet,Take Away
5757,SUN-8886603,01-08-2023,Cinnamon Roll,Dessert,DST-05,3,28000,84000,Debit Card,Online Order
5758,SUN-9119590,27-04-2023,Iced Americano,Drinks,DRK-02,1,28000,28000,Debit Card,Take Away
5759,SUN-4538483,03-03-2023,Cafe Latte,Drinks,DRK-03,4,32000,128000,Debit Card,Dine in
5760,SUN-5027387,20-03-2023,Creamy Maycha Latte,Drinks,DRK-05,2,35000,70000,Debit Card,Take Away
5761,SUN-5551788,30-06-2023,Beef Carbonara Pasta,Food,FOD-02,2,52000,104000,Digital Wallet,Online Order
5762,SUN-3779543,15-02-2023,New York Cheesecake,Dessert,DST-03,2,42000,84000,Cash,Dine in
5763,SUN-6696878,27-05-2023,Club Sandwich,Food,FOD-05,1,45000,45000,Digital Wallet,Dine in
5764,SUN-6478583,18-05-2023,Beef Carbonara Pasta,Food,FOD-02,1,52000,52000,Cash,Take Away
5765,SUN-1532471,01-11-2023,Creamy Maycha Latte,Drinks,DRK-05,2,35000,70000,Cash,Dine in
5766,SUN-1536081,27-07-2023,Club Sandwich,Food,FOD-05,1,45000,45000,Debit Card,Online Order
5767,SUN-9663948,17-10-2023,Iced Americano,Drinks,DRK-02,3,28000,84000,Debit Card,Online Order
5768,SUN-5741172,10-09-2023,Choco Lava Cake,Dessert,DST-04,3,35000,105000,Digital Wallet,Dine in
5769,SUN-4579450,29-04-2023,New York Cheesecake,Dessert,DST-03,3,42000,126000,Cash,Take Away
5770,SUN-2465887,31-03-2023,Choco Lava Cake,Dessert,DST-04,3,35000,105000,Debit Card,Dine in
5771,SUN-1751198,25-12-2023,Espreso Single,Drinks,DRK-01,1,22000,22000,Debit Card,Dine in
5772,SUN-5865773,08-11-2023,Nasi Goreng Kampung,Food,FOD-03,1,38000,38000,Debit Card,Take Away
5773,SUN-1015772,18-01-2023,Nasi Goreng Kampung,Food,FOD-03,1,38000,38000,Cash,Dine in
5774,SUN-8743722,06-10-2023,Buttermilk Fried Chicken,Food,FOD-01,3,48000,144000,Digital Wallet,Dine in
5775,SUN-6701767,29-11-2023,Fudgy Brownies,Dessert,DST-02,2,25000,50000,Digital Wallet,Dine in
5776,SUN-2659338,17-12-2023,Caramel Machiato,Drinks,DRK-04,1,38000,38000,Cash,Take Away
5777,SUN-2016211,05-02-2023,Buttermilk Fried Chicken,Food,FOD-01,2,48000,96000,Digital Wallet,Take Away
5778,SUN-1605879,26-05-2023,Beef Carbonara Pasta,Food,FOD-02,1,52000,52000,Digital Wallet,Take Away
5779,SUN-3757181,22-07-2023,Buttermilk Fried Chicken,Food,FOD-01,4,48000,192000,Debit Card,Take Away
5780,SUN-1641642,24-08-2023,Iced Americano,Drinks,DRK-02,1,28000,28000,Digital Wallet,Online Order
5781,SUN-6735323,02-06-2023,Grill Chicken Caesar Salad,Food,FOD-04,3,42000,126000,Cash,Dine in
5782,SUN-4510984,07-04-2023,Cafe Latte,Drinks,DRK-03,1,32000,32000,Digital Wallet,Dine in
5783,SUN-2437680,28-10-2023,Fudgy Brownies,Dessert,DST-02,2,25000,50000,Cash,Dine in
5784,SUN-3508273,06-11-2023,Fudgy Brownies,Dessert,DST-02,3,25000,75000,Debit Card,Dine in
5785,SUN-6865173,25-06-2023,Iced Americano,Drinks,DRK-02,4,28000,112000,Debit Card,Dine in
5786,SUN-5951346,17-03-2023,Fudgy Brownies,Dessert,DST-02,2,25000,50000,Digital Wallet,Take Away
5787,SUN-6823995,13-04-2023,Buttermilk Fried Chicken,Food,FOD-01,3,48000,144000,Cash,Dine in
5788,SUN-3209102,30-03-2023,Nasi Goreng Kampung,Food,FOD-03,3,38000,114000,Debit Card,Take Away
5789,SUN-7832290,18-09-2023,Cafe Latte,Drinks,DRK-03,3,32000,96000,Digital Wallet,Online Order
5790,SUN-3650806,11-07-2023,Caramel Machiato,Drinks,DRK-04,1,38000,38000,Debit Card,Take Away
5791,SUN-4092439,20-05-2023,Creamy Maycha Latte,Drinks,DRK-05,3,35000,105000,Cash,Take Away
5792,SUN-4878003,17-01-2023,Beef Carbonara Pasta,Food,FOD-02,3,52000,156000,Digital Wallet,Dine in
5793,SUN-6795596,05-06-2023,Creamy Maycha Latte,Drinks,DRK-05,3,35000,105000,Cash,Dine in
5794,SUN-8169001,27-10-2023,Cafe Latte,Drinks,DRK-03,2,32000,64000,Debit Card,Dine in
5795,SUN-4370687,25-10-2023,Fudgy Brownies,Dessert,DST-02,1,25000,25000,Debit Card,Take Away
5796,SUN-5163001,17-09-2023,New York Cheesecake,Dessert,DST-03,2,42000,84000,Cash,Dine in
5797,SUN-2109050,11-05-2023,Buttermilk Fried Chicken,Food,FOD-01,2,48000,96000,Debit Card,Take Away
5798,SUN-5281068,14-12-2023,Cafe Latte,Drinks,DRK-03,3,32000,96000,Digital Wallet,Dine in
5799,SUN-5290929,13-07-2023,Choco Lava Cake,Dessert,DST-04,2,35000,70000,Debit Card,Online Order
5800,SUN-2026622,23-07-2023,Caramel Machiato,Drinks,DRK-04,1,38000,38000,Debit Card,Online Order
5801,SUN-1860686,23-10-2023,Caramel Machiato,Drinks,DRK-04,1,38000,38000,Cash,Take Away
5802,SUN-7813761,04-03-2023,Cinnamon Roll,Dessert,DST-05,1,28000,28000,Digital Wallet,Online Order
5803,SUN-7641483,29-10-2023,Grill Chicken Caesar Salad,Food,FOD-04,3,42000,126000,Cash,Dine in
5804,SUN-4520638,28-12-2023,Buttermilk Fried Chicken,Food,FOD-01,2,48000,96000,Debit Card,Dine in
5805,SUN-7074691,07-09-2023,Classic Tirmaisu,Dessert,DST-01,4,38000,152000,Cash,Take Away
5806,SUN-9472990,03-09-2023,Espreso Single,Drinks,DRK-01,1,22000,22000,Digital Wallet,Online Order
5807,SUN-9986517,17-09-2023,Nasi Goreng Kampung,Food,FOD-03,4,38000,152000,Cash,Take Away
5808,SUN-1068319,27-05-2023,Espreso Single,Drinks,DRK-01,4,22000,88000,Debit Card,Online Order
5809,SUN-6655869,04-02-2023,Fudgy Brownies,Dessert,DST-02,3,25000,75000,Debit Card,Online Order
5810,SUN-3062243,29-07-2023,Fudgy Brownies,Dessert,DST-02,1,25000,25000,Cash,Dine in
5811,SUN-9796030,19-07-2023,Buttermilk Fried Chicken,Food,FOD-01,4,48000,192000,Debit Card,Dine in
5812,SUN-9231344,28-02-2023,Club Sandwich,Food,FOD-05,4,45000,180000,Digital Wallet,Take Away
5813,SUN-9418539,07-08-2023,Nasi Goreng Kampung,Food,FOD-03,1,38000,38000,Debit Card,Online Order
5814,SUN-1709759,09-10-2023,Cafe Latte,Drinks,DRK-03,3,32000,96000,Debit Card,Online Order
5815,SUN-2244115,21-02-2023,Iced Americano,Drinks,DRK-02,2,28000,56000,Digital Wallet,Take Away
5816,SUN-1524558,17-08-2023,Beef Carbonara Pasta,Food,FOD-02,3,52000,156000,Debit Card,Online Order
5817,SUN-7180177,21-11-2023,Nasi Goreng Kampung,Food,FOD-03,1,38000,38000,Digital Wallet,Dine in
5818,SUN-4048750,26-01-2023,Creamy Maycha Latte,Drinks,DRK-05,3,35000,105000,Digital Wallet,Take Away
5819,SUN-9537718,04-09-2023,Nasi Goreng Kampung,Food,FOD-03,1,38000,38000,Debit Card,Dine in
5820,SUN-5086544,27-01-2023,Grill Chicken Caesar Salad,Food,FOD-04,1,42000,42000,Digital Wallet,Online Order
5821,SUN-5815650,07-02-2023,Cinnamon Roll,Dessert,DST-05,1,28000,28000,Digital Wallet,Online Order
5822,SUN-9942075,08-11-2023,Buttermilk Fried Chicken,Food,FOD-01,1,48000,48000,Cash,Take Away
5823,SUN-1821650,14-02-2023,Beef Carbonara Pasta,Food,FOD-02,1,52000,52000,Digital Wallet,Take Away
5824,SUN-3329131,07-06-2023,Grill Chicken Caesar Salad,Food,FOD-04,1,42000,42000,Debit Card,Online Order
5825,SUN-1242849,07-02-2023,Fudgy Brownies,Dessert,DST-02,2,25000,50000,Debit Card,Online Order
5826,SUN-2883416,08-02-2023,Creamy Maycha Latte,Drinks,DRK-05,3,35000,105000,Digital Wallet,Online Order
5827,SUN-5734234,22-02-2023,Cafe Latte,Drinks,DRK-03,1,32000,32000,Digital Wallet,Dine in
5828,SUN-3276803,09-07-2023,Buttermilk Fried Chicken,Food,FOD-01,2,48000,96000,Cash,Take Away
5829,SUN-9483137,04-08-2023,Cafe Latte,Drinks,DRK-03,2,32000,64000,Debit Card,Dine in
5830,SUN-7281495,08-02-2023,Fudgy Brownies,Dessert,DST-02,3,25000,75000,Debit Card,Take Away
5831,SUN-9626606,05-02-2023,Espreso Single,Drinks,DRK-01,3,22000,66000,Digital Wallet,Dine in
5832,SUN-3037005,05-05-2023,New York Cheesecake,Dessert,DST-03,2,42000,84000,Digital Wallet,Take Away
5833,SUN-3206511,30-05-2023,Cafe Latte,Drinks,DRK-03,4,32000,128000,Digital Wallet,Online Order
5834,SUN-8649749,11-03-2023,Fudgy Brownies,Dessert,DST-02,1,25000,25000,Digital Wallet,Dine in
5835,SUN-3809814,16-04-2023,Nasi Goreng Kampung,Food,FOD-03,4,38000,152000,Digital Wallet,Online Order
5836,SUN-2841699,06-09-2023,New York Cheesecake,Dessert,DST-03,2,42000,84000,Digital Wallet,Online Order
5837,SUN-6703711,27-08-2023,Iced Americano,Drinks,DRK-02,3,28000,84000,Debit Card,Online Order
5838,SUN-5963977,30-10-2023,Caramel Machiato,Drinks,DRK-04,3,38000,114000,Digital Wallet,Online Order
5839,SUN-7168996,18-09-2023,Cinnamon Roll,Dessert,DST-05,4,28000,112000,Debit Card,Dine in
5840,SUN-9356359,16-06-2023,Cafe Latte,Drinks,DRK-03,2,32000,64000,Debit Card,Dine in
5841,SUN-4777925,22-08-2023,Buttermilk Fried Chicken,Food,FOD-01,2,48000,96000,Digital Wallet,Dine in
5842,SUN-1042785,14-12-2023,Grill Chicken Caesar Salad,Food,FOD-04,3,42000,126000,Cash,Dine in
5843,SUN-1510390,06-08-2023,Nasi Goreng Kampung,Food,FOD-03,3,38000,114000,Cash,Dine in
5844,SUN-5184144,04-08-2023,Caramel Machiato,Drinks,DRK-04,3,38000,114000,Debit Card,Take Away
5845,SUN-2779870,23-07-2023,Club Sandwich,Food,FOD-05,4,45000,180000,Debit Card,Dine in
5846,SUN-6408699,14-01-2023,Cinnamon Roll,Dessert,DST-05,1,28000,28000,Digital Wallet,Dine in
5847,SUN-5051188,08-10-2023,Espreso Single,Drinks,DRK-01,1,22000,22000,Digital Wallet,Online Order
5848,SUN-5384331,02-10-2023,Classic Tirmaisu,Dessert,DST-01,1,38000,38000,Digital Wallet,Online Order
5849,SUN-3860793,02-07-2023,Cafe Latte,Drinks,DRK-03,1,32000,32000,Debit Card,Dine in
5850,SUN-5051488,17-12-2023,Club Sandwich,Food,FOD-05,1,45000,45000,Digital Wallet,Online Order
5851,SUN-1864042,20-03-2023,New York Cheesecake,Dessert,DST-03,2,42000,84000,Cash,Take Away
5852,SUN-1874565,30-08-2023,Espreso Single,Drinks,DRK-01,2,22000,44000,Debit Card,Online Order
5853,SUN-3943746,09-02-2023,Grill Chicken Caesar Salad,Food,FOD-04,4,42000,168000,Cash,Take Away
5854,SUN-7923311,20-01-2023,Club Sandwich,Food,FOD-05,4,45000,180000,Digital Wallet,Online Order
5855,SUN-9486202,08-08-2023,Cinnamon Roll,Dessert,DST-05,2,28000,56000,Debit Card,Dine in
5856,SUN-6592661,27-09-2023,New York Cheesecake,Dessert,DST-03,3,42000,126000,Digital Wallet,Dine in
5857,SUN-1340681,21-10-2023,Cafe Latte,Drinks,DRK-03,1,32000,32000,Digital Wallet,Take Away
5858,SUN-3215096,24-01-2023,Grill Chicken Caesar Salad,Food,FOD-04,3,42000,126000,Digital Wallet,Online Order
5859,SUN-5856737,19-09-2023,Espreso Single,Drinks,DRK-01,1,22000,22000,Digital Wallet,Dine in
5860,SUN-8969659,15-08-2023,Caramel Machiato,Drinks,DRK-04,4,38000,152000,Digital Wallet,Take Away
5861,SUN-6055496,16-09-2023,Creamy Maycha Latte,Drinks,DRK-05,3,35000,105000,Digital Wallet,Take Away
5862,SUN-4856680,20-06-2023,Fudgy Brownies,Dessert,DST-02,3,25000,75000,Digital Wallet,Dine in
5863,SUN-3666774,11-10-2023,Grill Chicken Caesar Salad,Food,FOD-04,1,42000,42000,Digital Wallet,Online Order
5864,SUN-8158880,12-11-2023,Nasi Goreng Kampung,Food,FOD-03,3,38000,114000,Digital Wallet,Dine in
5865,SUN-2300725,30-01-2023,Choco Lava Cake,Dessert,DST-04,1,35000,35000,Digital Wallet,Online Order
5866,SUN-9548221,02-01-2023,Espreso Single,Drinks,DRK-01,1,22000,22000,Cash,Dine in
5867,SUN-8694364,07-11-2023,Classic Tirmaisu,Dessert,DST-01,2,38000,76000,Debit Card,Take Away
5868,SUN-9421574,15-06-2023,Creamy Maycha Latte,Drinks,DRK-05,1,35000,35000,Cash,Take Away
5869,SUN-7846428,12-01-2023,Cinnamon Roll,Dessert,DST-05,1,28000,28000,Debit Card,Dine in
5870,SUN-3648538,18-04-2023,Nasi Goreng Kampung,Food,FOD-03,1,38000,38000,Cash,Take Away
5871,SUN-8986209,24-07-2023,Fudgy Brownies,Dessert,DST-02,4,25000,100000,Debit Card,Dine in
5872,SUN-2564372,03-12-2023,Beef Carbonara Pasta,Food,FOD-02,3,52000,156000,Digital Wallet,Online Order
5873,SUN-7741066,01-06-2023,Creamy Maycha Latte,Drinks,DRK-05,2,35000,70000,Debit Card,Dine in
5874,SUN-5556933,13-06-2023,Cafe Latte,Drinks,DRK-03,2,32000,64000,Digital Wallet,Dine in
5875,SUN-8153712,18-02-2023,Espreso Single,Drinks,DRK-01,2,22000,44000,Digital Wallet,Dine in
5876,SUN-2488557,12-02-2023,Espreso Single,Drinks,DRK-01,2,22000,44000,Cash,Take Away
5877,SUN-5224219,29-07-2023,Beef Carbonara Pasta,Food,FOD-02,2,52000,104000,Cash,Take Away
5878,SUN-2119975,23-06-2023,Creamy Maycha Latte,Drinks,DRK-05,2,35000,70000,Debit Card,Take Away
5879,SUN-1964121,11-02-2023,Club Sandwich,Food,FOD-05,1,45000,45000,Digital Wallet,Online Order
5880,SUN-1248581,18-07-2023,Club Sandwich,Food,FOD-05,4,45000,180000,Cash,Dine in
5881,SUN-8795516,19-01-2023,Buttermilk Fried Chicken,Food,FOD-01,3,48000,144000,Debit Card,Take Away
5882,SUN-2318578,18-05-2023,Caramel Machiato,Drinks,DRK-04,1,38000,38000,Debit Card,Dine in
5883,SUN-1566769,17-09-2023,Buttermilk Fried Chicken,Food,FOD-01,3,48000,144000,Cash,Take Away
5884,SUN-8048771,22-07-2023,Iced Americano,Drinks,DRK-02,3,28000,84000,Digital Wallet,Take Away
5885,SUN-5770254,22-11-2023,Buttermilk Fried Chicken,Food,FOD-01,4,48000,192000,Digital Wallet,Dine in
5886,SUN-9004022,30-10-2023,Buttermilk Fried Chicken,Food,FOD-01,2,48000,96000,Debit Card,Take Away
5887,SUN-6315559,10-06-2023,Beef Carbonara Pasta,Food,FOD-02,4,52000,208000,Digital Wallet,Online Order
5888,SUN-8851299,30-09-2023,New York Cheesecake,Dessert,DST-03,4,42000,168000,Cash,Take Away
5889,SUN-1073925,22-10-2023,Club Sandwich,Food,FOD-05,2,45000,90000,Cash,Dine in
5890,SUN-4486428,08-12-2023,Fudgy Brownies,Dessert,DST-02,1,25000,25000,Digital Wallet,Dine in
5891,SUN-1702193,15-12-2023,Choco Lava Cake,Dessert,DST-04,4,35000,140000,Debit Card,Dine in
5892,SUN-3919942,30-09-2023,Club Sandwich,Food,FOD-05,3,45000,135000,Debit Card,Online Order
5893,SUN-7240709,24-09-2023,Creamy Maycha Latte,Drinks,DRK-05,4,35000,140000,Digital Wallet,Take Away
5894,SUN-9985829,10-11-2023,Cafe Latte,Drinks,DRK-03,2,32000,64000,Digital Wallet,Online Order
5895,SUN-7786892,03-06-2023,Beef Carbonara Pasta,Food,FOD-02,4,52000,208000,Digital Wallet,Online Order
5896,SUN-3630549,21-03-2023,Fudgy Brownies,Dessert,DST-02,2,25000,50000,Debit Card,Online Order
5897,SUN-8197634,11-12-2023,Iced Americano,Drinks,DRK-02,1,28000,28000,Cash,Dine in
5898,SUN-5077058,24-07-2023,Beef Carbonara Pasta,Food,FOD-02,4,52000,208000,Digital Wallet,Online Order
5899,SUN-3729170,01-04-2023,Cinnamon Roll,Dessert,DST-04,4,28000,112000,Debit Card,Take Away
5900,SUN-6492455,16-06-2023,Cinnamon Roll,Dessert,DST-05,1,28000,28000,Debit Card,Take Away
5901,SUN-3588886,29-03-2023,Creamy Maycha Latte,Drinks,DRK-05,1,35000,35000,Digital Wallet,Dine in
5902,SUN-4241965,15-12-2023,Classic Tirmaisu,Dessert,DST-01,1,38000,38000,Digital Wallet,Dine in
5903,SUN-1287476,02-09-2023,Espreso Single,Drinks,DRK-01,1,22000,22000,Cash,Take Away
5904,SUN-2774691,18-09-2023,Nasi Goreng Kampung,Food,FOD-03,3,38000,114000,Debit Card,Online Order
5905,SUN-1462230,29-10-2023,Cafe Latte,Drinks,DRK-03,1,32000,32000,Cash,Dine in
5906,SUN-5150261,28-11-2023,Classic Tirmaisu,Dessert,DST-01,1,38000,38000,Cash,Dine in
5907,SUN-8087734,06-04-2023,Iced Americano,Drinks,DRK-02,4,28000,112000,Digital Wallet,Dine in
5908,SUN-5034399,08-03-2023,Creamy Maycha Latte,Drinks,DRK-05,3,35000,105000,Debit Card,Online Order
5909,SUN-3486483,25-04-2023,Cafe Latte,Drinks,DRK-03,1,32000,32000,Debit Card,Dine in
5910,SUN-2202933,25-04-2023,Beef Carbonara Pasta,Food,FOD-02,3,52000,156000,Digital Wallet,Dine in
5911,SUN-2091766,11-01-2023,Club Sandwich,Food,FOD-05,1,45000,45000,Digital Wallet,Take Away
5912,SUN-5097464,21-06-2023,Choco Lava Cake,Dessert,DST-04,3,35000,105000,Debit Card,Dine in
5913,SUN-1588579,04-02-2023,Espreso Single,Drinks,DRK-01,3,22000,66000,Debit Card,Dine in
5914,SUN-3194170,27-12-2023,Creamy Maycha Latte,Drinks,DRK-05,2,35000,70000,Digital Wallet,Dine in
5915,SUN-5578224,01-05-2023,Nasi Goreng Kampung,Food,FOD-03,2,38000,76000,Digital Wallet,Online Order
5916,SUN-6981477,09-03-2023,Beef Carbonara Pasta,Food,FOD-02,1,52000,52000,Digital Wallet,Take Away
5917,SUN-9156360,04-02-2023,Choco Lava Cake,Dessert,DST-04,1,35000,35000,Digital Wallet,Take Away
5918,SUN-8087931,28-04-2023,Fudgy Brownies,Dessert,DST-02,3,25000,75000,Digital Wallet,Online Order
5919,SUN-2592510,09-01-2023,Nasi Goreng Kampung,Food,FOD-03,1,38000,38000,Debit Card,Dine in
5920,SUN-9570616,16-07-2023,Espreso Single,Drinks,DRK-01,3,22000,66000,Digital Wallet,Take Away
5921,SUN-2681835,09-10-2023,Club Sandwich,Food,FOD-05,3,45000,135000,Digital Wallet,Dine in
5922,SUN-1132278,11-05-2023,Choco Lava Cake,Dessert,DST-04,2,35000,70000,Digital Wallet,Online Order
5923,SUN-9998777,19-11-2023,Nasi Goreng Kampung,Food,FOD-03,3,38000,114000,Cash,Online Order
5924,SUN-4274650,29-05-2023,Espreso Single,Drinks,DRK-01,2,22000,44000,Digital Wallet,Take Away
5925,SUN-4800535,19-02-2023,Choco Lava Cake,Dessert,DST-04,2,35000,70000,Cash,Take Away
5926,SUN-7161426,06-05-2023,Cafe Latte,Drinks,DRK-03,1,32000,32000,Cash,Dine in
5927,SUN-9691239,06-05-2023,Grill Chicken Caesar Salad,Food,FOD-04,1,42000,42000,Cash,Take Away
5928,SUN-2935110,22-02-2023,Caramel Machiato,Drinks,DRK-04,2,38000,76000,Digital Wallet,Take Away
5929,SUN-9297141,06-01-2023,Iced Americano,Drinks,DRK-02,2,28000,56000,Debit Card,Take Away
5930,SUN-8208558,19-04-2023,Nasi Goreng Kampung,Food,FOD-03,4,38000,152000,Digital Wallet,Online Order
5931,SUN-4034757,03-06-2023,Cafe Latte,Drinks,DRK-03,3,32000,96000,Cash,Take Away
5932,SUN-6183418,01-10-2023,Caramel Machiato,Drinks,DRK-04,4,38000,152000,Cash,Take Away
5933,SUN-3998431,13-02-2023,Cinnamon Roll,Dessert,DST-05,4,28000,112000,Debit Card,Take Away
5934,SUN-2740386,16-02-2023,Caramel Machiato,Drinks,DRK-04,3,38000,114000,Debit Card,Dine in
5935,SUN-7787876,19-03-2023,Choco Lava Cake,Dessert,DST-04,4,35000,140000,Digital Wallet,Take Away
5936,SUN-1957118,26-09-2023,Caramel Machiato,Drinks,DRK-04,3,38000,114000,Cash,Dine in
5937,SUN-1059999,05-09-2023,Cafe Latte,Drinks,DRK-03,3,32000,96000,Debit Card,Dine in
5938,SUN-4554525,29-05-2023,Nasi Goreng Kampung,Food,FOD-03,2,38000,76000,Digital Wallet,Take Away
5939,SUN-6964196,19-09-2023,Classic Tirmaisu,Dessert,DST-01,1,38000,38000,Debit Card,Take Away
5940,SUN-2122406,25-11-2023,Buttermilk Fried Chicken,Food,FOD-01,3,48000,144000,Debit Card,Take Away
5941,SUN-8543035,08-02-2023,Grill Chicken Caesar Salad,Food,FOD-04,2,42000,84000,Digital Wallet,Dine in
5942,SUN-5261443,09-09-2023,Buttermilk Fried Chicken,Food,FOD-01,2,48000,96000,Digital Wallet,Take Away
5943,SUN-9811847,19-10-2023,Buttermilk Fried Chicken,Food,FOD-01,2,48000,96000,Cash,Take Away
5944,SUN-6861231,21-06-2023,Buttermilk Fried Chicken,Food,FOD-01,1,48000,48000,Digital Wallet,Take Away
5945,SUN-1728002,02-11-2023,Nasi Goreng Kampung,Food,FOD-03,3,38000,114000,Debit Card,Take Away
5946,SUN-9256303,25-03-2023,Cafe Latte,Drinks,DRK-03,4,32000,128000,Cash,Take Away
5947,SUN-6315525,09-04-2023,Creamy Maycha Latte,Drinks,DRK-05,3,35000,105000,Digital Wallet,Dine in
5948,SUN-8912219,09-02-2023,Cinnamon Roll,Dessert,DST-05,3,28000,84000,Cash,Take Away
5949,SUN-4445884,22-12-2023,Buttermilk Fried Chicken,Food,FOD-01,2,48000,96000,Debit Card,Online Order
5950,SUN-1931515,11-01-2023,Grill Chicken Caesar Salad,Food,FOD-04,4,42000,168000,Cash,Take Away
5951,SUN-3693655,04-05-2023,Cafe Latte,Drinks,DRK-03,3,32000,96000,Cash,Take Away
5952,SUN-5089544,24-06-2023,Iced Americano,Drinks,DRK-02,4,28000,112000,Digital Wallet,Dine in
5953,SUN-3487182,05-04-2023,Nasi Goreng Kampung,Food,FOD-03,1,38000,38000,Digital Wallet,Dine in
5954,SUN-3821116,22-12-2023,Club Sandwich,Food,FOD-05,4,45000,180000,Digital Wallet,Dine in
5955,SUN-5853883,27-02-2023,Creamy Maycha Latte,Drinks,DRK-05,2,35000,70000,Cash,Take Away
5956,SUN-5339605,06-02-2023,Club Sandwich,Food,FOD-05,4,45000,180000,Digital Wallet,Take Away
5957,SUN-4693684,18-12-2023,Club Sandwich,Food,FOD-05,4,45000,180000,Digital Wallet,Take Away
5958,SUN-3608700,01-02-2023,Club Sandwich,Food,FOD-05,3,45000,135000,Debit Card,Take Away
5959,SUN-1176320,26-12-2023,Buttermilk Fried Chicken,Food,FOD-01,3,48000,144000,Digital Wallet,Online Order
5960,SUN-6332135,18-04-2023,Grill Chicken Caesar Salad,Food,FOD-04,2,42000,84000,Cash,Take Away
5961,SUN-8163621,13-10-2023,Buttermilk Fried Chicken,Food,FOD-01,1,48000,48000,Digital Wallet,Take Away
5962,SUN-2966530,24-06-2023,Buttermilk Fried Chicken,Food,FOD-01,2,48000,96000,Digital Wallet,Take Away
5963,SUN-8051141,20-04-2023,Nasi Goreng Kampung,Food,FOD-03,1,38000,38000,Cash,Take Away
5964,SUN-7647162,15-02-2023,Espreso Single,Drinks,DRK-01,2,22000,44000,Cash,Dine in
5965,SUN-9332197,10-03-2023,Fudgy Brownies,Dessert,DST-02,4,25000,100000,Debit Card,Take Away
5966,SUN-5581911,04-11-2023,Choco Lava Cake,Dessert,DST-04,4,35000,140000,Digital Wallet,Online Order
5967,SUN-9303049,25-10-2023,Choco Lava Cake,Dessert,DST-04,2,35000,70000,Digital Wallet,Take Away
5968,SUN-4259461,05-07-2023,Beef Carbonara Pasta,Food,FOD-02,3,52000,156000,Debit Card,Online Order
5969,SUN-7467949,27-10-2023,Classic Tirmaisu,Dessert,DST-01,2,38000,76000,Digital Wallet,Online Order
5970,SUN-7387403,10-09-2023,Creamy Maycha Latte,Drinks,DRK-05,2,35000,70000,Cash,Dine in
5971,SUN-6296019,10-09-2023,Cafe Latte,Drinks,DRK-03,2,32000,64000,Debit Card,Take Away
5972,SUN-1363624,20-08-2023,Iced Americano,Drinks,DRK-02,4,28000,112000,Debit Card,Dine in
5973,SUN-1057678,06-01-2023,Classic Tirmaisu,Dessert,DST-01,3,38000,114000,Digital Wallet,Dine in
5974,SUN-8636380,18-12-2023,Espreso Single,Drinks,DRK-01,4,22000,88000,Digital Wallet,Dine in
5975,SUN-5765206,02-02-2023,Nasi Goreng Kampung,Food,FOD-03,3,38000,114000,Digital Wallet,Dine in
5976,SUN-4227976,08-05-2023,Club Sandwich,Food,FOD-05,2,45000,90000,Digital Wallet,Take Away
5977,SUN-8068596,28-07-2023,Espreso Single,Drinks,DRK-01,3,22000,66000,Debit Card,Online Order
5978,SUN-4842159,06-10-2023,Buttermilk Fried Chicken,Food,FOD-01,1,48000,48000,Digital Wallet,Online Order
5979,SUN-4818796,15-01-2023,Beef Carbonara Pasta,Food,FOD-02,4,52000,208000,Digital Wallet,Dine in
5980,SUN-7829163,02-08-2023,Iced Americano,Drinks,DRK-02,3,28000,84000,Cash,Take Away
5981,SUN-6866025,26-10-2023,Espreso Single,Drinks,DRK-01,3,22000,66000,Digital Wallet,Take Away
5982,SUN-6518973,23-01-2023,Choco Lava Cake,Dessert,DST-04,4,35000,140000,Debit Card,Take Away
5983,SUN-4200010,23-12-2023,New York Cheesecake,Dessert,DST-03,4,42000,168000,Debit Card,Online Order
5984,SUN-7485893,29-03-2023,Buttermilk Fried Chicken,Food,FOD-01,3,48000,144000,Cash,Dine in
5985,SUN-4007919,23-12-2023,Grill Chicken Caesar Salad,Food,FOD-04,3,42000,126000,Debit Card,Online Order
5986,SUN-3533646,05-03-2023,Cinnamon Roll,Dessert,DST-05,1,28000,28000,Debit Card,Take Away
5987,SUN-6599730,30-10-2023,Iced Americano,Drinks,DRK-02,1,28000,28000,Cash,Dine in
5988,SUN-9520820,20-12-2023,Cafe Latte,Drinks,DRK-03,3,32000,96000,Digital Wallet,Online Order
5989,SUN-4287778,15-01-2023,New York Cheesecake,Dessert,DST-03,2,42000,84000,Digital Wallet,Take Away
5990,SUN-3373231,07-07-2023,Cinnamon Roll,Dessert,DST-05,1,28000,28000,Debit Card,Online Order
5991,SUN-5933258,11-02-2023,Espreso Single,Drinks,DRK-01,4,22000,88000,Debit Card,Online Order
5992,SUN-4081168,27-11-2023,Classic Tirmaisu,Dessert,DST-01,4,38000,152000,Digital Wallet,Dine in
5993,SUN-8631450,24-12-2023,Caramel Machiato,Drinks,DRK-04,4,38000,152000,Digital Wallet,Dine in
5994,SUN-9157601,14-03-2023,New York Cheesecake,Dessert,DST-03,2,42000,84000,Digital Wallet,Online Order
5995,SUN-6500963,17-07-2023,Buttermilk Fried Chicken,Food,FOD-01,1,48000,48000,Debit Card,Take Away
5996,SUN-3067745,22-05-2023,Espreso Single,Drinks,DRK-01,1,22000,22000,Debit Card,Take Away
5997,SUN-8771704,10-02-2023,Cafe Latte,Drinks,DRK-03,1,32000,32000,Debit Card,Dine in
5998,SUN-3715580,17-07-2023,Buttermilk Fried Chicken,Food,FOD-01,1,48000,48000,Debit Card,Dine in
5999,SUN-8665867,02-01-2023,Buttermilk Fried Chicken,Food,FOD-01,3,48000,144000,Debit Card,Take Away
6000,SUN-2527607,19-08-2023,Nasi Goreng Kampung,Food,FOD-03,3,38000,114000,Digital Wallet,Take Away
6001,SUN-9053758,12-02-2023,Cafe Latte,Drinks,DRK-03,3,32000,96000,Cash,Take Away
6002,SUN-8411329,14-10-2023,Caramel Machiato,Drinks,DRK-04,3,38000,114000,Digital Wallet,Dine in
6003,SUN-8844192,17-11-2023,Fudgy Brownies,Dessert,DST-02,1,25000,25000,Debit Card,Online Order
6004,SUN-5350222,16-05-2023,Caramel Machiato,Drinks,DRK-04,3,38000,114000,Cash,Take Away
6005,SUN-8630554,20-04-2023,Caramel Machiato,Drinks,DRK-04,4,38000,152000,Debit Card,Online Order
6006,SUN-8578745,08-01-2023,Grill Chicken Caesar Salad,Food,FOD-04,3,42000,126000,Digital Wallet,Dine in
6007,SUN-6196303,30-09-2023,Buttermilk Fried Chicken,Food,FOD-01,2,48000,96000,Digital Wallet,Dine in
6008,SUN-5710746,24-08-2023,Espreso Single,Drinks,DRK-01,2,22000,44000,Debit Card,Online Order
6009,SUN-4803781,09-12-2023,Choco Lava Cake,Dessert,DST-04,3,35000,105000,Digital Wallet,Take Away
6010,SUN-5442634,31-08-2023,Nasi Goreng Kampung,Food,FOD-03,4,38000,152000,Debit Card,Dine in
6011,SUN-5662672,10-05-2023,Iced Americano,Drinks,DRK-02,1,28000,28000,Digital Wallet,Dine in
6012,SUN-3309783,05-09-2023,Fudgy Brownies,Dessert,DST-02,3,25000,75000,Digital Wallet,Dine in
6013,SUN-2455430,06-12-2023,Choco Lava Cake,Dessert,DST-04,3,35000,105000,Digital Wallet,Dine in
6014,SUN-7473390,18-12-2023,Choco Lava Cake,Dessert,DST-04,4,35000,140000,Debit Card,Take Away
6015,SUN-2387419,19-11-2023,Cinnamon Roll,Dessert,DST-05,3,28000,84000,Digital Wallet,Online Order
6016,SUN-4051991,27-01-2023,Fudgy Brownies,Dessert,DST-02,3,25000,75000,Debit Card,Take Away
6017,SUN-2405974,14-02-2023,Cafe Latte,Drinks,DRK-03,2,32000,64000,Cash,Dine in
6018,SUN-3193279,12-11-2023,Caramel Machiato,Drinks,DRK-04,1,38000,38000,Cash,Take Away
6019,SUN-8517127,16-02-2023,Cafe Latte,Drinks,DRK-03,3,32000,96000,Digital Wallet,Online Order
6020,SUN-7533310,30-08-2023,Creamy Maycha Latte,Drinks,DRK-05,1,35000,35000,Cash,Dine in
6021,SUN-2396304,25-11-2023,Classic Tirmaisu,Dessert,DST-01,3,38000,114000,Digital Wallet,Take Away
6022,SUN-2695199,04-05-2023,Beef Carbonara Pasta,Food,FOD-02,1,52000,52000,Debit Card,Take Away
6023,SUN-7529978,02-11-2023,Buttermilk Fried Chicken,Food,FOD-01,3,48000,144000,Digital Wallet,Take Away
6024,SUN-3305229,03-02-2023,Buttermilk Fried Chicken,Food,FOD-01,4,48000,192000,Cash,Take Away
6025,SUN-8812264,28-10-2023,Club Sandwich,Food,FOD-05,2,45000,90000,Debit Card,Take Away
6026,SUN-7486216,12-10-2023,Iced Americano,Drinks,DRK-02,4,28000,112000,Digital Wallet,Dine in
6027,SUN-5453168,01-09-2023,Caramel Machiato,Drinks,DRK-04,1,38000,38000,Digital Wallet,Dine in
6028,SUN-9839325,04-02-2023,Iced Americano,Drinks,DRK-02,3,28000,84000,Digital Wallet,Dine in
6029,SUN-5298226,16-12-2023,Club Sandwich,Food,FOD-05,3,45000,135000,Debit Card,Online Order
6030,SUN-9804887,29-11-2023,Buttermilk Fried Chicken,Food,FOD-01,3,48000,144000,Debit Card,Take Away
6031,SUN-5300589,03-06-2023,Choco Lava Cake,Dessert,DST-04,3,35000,105000,Cash,Dine in
6032,SUN-5234563,15-09-2023,Creamy Maycha Latte,Drinks,DRK-05,4,35000,140000,Digital Wallet,Take Away
6033,SUN-7165930,26-10-2023,Caramel Machiato,Drinks,DRK-04,2,38000,76000,Cash,Take Away
6034,SUN-2129355,31-05-2023,Fudgy Brownies,Dessert,DST-02,2,25000,50000,Debit Card,Dine in
6035,SUN-3281809,10-10-2023,Iced Americano,Drinks,DRK-02,1,28000,28000,Digital Wallet,Take Away
6036,SUN-4599946,19-04-2023,Fudgy Brownies,Dessert,DST-02,2,25000,50000,Debit Card,Dine in
6037,SUN-5486246,09-06-2023,Club Sandwich,Food,FOD-05,3,45000,135000,Digital Wallet,Dine in
6038,SUN-2567199,10-06-2023,Iced Americano,Drinks,DRK-02,3,28000,84000,Cash,Take Away
6039,SUN-8998835,17-04-2023,Club Sandwich,Food,FOD-05,3,45000,135000,Cash,Take Away
6040,SUN-4694803,19-06-2023,Caramel Machiato,Drinks,DRK-04,1,38000,38000,Digital Wallet,Online Order
6041,SUN-6232253,11-02-2023,Nasi Goreng Kampung,Food,FOD-03,1,38000,38000,Debit Card,Dine in
6042,SUN-9979230,06-09-2023,Cafe Latte,Drinks,DRK-03,4,32000,128000,Digital Wallet,Online Order
6043,SUN-3433670,14-12-2023,Nasi Goreng Kampung,Food,FOD-03,1,38000,38000,Debit Card,Dine in
6044,SUN-8809813,27-09-2023,Caramel Machiato,Drinks,DRK-04,3,38000,114000,Debit Card,Take Away
6045,SUN-3069205,27-10-2023,Classic Tirmaisu,Dessert,DST-01,2,38000,76000,Debit Card,Dine in
6046,SUN-5391597,07-04-2023,Nasi Goreng Kampung,Food,FOD-03,4,38000,152000,Cash,Online Order
6047,SUN-1303360,29-09-2023,Choco Lava Cake,Dessert,DST-04,2,35000,70000,Debit Card,Take Away
6048,SUN-2453822,02-03-2023,Nasi Goreng Kampung,Food,FOD-03,1,38000,38000,Cash,Dine in
6049,SUN-4736721,02-04-2023,Choco Lava Cake,Dessert,DST-04,4,35000,140000,Digital Wallet,Take Away
6050,SUN-2215440,29-12-2023,Cinnamon Roll,Dessert,DST-05,2,28000,56000,Cash,Dine in
6051,SUN-4472152,27-10-2023,Club Sandwich,Food,FOD-05,2,45000,90000,Digital Wallet,Take Away
6052,SUN-7982450,02-04-2023,Nasi Goreng Kampung,Food,FOD-03,1,38000,38000,Debit Card,Online Order
6053,SUN-5835008,13-03-2023,Creamy Maycha Latte,Drinks,DRK-05,1,35000,35000,Debit Card,Take Away
6054,SUN-7512655,11-11-2023,Club Sandwich,Food,FOD-05,4,45000,180000,Debit Card,Dine in
6055,SUN-1430541,20-08-2023,Choco Lava Cake,Dessert,DST-04,1,35000,35000,Cash,Dine in
6056,SUN-8848922,30-10-2023,Beef Carbonara Pasta,Food,FOD-02,3,52000,156000,Digital Wallet,Take Away
6057,SUN-3118844,01-03-2023,Buttermilk Fried Chicken,Food,FOD-01,2,48000,96000,Digital Wallet,Take Away
6058,SUN-3340150,14-06-2023,Club Sandwich,Food,FOD-05,4,45000,180000,Digital Wallet,Dine in
6059,SUN-8796795,15-06-2023,Caramel Machiato,Drinks,DRK-04,4,38000,152000,Cash,Take Away
6060,SUN-6229131,28-06-2023,Beef Carbonara Pasta,Food,FOD-02,1,52000,52000,Debit Card,Take Away
6061,SUN-3926246,12-08-2023,Creamy Maycha Latte,Drinks,DRK-05,4,35000,140000,Cash,Take Away
6062,SUN-8573087,01-03-2023,Nasi Goreng Kampung,Food,FOD-03,2,38000,76000,Debit Card,Take Away
6063,SUN-6440803,20-09-2023,Nasi Goreng Kampung,Food,FOD-03,3,38000,114000,Cash,Take Away
6064,SUN-2100146,13-05-2023,Classic Tirmaisu,Dessert,DST-01,3,38000,114000,Debit Card,Dine in
6065,SUN-8552000,01-12-2023,Club Sandwich,Food,FOD-05,3,45000,135000,Digital Wallet,Take Away
6066,SUN-7990040,13-06-2023,Club Sandwich,Food,FOD-05,1,45000,45000,Cash,Dine in
6067,SUN-5448703,16-12-2023,Iced Americano,Drinks,DRK-02,1,28000,28000,Cash,Take Away
6068,SUN-5643968,17-06-2023,Grill Chicken Caesar Salad,Food,FOD-04,3,42000,126000,Digital Wallet,Online Order
6069,SUN-5616142,05-10-2023,Nasi Goreng Kampung,Food,FOD-03,4,38000,152000,Digital Wallet,Online Order
6070,SUN-5884754,13-02-2023,Buttermilk Fried Chicken,Food,FOD-01,4,48000,192000,Digital Wallet,Online Order
6071,SUN-4210771,17-01-2023,Fudgy Brownies,Dessert,DST-02,3,25000,75000,Debit Card,Dine in
6072,SUN-9814851,26-06-2023,Espreso Single,Drinks,DRK-01,1,22000,22000,Digital Wallet,Online Order
6073,SUN-2429473,22-05-2023,Iced Americano,Drinks,DRK-02,1,28000,28000,Debit Card,Online Order
6074,SUN-8465570,31-12-2023,Beef Carbonara Pasta,Food,FOD-02,3,52000,156000,Cash,Take Away
6075,SUN-9900582,23-09-2023,New York Cheesecake,Dessert,DST-03,3,42000,126000,Debit Card,Take Away
6076,SUN-6212132,22-03-2023,Buttermilk Fried Chicken,Food,FOD-01,4,48000,192000,Digital Wallet,Online Order
6077,SUN-7356948,13-11-2023,New York Cheesecake,Dessert,DST-03,2,42000,84000,Debit Card,Dine in
6078,SUN-3527977,13-07-2023,Cafe Latte,Drinks,DRK-03,4,32000,128000,Debit Card,Take Away
6079,SUN-3805585,09-01-2023,New York Cheesecake,Dessert,DST-03,2,42000,84000,Cash,Dine in
6080,SUN-1523403,14-10-2023,Grill Chicken Caesar Salad,Food,FOD-04,4,42000,168000,Debit Card,Dine in
6081,SUN-9574091,26-05-2023,Fudgy Brownies,Dessert,DST-02,2,25000,50000,Cash,Dine in
6082,SUN-3848081,11-01-2023,Iced Americano,Drinks,DRK-02,2,28000,56000,Digital Wallet,Take Away
6083,SUN-5877196,08-12-2023,Buttermilk Fried Chicken,Food,FOD-01,1,48000,48000,Debit Card,Take Away
6084,SUN-4315947,11-11-2023,Nasi Goreng Kampung,Food,FOD-03,2,38000,76000,Cash,Take Away
6085,SUN-6206906,05-12-2023,Caramel Machiato,Drinks,DRK-04,3,38000,114000,Cash,Dine in
6086,SUN-7041089,09-07-2023,Caramel Machiato,Drinks,DRK-04,2,38000,76000,Digital Wallet,Online Order
6087,SUN-7997023,19-11-2023,Creamy Maycha Latte,Drinks,DRK-05,4,35000,140000,Digital Wallet,Online Order
6088,SUN-9877440,05-10-2023,Choco Lava Cake,Dessert,DST-04,2,35000,70000,Digital Wallet,Take Away
6089,SUN-9808447,25-02-2023,Club Sandwich,Food,FOD-05,1,45000,45000,Cash,Online Order
6090,SUN-9874260,18-12-2023,Nasi Goreng Kampung,Food,FOD-03,1,38000,38000,Digital Wallet,Take Away
6091,SUN-4227488,28-04-2023,Grill Chicken Caesar Salad,Food,FOD-04,3,42000,126000,Debit Card,Dine in
6092,SUN-1615197,05-01-2023,Caramel Machiato,Drinks,DRK-04,1,38000,38000,Digital Wallet,Dine in
6093,SUN-6815668,05-12-2023,Buttermilk Fried Chicken,Food,FOD-01,2,48000,96000,Cash,Dine in
6094,SUN-6560842,27-03-2023,Espreso Single,Drinks,DRK-01,3,22000,66000,Debit Card,Dine in
6095,SUN-7581500,02-12-2023,Grill Chicken Caesar Salad,Food,FOD-04,3,42000,126000,Debit Card,Dine in
6096,SUN-1919963,09-02-2023,Caramel Machiato,Drinks,DRK-04,4,38000,152000,Digital Wallet,Take Away
6097,SUN-6831924,18-12-2023,Iced Americano,Drinks,DRK-02,3,28000,84000,Cash,Dine in
6098,SUN-1610623,16-03-2023,Cinnamon Roll,Dessert,DST-05,3,28000,84000,Digital Wallet,Online Order
6099,SUN-6624230,13-09-2023,Fudgy Brownies,Dessert,DST-02,1,25000,25000,Cash,Dine in
6100,SUN-6083269,28-12-2023,Buttermilk Fried Chicken,Food,FOD-01,2,48000,96000,Digital Wallet,Dine in
6101,SUN-2020337,17-09-2023,New York Cheesecake,Dessert,DST-03,4,42000,168000,Cash,Online Order
6102,SUN-8284252,24-05-2023,Classic Tirmaisu,Dessert,DST-01,1,38000,38000,Digital Wallet,Online Order
6103,SUN-9365874,03-04-2023,Creamy Maycha Latte,Drinks,DRK-05,1,35000,35000,Digital Wallet,Dine in
6104,SUN-6570254,06-01-2023,Choco Lava Cake,Dessert,DST-04,2,35000,70000,Cash,Dine in
6105,SUN-1851069,17-09-2023,Choco Lava Cake,Dessert,DST-04,4,35000,140000,Debit Card,Online Order
6106,SUN-6120297,15-11-2023,Caramel Machiato,Drinks,DRK-04,2,38000,76000,Digital Wallet,Dine in
6107,SUN-5093641,07-04-2023,Iced Americano,Drinks,DRK-02,4,28000,112000,Cash,Online Order
6108,SUN-2908109,18-10-2023,Fudgy Brownies,Dessert,DST-02,4,25000,100000,Cash,Take Away
6109,SUN-9598512,04-11-2023,Cafe Latte,Drinks,DRK-03,4,32000,128000,Cash,Dine in
6110,SUN-9800622,18-01-2023,Fudgy Brownies,Dessert,DST-02,3,25000,75000,Digital Wallet,Online Order
6111,SUN-4052621,09-08-2023,Classic Tirmaisu,Dessert,DST-01,3,38000,114000,Cash,Dine in
6112,SUN-6117459,27-02-2023,Espreso Single,Drinks,DRK-01,2,22000,44000,Digital Wallet,Online Order
6113,SUN-2232343,14-04-2023,Cafe Latte,Drinks,DRK-03,3,32000,96000,Debit Card,Online Order
6114,SUN-1067199,18-07-2023,Grill Chicken Caesar Salad,Food,FOD-04,1,42000,42000,Cash,Take Away
6115,SUN-1053192,24-02-2023,Cafe Latte,Drinks,DRK-03,4,32000,128000,Debit Card,Take Away
6116,SUN-1457483,17-04-2023,Buttermilk Fried Chicken,Food,FOD-01,2,48000,96000,Digital Wallet,Take Away
6117,SUN-1228960,15-02-2023,Choco Lava Cake,Dessert,DST-04,1,35000,35000,Debit Card,Online Order
6118,SUN-7912905,24-02-2023,Iced Americano,Drinks,DRK-02,3,28000,84000,Digital Wallet,Dine in
6119,SUN-7291356,25-02-2023,Caramel Machiato,Drinks,DRK-04,4,38000,152000,Digital Wallet,Online Order
6120,SUN-1426504,30-12-2023,Caramel Machiato,Drinks,DRK-04,3,38000,114000,Digital Wallet,Online Order
6121,SUN-4765952,01-12-2023,Creamy Maycha Latte,Drinks,DRK-05,3,35000,105000,Digital Wallet,Dine in
6122,SUN-5909434,29-06-2023,Beef Carbonara Pasta,Food,FOD-02,4,52000,208000,Digital Wallet,Take Away
6123,SUN-7651739,15-05-2023,Classic Tirmaisu,Dessert,DST-01,4,38000,152000,Cash,Online Order
6124,SUN-1611193,24-10-2023,Espreso Single,Drinks,DRK-01,2,22000,44000,Debit Card,Online Order
6125,SUN-7696646,26-07-2023,Cafe Latte,Drinks,DRK-03,4,32000,128000,Cash,Dine in
6126,SUN-4020156,19-01-2023,New York Cheesecake,Dessert,DST-03,3,42000,126000,Debit Card,Take Away
6127,SUN-6979258,23-02-2023,Beef Carbonara Pasta,Food,FOD-02,1,52000,52000,Cash,Dine in
6128,SUN-6115683,21-07-2023,Buttermilk Fried Chicken,Food,FOD-01,3,48000,144000,Debit Card,Take Away
6129,SUN-3080173,24-11-2023,Choco Lava Cake,Dessert,DST-04,3,35000,105000,Cash,Dine in
6130,SUN-6305839,29-08-2023,Nasi Goreng Kampung,Food,FOD-03,4,38000,152000,Debit Card,Dine in
6131,SUN-6919060,29-12-2023,Buttermilk Fried Chicken,Food,FOD-01,2,48000,96000,Digital Wallet,Dine in
6132,SUN-8084498,30-10-2023,New York Cheesecake,Dessert,DST-03,1,42000,42000,Cash,Dine in
6133,SUN-8246550,07-07-2023,Creamy Maycha Latte,Drinks,DRK-05,2,35000,70000,Debit Card,Online Order
6134,SUN-2262387,07-12-2023,Beef Carbonara Pasta,Food,FOD-02,1,52000,52000,Digital Wallet,Online Order
6135,SUN-3853841,13-12-2023,Club Sandwich,Food,FOD-05,1,45000,45000,Digital Wallet,Online Order
6136,SUN-6224706,26-11-2023,Grill Chicken Caesar Salad,Food,FOD-04,2,42000,84000,Digital Wallet,Online Order
6137,SUN-8695516,21-12-2023,Choco Lava Cake,Dessert,DST-04,1,35000,35000,Debit Card,Online Order
6138,SUN-1762243,12-01-2023,Iced Americano,Drinks,DRK-02,4,28000,112000,Digital Wallet,Online Order
6139,SUN-1851251,04-09-2023,Grill Chicken Caesar Salad,Food,FOD-04,1,42000,42000,Debit Card,Dine in
6140,SUN-4258141,09-02-2023,Club Sandwich,Food,FOD-05,3,45000,135000,Cash,Dine in
6141,SUN-5200059,22-02-2023,Fudgy Brownies,Dessert,DST-02,2,25000,50000,Debit Card,Online Order
6142,SUN-4051115,29-01-2023,Classic Tirmaisu,Dessert,DST-01,2,38000,76000,Digital Wallet,Dine in
6143,SUN-4683012,29-08-2023,Cafe Latte,Drinks,DRK-03,1,32000,32000,Cash,Take Away
6144,SUN-9338071,02-07-2023,Caramel Machiato,Drinks,DRK-04,1,38000,38000,Debit Card,Online Order
6145,SUN-1870091,08-03-2023,Iced Americano,Drinks,DRK-02,1,28000,28000,Debit Card,Dine in
6146,SUN-7573864,11-10-2023,Beef Carbonara Pasta,Food,FOD-02,4,52000,208000,Debit Card,Online Order
6147,SUN-4237849,23-11-2023,New York Cheesecake,Dessert,DST-03,4,42000,168000,Cash,Take Away
6148,SUN-9451640,18-09-2023,Club Sandwich,Food,FOD-05,3,45000,135000,Digital Wallet,Take Away
6149,SUN-1241500,22-11-2023,Fudgy Brownies,Dessert,DST-02,1,25000,25000,Digital Wallet,Dine in
6150,SUN-8279170,15-04-2023,New York Cheesecake,Dessert,DST-03,1,42000,42000,Digital Wallet,Take Away
6151,SUN-2403519,07-03-2023,Beef Carbonara Pasta,Food,FOD-02,4,52000,208000,Debit Card,Online Order
6152,SUN-4301883,13-09-2023,Classic Tirmaisu,Dessert,DST-01,2,38000,76000,Debit Card,Take Away
6153,SUN-9623183,10-05-2023,Club Sandwich,Food,FOD-05,2,45000,90000,Digital Wallet,Take Away
6154,SUN-7742297,21-02-2023,Grill Chicken Caesar Salad,Food,FOD-04,3,42000,126000,Cash,Take Away
6155,SUN-3107652,07-09-2023,Cafe Latte,Drinks,DRK-03,1,32000,32000,Debit Card,Take Away
6156,SUN-3621596,02-05-2023,Beef Carbonara Pasta,Food,FOD-02,2,52000,104000,Debit Card,Online Order
6157,SUN-7155184,29-03-2023,Beef Carbonara Pasta,Food,FOD-02,1,52000,52000,Debit Card,Dine in
6158,SUN-4751235,19-08-2023,Caramel Machiato,Drinks,DRK-04,2,38000,76000,Digital Wallet,Dine in
6159,SUN-8739397,04-11-2023,Iced Americano,Drinks,DRK-02,3,28000,84000,Digital Wallet,Online Order
6160,SUN-6434726,27-10-2023,Creamy Maycha Latte,Drinks,DRK-05,3,35000,105000,Debit Card,Online Order
6161,SUN-3311546,05-07-2023,Beef Carbonara Pasta,Food,FOD-02,4,52000,208000,Debit Card,Online Order
6162,SUN-3758975,07-12-2023,Beef Carbonara Pasta,Food,FOD-02,2,52000,104000,Digital Wallet,Take Away
6163,SUN-7122015,25-08-2023,Caramel Machiato,Drinks,DRK-04,2,38000,76000,Debit Card,Dine in
6164,SUN-4853480,30-10-2023,Caramel Machiato,Drinks,DRK-04,4,38000,152000,Digital Wallet,Take Away
6165,SUN-4811359,16-06-2023,Iced Americano,Drinks,DRK-02,3,28000,84000,Digital Wallet,Dine in
6166,SUN-9110671,09-08-2023,Caramel Machiato,Drinks,DRK-04,3,38000,114000,Debit Card,Dine in
6167,SUN-4323947,22-10-2023,Iced Americano,Drinks,DRK-02,4,28000,112000,Digital Wallet,Dine in
6168,SUN-1358564,04-01-2023,Nasi Goreng Kampung,Food,FOD-03,4,38000,152000,Digital Wallet,Take Away
6169,SUN-6011969,16-10-2023,Cafe Latte,Drinks,DRK-03,3,32000,96000,Digital Wallet,Take Away
6170,SUN-1402947,25-07-2023,Nasi Goreng Kampung,Food,FOD-03,4,38000,152000,Cash,Take Away
6171,SUN-9098517,21-10-2023,Classic Tirmaisu,Dessert,DST-01,3,38000,114000,Debit Card,Online Order
6172,SUN-6334130,06-06-2023,Choco Lava Cake,Dessert,DST-04,1,35000,35000,Digital Wallet,Dine in
6173,SUN-8247894,14-05-2023,Buttermilk Fried Chicken,Food,FOD-01,3,48000,144000,Digital Wallet,Take Away
6174,SUN-9130120,22-03-2023,Caramel Machiato,Drinks,DRK-04,4,38000,152000,Cash,Take Away
6175,SUN-3018173,11-05-2023,Choco Lava Cake,Dessert,DST-04,1,35000,35000,Debit Card,Online Order
6176,SUN-4691746,16-05-2023,Iced Americano,Drinks,DRK-02,3,28000,84000,Debit Card,Online Order
6177,SUN-8866235,30-03-2023,Cafe Latte,Drinks,DRK-03,4,32000,128000,Digital Wallet,Online Order
6178,SUN-8090857,20-07-2023,Beef Carbonara Pasta,Food,FOD-02,4,52000,208000,Debit Card,Dine in
6179,SUN-3206990,25-11-2023,Buttermilk Fried Chicken,Food,FOD-01,2,48000,96000,Cash,Dine in
6180,SUN-1617308,04-10-2023,Creamy Maycha Latte,Drinks,DRK-05,2,35000,70000,Digital Wallet,Online Order
6181,SUN-5391971,12-02-2023,Cafe Latte,Drinks,DRK-03,1,32000,32000,Digital Wallet,Take Away
6182,SUN-1859855,17-02-2023,Choco Lava Cake,Dessert,DST-04,4,35000,140000,Debit Card,Take Away
6183,SUN-9595212,10-05-2023,Caramel Machiato,Drinks,DRK-04,4,38000,152000,Cash,Take Away
6184,SUN-5432524,11-09-2023,Club Sandwich,Food,FOD-05,1,45000,45000,Digital Wallet,Take Away
6185,SUN-3565360,13-01-2023,Fudgy Brownies,Dessert,DST-02,1,25000,25000,Digital Wallet,Dine in
6186,SUN-5709419,22-10-2023,Creamy Maycha Latte,Drinks,DRK-05,2,35000,70000,Debit Card,Take Away
6187,SUN-7241078,28-08-2023,Classic Tirmaisu,Dessert,DST-01,3,38000,114000,Digital Wallet,Online Order
6188,SUN-4064252,12-05-2023,Iced Americano,Drinks,DRK-02,3,28000,84000,Digital Wallet,Take Away
6189,SUN-8846320,17-12-2023,Fudgy Brownies,Dessert,DST-02,3,25000,75000,Cash,Take Away
6190,SUN-6922728,26-11-2023,Cafe Latte,Drinks,DRK-03,2,32000,64000,Debit Card,Online Order
6191,SUN-4519317,15-07-2023,Choco Lava Cake,Dessert,DST-04,3,35000,105000,Digital Wallet,Online Order
6192,SUN-1226278,28-09-2023,Caramel Machiato,Drinks,DRK-04,3,38000,114000,Digital Wallet,Take Away
6193,SUN-7418930,13-01-2023,New York Cheesecake,Dessert,DST-03,1,42000,42000,Debit Card,Online Order
6194,SUN-1359277,23-01-2023,New York Cheesecake,Dessert,DST-03,2,42000,84000,Debit Card,Online Order
6195,SUN-4923063,09-05-2023,Beef Carbonara Pasta,Food,FOD-02,4,52000,208000,Digital Wallet,Take Away
6196,SUN-3187525,18-12-2023,Espreso Single,Drinks,DRK-01,1,22000,22000,Debit Card,Take Away
6197,SUN-5110781,30-08-2023,Cafe Latte,Drinks,DRK-03,1,32000,32000,Cash,Take Away
6198,SUN-5286839,12-10-2023,Iced Americano,Drinks,DRK-02,1,28000,28000,Digital Wallet,Online Order
6199,SUN-6542898,28-02-2023,Creamy Maycha Latte,Drinks,DRK-05,3,35000,105000,Debit Card,Take Away
6200,SUN-6327187,17-09-2023,Cafe Latte,Drinks,DRK-03,1,32000,32000,Debit Card,Online Order
6201,SUN-2414327,09-07-2023,Espreso Single,Drinks,DRK-01,4,22000,88000,Debit Card,Online Order
6202,SUN-9581262,15-06-2023,Caramel Machiato,Drinks,DRK-04,4,38000,152000,Digital Wallet,Take Away
6203,SUN-9128275,04-05-2023,Grill Chicken Caesar Salad,Food,FOD-04,2,42000,84000,Digital Wallet,Take Away
6204,SUN-8084471,01-10-2023,New York Cheesecake,Dessert,DST-03,3,42000,126000,Cash,Dine in
6205,SUN-6908625,17-01-2023,Cinnamon Roll,Dessert,DST-05,2,28000,56000,Cash,Dine in
6206,SUN-8654566,03-10-2023,Cafe Latte,Drinks,DRK-03,3,32000,96000,Debit Card,Dine in
6207,SUN-9361726,13-10-2023,Buttermilk Fried Chicken,Food,FOD-01,3,48000,144000,Debit Card,Dine in
6208,SUN-5796211,19-05-2023,Nasi Goreng Kampung,Food,FOD-03,1,38000,38000,Digital Wallet,Take Away
6209,SUN-9491012,16-04-2023,Creamy Maycha Latte,Drinks,DRK-05,3,35000,105000,Digital Wallet,Take Away
6210,SUN-8146006,17-02-2023,Cinnamon Roll,Dessert,DST-05,4,28000,112000,Debit Card,Online Order
6211,SUN-6774257,08-03-2023,Beef Carbonara Pasta,Food,FOD-02,2,52000,104000,Cash,Take Away
6212,SUN-6626155,31-03-2023,New York Cheesecake,Dessert,DST-03,2,42000,84000,Cash,Dine in
6213,SUN-7152997,28-08-2023,Cafe Latte,Drinks,DRK-03,3,32000,96000,Digital Wallet,Online Order
6214,SUN-4957821,05-04-2023,Espreso Single,Drinks,DRK-01,2,22000,44000,Cash,Dine in
6215,SUN-2839775,10-06-2023,Cafe Latte,Drinks,DRK-03,2,32000,64000,Cash,Dine in
6216,SUN-7980834,20-01-2023,Espreso Single,Drinks,DRK-01,4,22000,88000,Digital Wallet,Online Order
6217,SUN-7489046,29-04-2023,Beef Carbonara Pasta,Food,FOD-02,2,52000,104000,Debit Card,Dine in
6218,SUN-8158499,18-06-2023,Creamy Maycha Latte,Drinks,DRK-05,1,35000,35000,Debit Card,Online Order
6219,SUN-2174765,07-02-2023,Club Sandwich,Food,FOD-05,3,45000,135000,Cash,Take Away
6220,SUN-5512852,30-08-2023,Beef Carbonara Pasta,Food,FOD-02,1,52000,52000,Debit Card,Online Order
6221,SUN-4845867,27-12-2023,Caramel Machiato,Drinks,DRK-04,1,38000,38000,Digital Wallet,Dine in
6222,SUN-6985758,20-09-2023,Grill Chicken Caesar Salad,Food,FOD-04,4,42000,168000,Debit Card,Dine in
6223,SUN-8770458,05-08-2023,Classic Tirmaisu,Dessert,DST-01,3,38000,114000,Digital Wallet,Dine in
6224,SUN-3952632,04-04-2023,Club Sandwich,Food,FOD-05,4,45000,180000,Debit Card,Dine in
6225,SUN-9845992,11-06-2023,Buttermilk Fried Chicken,Food,FOD-01,1,48000,48000,Digital Wallet,Dine in
6226,SUN-4332942,12-08-2023,Choco Lava Cake,Dessert,DST-04,2,35000,70000,Digital Wallet,Online Order
6227,SUN-3141424,03-08-2023,Iced Americano,Drinks,DRK-02,1,28000,28000,Digital Wallet,Online Order
6228,SUN-1538635,10-12-2023,New York Cheesecake,Dessert,DST-03,3,42000,126000,Debit Card,Online Order
6229,SUN-4855739,15-06-2023,Fudgy Brownies,Dessert,DST-02,1,25000,25000,Debit Card,Take Away
6230,SUN-5215136,07-11-2023,Espreso Single,Drinks,DRK-01,4,22000,88000,Debit Card,Online Order
6231,SUN-7915544,16-10-2023,Buttermilk Fried Chicken,Food,FOD-01,3,48000,144000,Debit Card,Take Away
6232,SUN-5971630,26-08-2023,Creamy Maycha Latte,Drinks,DRK-05,2,35000,70000,Cash,Dine in
6233,SUN-8559718,13-11-2023,New York Cheesecake,Dessert,DST-03,3,42000,126000,Digital Wallet,Online Order
6234,SUN-4390601,03-04-2023,Cafe Latte,Drinks,DRK-03,4,32000,128000,Debit Card,Dine in
6235,SUN-1177072,21-04-2023,Iced Americano,Drinks,DRK-02,2,28000,56000,Debit Card,Online Order
6236,SUN-7742249,06-11-2023,Nasi Goreng Kampung,Food,FOD-03,2,38000,76000,Debit Card,Take Away
6237,SUN-4439210,06-12-2023,Classic Tirmaisu,Dessert,DST-01,1,38000,38000,Debit Card,Dine in
6238,SUN-1978659,29-08-2023,Grill Chicken Caesar Salad,Food,FOD-04,4,42000,168000,Cash,Dine in
6239,SUN-6481113,18-04-2023,Grill Chicken Caesar Salad,Food,FOD-04,4,42000,168000,Digital Wallet,Take Away
6240,SUN-6493610,18-11-2023,Cinnamon Roll,Dessert,DST-05,3,28000,84000,Debit Card,Online Order
6241,SUN-3588410,21-08-2023,Espreso Single,Drinks,DRK-01,1,22000,22000,Digital Wallet,Take Away
6242,SUN-5021713,28-06-2023,Buttermilk Fried Chicken,Food,FOD-01,4,48000,192000,Digital Wallet,Dine in
6243,SUN-2660888,11-12-2023,Cafe Latte,Drinks,DRK-03,2,32000,64000,Debit Card,Take Away
6244,SUN-7979092,19-09-2023,Beef Carbonara Pasta,Food,FOD-02,1,52000,52000,Digital Wallet,Dine in
6245,SUN-4347890,12-09-2023,Iced Americano,Drinks,DRK-02,1,28000,28000,Cash,Online Order
6246,SUN-4208410,02-07-2023,Caramel Machiato,Drinks,DRK-04,3,38000,114000,Digital Wallet,Online Order
6247,SUN-5368232,20-01-2023,Beef Carbonara Pasta,Food,FOD-02,2,52000,104000,Cash,Dine in
6248,SUN-2954124,06-05-2023,Buttermilk Fried Chicken,Food,FOD-01,2,48000,96000,Debit Card,Online Order
6249,SUN-4333360,15-08-2023,Grill Chicken Caesar Salad,Food,FOD-04,2,42000,84000,Digital Wallet,Take Away
6250,SUN-2539487,22-03-2023,Grill Chicken Caesar Salad,Food,FOD-04,1,42000,42000,Debit Card,Take Away
6251,SUN-9589815,09-11-2023,Grill Chicken Caesar Salad,Food,FOD-04,2,42000,84000,Digital Wallet,Take Away
6252,SUN-9297084,15-11-2023,Espreso Single,Drinks,DRK-01,3,22000,66000,Digital Wallet,Online Order
6253,SUN-9279446,20-01-2023,Cinnamon Roll,Dessert,DST-05,2,28000,56000,Cash,Take Away
6254,SUN-9493988,26-03-2023,Fudgy Brownies,Dessert,DST-02,2,25000,50000,Cash,Take Away
6255,SUN-6123477,15-03-2023,Iced Americano,Drinks,DRK-02,1,28000,28000,Digital Wallet,Online Order
6256,SUN-7555296,20-06-2023,Grill Chicken Caesar Salad,Food,FOD-04,3,42000,126000,Digital Wallet,Online Order
6257,SUN-7034651,30-05-2023,Fudgy Brownies,Dessert,DST-02,1,25000,25000,Debit Card,Dine in
6258,SUN-4453909,26-05-2023,Caramel Machiato,Drinks,DRK-04,3,38000,114000,Debit Card,Online Order
6259,SUN-9525978,23-05-2023,Creamy Maycha Latte,Drinks,DRK-05,1,35000,35000,Digital Wallet,Dine in
6260,SUN-8103675,05-09-2023,Iced Americano,Drinks,DRK-02,1,28000,28000,Debit Card,Dine in
6261,SUN-4784072,24-12-2023,Nasi Goreng Kampung,Food,FOD-03,1,38000,38000,Digital Wallet,Take Away
6262,SUN-3872123,09-04-2023,New York Cheesecake,Dessert,DST-03,3,42000,126000,Debit Card,Take Away
6263,SUN-3321777,01-02-2023,Club Sandwich,Food,FOD-05,3,45000,135000,Cash,Dine in
6264,SUN-8037482,08-09-2023,Caramel Machiato,Drinks,DRK-04,1,38000,38000,Debit Card,Dine in
6265,SUN-8794108,06-03-2023,Beef Carbonara Pasta,Food,FOD-02,2,52000,104000,Debit Card,Take Away
6266,SUN-4181829,01-11-2023,Creamy Maycha Latte,Drinks,DRK-05,4,35000,140000,Cash,Dine in
6267,SUN-5347567,20-08-2023,Fudgy Brownies,Dessert,DST-02,4,25000,100000,Debit Card,Take Away
6268,SUN-3915303,09-02-2023,Club Sandwich,Food,FOD-05,4,45000,180000,Digital Wallet,Take Away
6269,SUN-9937623,10-02-2023,Classic Tirmaisu,Dessert,DST-01,1,38000,38000,Debit Card,Online Order
6270,SUN-7212558,14-01-2023,Caramel Machiato,Drinks,DRK-04,4,38000,152000,Digital Wallet,Dine in
6271,SUN-6617291,14-08-2023,Creamy Maycha Latte,Drinks,DRK-05,3,35000,105000,Cash,Take Away
6272,SUN-9971507,21-08-2023,Buttermilk Fried Chicken,Food,FOD-01,2,48000,96000,Digital Wallet,Dine in
6273,SUN-2510182,19-08-2023,Caramel Machiato,Drinks,DRK-04,4,38000,152000,Digital Wallet,Online Order
6274,SUN-6189251,05-07-2023,Caramel Machiato,Drinks,DRK-04,1,38000,38000,Debit Card,Online Order
6275,SUN-1954284,21-07-2023,Buttermilk Fried Chicken,Food,FOD-01,3,48000,144000,Debit Card,Dine in
6276,SUN-5339705,27-08-2023,Classic Tirmaisu,Dessert,DST-01,4,38000,152000,Digital Wallet,Online Order
6277,SUN-7527749,04-06-2023,Caramel Machiato,Drinks,DRK-04,1,38000,38000,Cash,Dine in
6278,SUN-7673342,05-02-2023,Fudgy Brownies,Dessert,DST-02,4,25000,100000,Digital Wallet,Online Order
6279,SUN-5283719,21-06-2023,Iced Americano,Drinks,DRK-02,4,28000,112000,Digital Wallet,Take Away
6280,SUN-8779564,08-09-2023,Fudgy Brownies,Dessert,DST-02,4,25000,100000,Digital Wallet,Take Away
6281,SUN-7650031,16-05-2023,New York Cheesecake,Dessert,DST-03,1,42000,42000,Digital Wallet,Online Order
6282,SUN-3840817,24-05-2023,Choco Lava Cake,Dessert,DST-04,4,35000,140000,Cash,Dine in
6283,SUN-4910120,22-05-2023,Caramel Machiato,Drinks,DRK-04,3,38000,114000,Debit Card,Online Order
6284,SUN-8131002,12-11-2023,Classic Tirmaisu,Dessert,DST-01,4,38000,152000,Digital Wallet,Online Order
6285,SUN-7076090,08-05-2023,Buttermilk Fried Chicken,Food,FOD-01,4,48000,192000,Debit Card,Dine in
6286,SUN-4902966,21-12-2023,Caramel Machiato,Drinks,DRK-04,2,38000,76000,Cash,Dine in
6287,SUN-6492142,22-04-2023,Classic Tirmaisu,Dessert,DST-01,3,38000,114000,Digital Wallet,Take Away
6288,SUN-4706037,01-01-2023,Creamy Maycha Latte,Drinks,DRK-05,4,35000,140000,Debit Card,Online Order
6289,SUN-4344170,04-03-2023,Creamy Maycha Latte,Drinks,DRK-05,4,35000,140000,Digital Wallet,Online Order
6290,SUN-4071051,13-04-2023,Classic Tirmaisu,Dessert,DST-01,2,38000,76000,Cash,Dine in
6291,SUN-5543217,25-07-2023,Cafe Latte,Drinks,DRK-03,4,32000,128000,Digital Wallet,Take Away
6292,SUN-1069329,04-10-2023,Iced Americano,Drinks,DRK-02,3,28000,84000,Cash,Take Away
6293,SUN-1699362,10-08-2023,Classic Tirmaisu,Dessert,DST-01,3,38000,114000,Digital Wallet,Dine in
6294,SUN-4526730,14-12-2023,Cinnamon Roll,Dessert,DST-05,1,28000,28000,Debit Card,Take Away
6295,SUN-8641124,18-07-2023,Nasi Goreng Kampung,Food,FOD-03,3,38000,114000,Debit Card,Take Away
6296,SUN-9755208,13-10-2023,Fudgy Brownies,Dessert,DST-02,1,25000,25000,Cash,Dine in
6297,SUN-3145597,05-07-2023,Iced Americano,Drinks,DRK-02,4,28000,112000,Debit Card,Dine in
6298,SUN-8217969,24-05-2023,Grill Chicken Caesar Salad,Food,FOD-04,3,42000,126000,Debit Card,Take Away
6299,SUN-8483875,23-10-2023,Grill Chicken Caesar Salad,Food,FOD-04,2,42000,84000,Digital Wallet,Online Order
6300,SUN-3158379,08-08-2023,Club Sandwich,Food,FOD-05,1,45000,45000,Debit Card,Online Order
6301,SUN-3736877,30-11-2023,Creamy Maycha Latte,Drinks,DRK-05,2,35000,70000,Digital Wallet,Online Order
6302,SUN-7476665,01-02-2023,Grill Chicken Caesar Salad,Food,FOD-04,3,42000,126000,Debit Card,Online Order
6303,SUN-8613212,23-01-2023,Buttermilk Fried Chicken,Food,FOD-01,1,48000,48000,Debit Card,Online Order
6304,SUN-4902390,22-06-2023,Buttermilk Fried Chicken,Food,FOD-01,1,48000,48000,Debit Card,Dine in
6305,SUN-4181745,28-05-2023,Classic Tirmaisu,Dessert,DST-01,4,38000,152000,Debit Card,Online Order
6306,SUN-7294383,20-05-2023,Fudgy Brownies,Dessert,DST-02,2,25000,50000,Digital Wallet,Take Away
6307,SUN-6416431,21-06-2023,Nasi Goreng Kampung,Food,FOD-03,1,38000,38000,Digital Wallet,Dine in
6308,SUN-8021199,31-03-2023,Grill Chicken Caesar Salad,Food,FOD-04,3,42000,126000,Debit Card,Online Order
6309,SUN-6592191,06-02-2023,Creamy Maycha Latte,Drinks,DRK-05,4,35000,140000,Digital Wallet,Dine in
6310,SUN-7616288,30-11-2023,Classic Tirmaisu,Dessert,DST-01,4,38000,152000,Debit Card,Online Order
6311,SUN-9641875,02-05-2023,Fudgy Brownies,Dessert,DST-02,4,25000,100000,Digital Wallet,Take Away
6312,SUN-6048568,11-05-2023,Creamy Maycha Latte,Drinks,DRK-05,4,35000,140000,Digital Wallet,Online Order
6313,SUN-4697201,02-06-2023,Iced Americano,Drinks,DRK-02,1,28000,28000,Cash,Take Away
6314,SUN-2525968,10-06-2023,Espreso Single,Drinks,DRK-01,3,22000,66000,Cash,Take Away
6315,SUN-5118754,15-01-2023,Creamy Maycha Latte,Drinks,DRK-05,2,35000,70000,Cash,Take Away
6316,SUN-8486013,30-05-2023,Grill Chicken Caesar Salad,Food,FOD-04,4,42000,168000,Cash,Take Away
6317,SUN-2021280,07-06-2023,Fudgy Brownies,Dessert,DST-02,4,25000,100000,Digital Wallet,Take Away
6318,SUN-1671285,07-12-2023,Cafe Latte,Drinks,DRK-03,4,32000,128000,Digital Wallet,Dine in
6319,SUN-1112256,07-02-2023,Buttermilk Fried Chicken,Food,FOD-01,1,48000,48000,Digital Wallet,Online Order
6320,SUN-9402637,06-04-2023,Creamy Maycha Latte,Drinks,DRK-05,1,35000,35000,Debit Card,Dine in
6321,SUN-9374430,29-05-2023,Grill Chicken Caesar Salad,Food,FOD-04,1,42000,42000,Debit Card,Dine in
6322,SUN-5481773,24-08-2023,Cafe Latte,Drinks,DRK-03,1,32000,32000,Cash,Dine in
6323,SUN-2546272,14-03-2023,Beef Carbonara Pasta,Food,FOD-02,2,52000,104000,Debit Card,Online Order
6324,SUN-5147881,23-03-2023,Classic Tirmaisu,Dessert,DST-01,3,38000,114000,Digital Wallet,Take Away
6325,SUN-3492455,07-02-2023,Cafe Latte,Drinks,DRK-03,4,32000,128000,Debit Card,Take Away
6326,SUN-9467084,11-10-2023,Fudgy Brownies,Dessert,DST-02,2,25000,50000,Cash,Take Away
6327,SUN-6188152,24-01-2023,Cinnamon Roll,Dessert,DST-05,2,28000,56000,Debit Card,Take Away
6328,SUN-9994982,04-05-2023,Buttermilk Fried Chicken,Food,FOD-01,4,48000,192000,Digital Wallet,Online Order
6329,SUN-4050884,07-07-2023,Iced Americano,Drinks,DRK-02,3,28000,84000,Debit Card,Dine in
6330,SUN-4671408,28-07-2023,Creamy Maycha Latte,Drinks,DRK-05,1,35000,35000,Digital Wallet,Take Away
6331,SUN-2402871,02-01-2023,Club Sandwich,Food,FOD-05,4,45000,180000,Debit Card,Take Away
6332,SUN-5293114,07-12-2023,Caramel Machiato,Drinks,DRK-04,4,38000,152000,Debit Card,Dine in
6333,SUN-4525684,25-05-2023,New York Cheesecake,Dessert,DST-03,4,42000,168000,Cash,Dine in
6334,SUN-3108350,08-07-2023,Caramel Machiato,Drinks,DRK-04,2,38000,76000,Digital Wallet,Dine in
6335,SUN-1024663,23-01-2023,Beef Carbonara Pasta,Food,FOD-02,1,52000,52000,Debit Card,Online Order
6336,SUN-6658913,03-02-2023,Classic Tirmaisu,Dessert,DST-01,4,38000,152000,Cash,Dine in
6337,SUN-2435228,09-09-2023,Cafe Latte,Drinks,DRK-03,2,32000,64000,Cash,Dine in
6338,SUN-9206142,13-09-2023,Classic Tirmaisu,Dessert,DST-01,3,38000,114000,Digital Wallet,Online Order
6339,SUN-1617849,25-08-2023,Grill Chicken Caesar Salad,Food,FOD-04,2,42000,84000,Debit Card,Take Away
6340,SUN-3861324,17-10-2023,Beef Carbonara Pasta,Food,FOD-02,4,52000,208000,Digital Wallet,Dine in
6341,SUN-8156074,26-02-2023,Cinnamon Roll,Dessert,DST-05,2,28000,56000,Debit Card,Online Order
6342,SUN-8411951,09-06-2023,Grill Chicken Caesar Salad,Food,FOD-04,3,42000,126000,Digital Wallet,Dine in
6343,SUN-7903577,13-05-2023,Club Sandwich,Food,FOD-05,4,45000,180000,Cash,Dine in
6344,SUN-3190804,06-06-2023,Classic Tirmaisu,Dessert,DST-01,3,38000,114000,Debit Card,Online Order
6345,SUN-1796954,22-09-2023,Caramel Machiato,Drinks,DRK-04,3,38000,114000,Debit Card,Take Away
6346,SUN-2324258,27-07-2023,Classic Tirmaisu,Dessert,DST-01,1,38000,38000,Digital Wallet,Online Order
6347,SUN-9627946,16-02-2023,Cafe Latte,Drinks,DRK-03,1,32000,32000,Digital Wallet,Online Order
6348,SUN-2835400,30-08-2023,Cafe Latte,Drinks,DRK-03,4,32000,128000,Cash,Dine in
6349,SUN-6611218,24-10-2023,Fudgy Brownies,Dessert,DST-02,3,25000,75000,Debit Card,Dine in
6350,SUN-3916290,13-03-2023,Classic Tirmaisu,Dessert,DST-01,4,38000,152000,Digital Wallet,Take Away
6351,SUN-6954480,30-08-2023,Classic Tirmaisu,Dessert,DST-01,3,38000,114000,Debit Card,Online Order
6352,SUN-4506035,14-04-2023,Creamy Maycha Latte,Drinks,DRK-05,1,35000,35000,Debit Card,Take Away
6353,SUN-2897446,10-12-2023,Iced Americano,Drinks,DRK-02,4,28000,112000,Digital Wallet,Online Order
6354,SUN-3782875,15-09-2023,Grill Chicken Caesar Salad,Food,FOD-04,4,42000,168000,Digital Wallet,Dine in
6355,SUN-4799846,08-08-2023,Club Sandwich,Food,FOD-05,4,45000,180000,Digital Wallet,Online Order
6356,SUN-8844116,13-06-2023,Fudgy Brownies,Dessert,DST-02,4,25000,100000,Debit Card,Take Away
6357,SUN-9000160,17-01-2023,Caramel Machiato,Drinks,DRK-04,2,38000,76000,Debit Card,Online Order
6358,SUN-9441796,07-12-2023,Fudgy Brownies,Dessert,DST-02,1,25000,25000,Debit Card,Online Order
6359,SUN-9138042,30-05-2023,Creamy Maycha Latte,Drinks,DRK-05,4,35000,140000,Debit Card,Take Away
6360,SUN-5646088,14-11-2023,Iced Americano,Drinks,DRK-02,4,28000,112000,Digital Wallet,Dine in
6361,SUN-5908401,09-09-2023,Cinnamon Roll,Dessert,DST-05,4,28000,112000,Digital Wallet,Online Order
6362,SUN-6257009,01-02-2023,Espreso Single,Drinks,DRK-01,1,22000,22000,Debit Card,Take Away
6363,SUN-6444585,21-06-2023,Classic Tirmaisu,Dessert,DST-01,4,38000,152000,Debit Card,Take Away
6364,SUN-8576680,21-08-2023,New York Cheesecake,Dessert,DST-03,2,42000,84000,Debit Card,Dine in
6365,SUN-9257236,16-05-2023,Beef Carbonara Pasta,Food,FOD-02,1,52000,52000,Debit Card,Take Away
6366,SUN-1509708,27-12-2023,Beef Carbonara Pasta,Food,FOD-02,2,52000,104000,Digital Wallet,Take Away
6367,SUN-6527965,02-04-2023,Choco Lava Cake,Dessert,DST-04,3,35000,105000,Debit Card,Online Order
6368,SUN-6246673,21-02-2023,Classic Tirmaisu,Dessert,DST-01,2,38000,76000,Digital Wallet,Dine in
6369,SUN-1094314,09-09-2023,Grill Chicken Caesar Salad,Food,FOD-04,3,42000,126000,Debit Card,Online Order
6370,SUN-3770378,28-04-2023,Cinnamon Roll,Dessert,DST-05,4,28000,112000,Digital Wallet,Dine in
6371,SUN-4881083,26-02-2023,New York Cheesecake,Dessert,DST-03,4,42000,168000,Debit Card,Dine in
6372,SUN-1315834,08-08-2023,New York Cheesecake,Dessert,DST-03,1,42000,42000,Digital Wallet,Dine in
6373,SUN-9514709,06-10-2023,New York Cheesecake,Dessert,DST-03,2,42000,84000,Digital Wallet,Dine in
6374,SUN-7225967,24-03-2023,Classic Tirmaisu,Dessert,DST-01,1,38000,38000,Digital Wallet,Online Order
6375,SUN-8720874,13-04-2023,New York Cheesecake,Dessert,DST-03,2,42000,84000,Debit Card,Online Order
6376,SUN-9451904,21-02-2023,Creamy Maycha Latte,Drinks,DRK-05,1,35000,35000,Cash,Take Away
6377,SUN-6005145,30-07-2023,Iced Americano,Drinks,DRK-02,1,28000,28000,Debit Card,Dine in
6378,SUN-2825766,06-04-2023,Cinnamon Roll,Dessert,DST-05,2,28000,56000,Digital Wallet,Take Away
6379,SUN-9277621,03-12-2023,Buttermilk Fried Chicken,Food,FOD-01,3,48000,144000,Debit Card,Dine in
6380,SUN-9199531,15-07-2023,Grill Chicken Caesar Salad,Food,FOD-04,4,42000,168000,Debit Card,Online Order
6381,SUN-7952269,05-08-2023,Beef Carbonara Pasta,Food,FOD-02,3,52000,156000,Debit Card,Online Order
6382,SUN-7617803,02-05-2023,Cinnamon Roll,Dessert,DST-05,1,28000,28000,Debit Card,Online Order
6383,SUN-1843895,14-11-2023,Choco Lava Cake,Dessert,DST-04,4,35000,140000,Debit Card,Take Away
6384,SUN-1157545,20-06-2023,Iced Americano,Drinks,DRK-02,1,28000,28000,Digital Wallet,Dine in
6385,SUN-9860081,02-02-2023,Beef Carbonara Pasta,Food,FOD-02,1,52000,52000,Cash,Dine in
6386,SUN-1568346,18-02-2023,Caramel Machiato,Drinks,DRK-04,2,38000,76000,Cash,Dine in
6387,SUN-7768708,06-07-2023,Choco Lava Cake,Dessert,DST-04,4,35000,140000,Debit Card,Dine in
6388,SUN-1673708,20-11-2023,New York Cheesecake,Dessert,DST-03,4,42000,168000,Cash,Dine in
6389,SUN-6472559,27-08-2023,Buttermilk Fried Chicken,Food,FOD-01,3,48000,144000,Debit Card,Dine in
6390,SUN-7142090,27-03-2023,Cafe Latte,Drinks,DRK-03,3,32000,96000,Digital Wallet,Take Away
6391,SUN-6788969,01-03-2023,Cinnamon Roll,Dessert,DST-05,1,28000,28000,Debit Card,Online Order
6392,SUN-8947585,03-01-2023,Espreso Single,Drinks,DRK-01,3,22000,66000,Digital Wallet,Online Order
6393,SUN-3533877,12-09-2023,Beef Carbonara Pasta,Food,FOD-02,4,52000,208000,Debit Card,Take Away
6394,SUN-9738255,09-01-2023,Espreso Single,Drinks,DRK-01,4,22000,88000,Debit Card,Dine in
6395,SUN-2773843,29-08-2023,Caramel Machiato,Drinks,DRK-04,4,38000,152000,Digital Wallet,Dine in
6396,SUN-9671120,01-08-2023,Classic Tirmaisu,Dessert,DST-01,2,38000,76000,Digital Wallet,Take Away
6397,SUN-5722514,17-06-2023,Creamy Maycha Latte,Drinks,DRK-05,3,35000,105000,Debit Card,Take Away
6398,SUN-4057655,01-01-2023,Iced Americano,Drinks,DRK-02,2,28000,56000,Cash,Dine in
6399,SUN-7692069,17-10-2023,Choco Lava Cake,Dessert,DST-04,1,35000,35000,Cash,Dine in
6400,SUN-1702209,30-06-2023,Iced Americano,Drinks,DRK-02,2,28000,56000,Debit Card,Online Order
6401,SUN-6171347,02-01-2023,Creamy Maycha Latte,Drinks,DRK-05,4,35000,140000,Debit Card,Online Order
6402,SUN-4339925,15-02-2023,Caramel Machiato,Drinks,DRK-04,1,38000,38000,Debit Card,Take Away
6403,SUN-6638731,05-12-2023,Choco Lava Cake,Dessert,DST-04,4,35000,140000,Cash,Take Away
6404,SUN-8204794,06-08-2023,Caramel Machiato,Drinks,DRK-04,3,38000,114000,Digital Wallet,Dine in
6405,SUN-1491331,03-02-2023,Espreso Single,Drinks,DRK-01,2,22000,44000,Digital Wallet,Online Order
6406,SUN-4631696,17-06-2023,Iced Americano,Drinks,DRK-02,1,28000,28000,Cash,Take Away
6407,SUN-7175063,09-10-2023,Creamy Maycha Latte,Drinks,DRK-05,3,35000,105000,Debit Card,Take Away
6408,SUN-7631218,13-01-2023,Creamy Maycha Latte,Drinks,DRK-05,1,35000,35000,Debit Card,Online Order
6409,SUN-8155843,27-02-2023,Cinnamon Roll,Dessert,DST-05,1,28000,28000,Digital Wallet,Take Away
6410,SUN-2742337,13-06-2023,Classic Tirmaisu,Dessert,DST-01,3,38000,114000,Debit Card,Online Order
6411,SUN-8989903,05-01-2023,Iced Americano,Drinks,DRK-02,3,28000,84000,Digital Wallet,Take Away
6412,SUN-5154388,11-07-2023,Creamy Maycha Latte,Drinks,DRK-05,3,35000,105000,Debit Card,Take Away
6413,SUN-6411117,07-08-2023,Caramel Machiato,Drinks,DRK-04,4,38000,152000,Digital Wallet,Dine in
6414,SUN-9406156,05-12-2023,Espreso Single,Drinks,DRK-01,2,22000,44000,Debit Card,Online Order
6415,SUN-9774829,20-07-2023,Club Sandwich,Food,FOD-05,3,45000,135000,Digital Wallet,Dine in
6416,SUN-3043421,26-07-2023,Buttermilk Fried Chicken,Food,FOD-01,4,48000,192000,Debit Card,Dine in
6417,SUN-5447732,29-09-2023,Caramel Machiato,Drinks,DRK-04,3,38000,114000,Digital Wallet,Online Order
6418,SUN-4570286,15-04-2023,Buttermilk Fried Chicken,Food,FOD-01,2,48000,96000,Digital Wallet,Dine in
6419,SUN-4026483,11-11-2023,Classic Tirmaisu,Dessert,DST-01,1,38000,38000,Cash,Take Away
6420,SUN-3874595,05-07-2023,Club Sandwich,Food,FOD-05,4,45000,180000,Debit Card,Online Order
6421,SUN-2450261,20-06-2023,Grill Chicken Caesar Salad,Food,FOD-04,3,42000,126000,Digital Wallet,Dine in
6422,SUN-8952588,06-01-2023,Beef Carbonara Pasta,Food,FOD-02,1,52000,52000,Digital Wallet,Online Order
6423,SUN-2036887,11-07-2023,Choco Lava Cake,Dessert,DST-04,2,35000,70000,Cash,Dine in
6424,SUN-1527507,03-11-2023,Grill Chicken Caesar Salad,Food,FOD-04,4,42000,168000,Cash,Dine in
6425,SUN-5986732,03-08-2023,Creamy Maycha Latte,Drinks,DRK-05,3,35000,105000,Cash,Online Order
6426,SUN-9108416,04-02-2023,Choco Lava Cake,Dessert,DST-04,3,35000,105000,Digital Wallet,Dine in
6427,SUN-5131364,02-05-2023,Fudgy Brownies,Dessert,DST-02,2,25000,50000,Digital Wallet,Online Order
6428,SUN-5922322,14-03-2023,Caramel Machiato,Drinks,DRK-04,2,38000,76000,Digital Wallet,Dine in
6429,SUN-6953603,20-10-2023,New York Cheesecake,Dessert,DST-03,4,42000,168000,Digital Wallet,Dine in
6430,SUN-9012738,06-03-2023,New York Cheesecake,Dessert,DST-03,1,42000,42000,Digital Wallet,Online Order
6431,SUN-9930078,06-10-2023,Buttermilk Fried Chicken,Food,FOD-01,4,48000,192000,Cash,Dine in
6432,SUN-8378733,28-03-2023,Buttermilk Fried Chicken,Food,FOD-01,1,48000,48000,Digital Wallet,Online Order
6433,SUN-1807004,27-02-2023,Choco Lava Cake,Dessert,DST-04,2,35000,70000,Cash,Dine in
6434,SUN-4033766,14-02-2023,New York Cheesecake,Dessert,DST-03,4,42000,168000,Digital Wallet,Dine in
6435,SUN-8634881,10-09-2023,Beef Carbonara Pasta,Food,FOD-02,4,52000,208000,Debit Card,Dine in
6436,SUN-1855059,22-01-2023,Cafe Latte,Drinks,DRK-03,3,32000,96000,Digital Wallet,Take Away
6437,SUN-2262070,20-03-2023,Fudgy Brownies,Dessert,DST-02,2,25000,50000,Debit Card,Online Order
6438,SUN-4376654,23-02-2023,Choco Lava Cake,Dessert,DST-04,3,35000,105000,Debit Card,Online Order
6439,SUN-5005480,14-04-2023,Buttermilk Fried Chicken,Food,FOD-01,4,48000,192000,Digital Wallet,Take Away
6440,SUN-2851339,19-04-2023,Grill Chicken Caesar Salad,Food,FOD-04,2,42000,84000,Debit Card,Dine in
6441,SUN-2120526,29-07-2023,Choco Lava Cake,Dessert,DST-04,1,35000,35000,Cash,Dine in
6442,SUN-3627739,28-10-2023,Cafe Latte,Drinks,DRK-03,3,32000,96000,Debit Card,Online Order
6443,SUN-1679703,10-06-2023,Iced Americano,Drinks,DRK-02,1,28000,28000,Debit Card,Online Order
6444,SUN-9752826,24-03-2023,Nasi Goreng Kampung,Food,FOD-03,2,38000,76000,Digital Wallet,Dine in
6445,SUN-1719199,30-07-2023,Caramel Machiato,Drinks,DRK-04,4,38000,152000,Debit Card,Take Away
6446,SUN-5002092,13-10-2023,Creamy Maycha Latte,Drinks,DRK-05,4,35000,140000,Digital Wallet,Take Away
6447,SUN-2551524,28-03-2023,Buttermilk Fried Chicken,Food,FOD-01,2,48000,96000,Digital Wallet,Online Order
6448,SUN-9040249,27-03-2023,Grill Chicken Caesar Salad,Food,FOD-04,3,42000,126000,Digital Wallet,Dine in
6449,SUN-8334669,04-10-2023,Espreso Single,Drinks,DRK-01,2,22000,44000,Debit Card,Dine in
6450,SUN-1242794,24-10-2023,Fudgy Brownies,Dessert,DST-02,3,25000,75000,Debit Card,Dine in
6451,SUN-6984710,10-02-2023,Cinnamon Roll,Dessert,DST-05,3,28000,84000,Cash,Take Away
6452,SUN-4316734,29-11-2023,New York Cheesecake,Dessert,DST-03,1,42000,42000,Cash,Dine in
6453,SUN-2259896,03-01-2023,Buttermilk Fried Chicken,Food,FOD-01,1,48000,48000,Digital Wallet,Take Away
6454,SUN-3093860,17-02-2023,Grill Chicken Caesar Salad,Food,FOD-04,4,42000,168000,Digital Wallet,Take Away
6455,SUN-1939683,17-03-2023,Classic Tirmaisu,Dessert,DST-01,3,38000,114000,Digital Wallet,Dine in
6456,SUN-6633808,04-08-2023,Cafe Latte,Drinks,DRK-03,1,32000,32000,Digital Wallet,Dine in
6457,SUN-2598168,03-07-2023,Creamy Maycha Latte,Drinks,DRK-05,4,35000,140000,Digital Wallet,Take Away
6458,SUN-5159003,03-09-2023,Caramel Machiato,Drinks,DRK-04,1,38000,38000,Digital Wallet,Online Order
6459,SUN-3609659,07-11-2023,Buttermilk Fried Chicken,Food,FOD-01,4,48000,192000,Debit Card,Dine in
6460,SUN-2792739,27-09-2023,Cafe Latte,Drinks,DRK-03,2,32000,64000,Digital Wallet,Take Away
6461,SUN-3248325,05-05-2023,Classic Tirmaisu,Dessert,DST-01,4,38000,152000,Digital Wallet,Online Order
6462,SUN-5299695,07-03-2023,Iced Americano,Drinks,DRK-02,2,28000,56000,Debit Card,Dine in
6463,SUN-7024176,01-02-2023,Club Sandwich,Food,FOD-05,1,45000,45000,Cash,Take Away
6464,SUN-3418404,23-06-2023,Choco Lava Cake,Dessert,DST-04,3,35000,105000,Debit Card,Take Away
6465,SUN-7758837,27-12-2023,Buttermilk Fried Chicken,Food,FOD-01,1,48000,48000,Debit Card,Take Away
6466,SUN-4574196,12-02-2023,Cafe Latte,Drinks,DRK-03,3,32000,96000,Debit Card,Take Away
6467,SUN-8747371,07-09-2023,Cinnamon Roll,Dessert,DST-05,4,28000,112000,Digital Wallet,Dine in
6468,SUN-8891308,20-09-2023,Cinnamon Roll,Dessert,DST-05,2,28000,56000,Digital Wallet,Take Away
6469,SUN-3442559,14-04-2023,Classic Tirmaisu,Dessert,DST-01,4,38000,152000,Digital Wallet,Dine in
6470,SUN-8805675,25-02-2023,Choco Lava Cake,Dessert,DST-04,1,35000,35000,Cash,Take Away
6471,SUN-3947868,25-03-2023,Espreso Single,Drinks,DRK-01,1,22000,22000,Digital Wallet,Online Order
6472,SUN-4224618,01-04-2023,New York Cheesecake,Dessert,DST-03,1,42000,42000,Debit Card,Take Away
6473,SUN-7800118,24-02-2023,Cafe Latte,Drinks,DRK-03,2,32000,64000,Cash,Take Away
6474,SUN-2610450,18-10-2023,Grill Chicken Caesar Salad,Food,FOD-04,4,42000,168000,Debit Card,Online Order
6475,SUN-6386118,10-02-2023,Buttermilk Fried Chicken,Food,FOD-01,2,48000,96000,Cash,Dine in
6476,SUN-9171783,09-05-2023,Nasi Goreng Kampung,Food,FOD-03,3,38000,114000,Cash,Take Away
6477,SUN-9630410,20-09-2023,Cinnamon Roll,Dessert,DST-05,2,28000,56000,Digital Wallet,Dine in
6478,SUN-3940695,05-07-2023,Caramel Machiato,Drinks,DRK-04,1,38000,38000,Cash,Take Away
6479,SUN-3764964,12-02-2023,Grill Chicken Caesar Salad,Food,FOD-04,4,42000,168000,Digital Wallet,Dine in
6480,SUN-9301734,07-04-2023,Buttermilk Fried Chicken,Food,FOD-01,2,48000,96000,Debit Card,Online Order
6481,SUN-2734468,06-09-2023,Cafe Latte,Drinks,DRK-03,1,32000,32000,Cash,Dine in
6482,SUN-5491272,17-08-2023,Cinnamon Roll,Dessert,DST-05,3,28000,84000,Debit Card,Online Order
6483,SUN-8874018,27-05-2023,Caramel Machiato,Drinks,DRK-04,4,38000,152000,Debit Card,Take Away
6484,SUN-1878096,19-06-2023,Iced Americano,Drinks,DRK-02,2,28000,56000,Digital Wallet,Take Away
6485,SUN-4555773,18-08-2023,Cinnamon Roll,Dessert,DST-05,2,28000,56000,Digital Wallet,Take Away
6486,SUN-5835642,28-07-2023,Iced Americano,Drinks,DRK-02,1,28000,28000,Digital Wallet,Dine in
6487,SUN-9743415,15-05-2023,Buttermilk Fried Chicken,Food,FOD-01,2,48000,96000,Debit Card,Online Order
6488,SUN-1786442,07-10-2023,Iced Americano,Drinks,DRK-02,3,28000,84000,Debit Card,Dine in
6489,SUN-6667801,12-02-2023,Nasi Goreng Kampung,Food,FOD-03,3,38000,114000,Cash,Dine in
6490,SUN-5609447,26-10-2023,Caramel Machiato,Drinks,DRK-04,2,38000,76000,Debit Card,Online Order
6491,SUN-5956795,01-01-2023,Nasi Goreng Kampung,Food,FOD-03,4,38000,152000,Digital Wallet,Online Order
6492,SUN-8507979,22-05-2023,Choco Lava Cake,Dessert,DST-04,2,35000,70000,Digital Wallet,Take Away
6493,SUN-6087370,01-11-2023,Espreso Single,Drinks,DRK-01,2,22000,44000,Digital Wallet,Online Order
6494,SUN-6869886,27-04-2023,Espreso Single,Drinks,DRK-01,3,22000,66000,Digital Wallet,Online Order
6495,SUN-8746811,29-10-2023,New York Cheesecake,Dessert,DST-03,3,42000,126000,Debit Card,Take Away
6496,SUN-1719876,09-10-2023,Cafe Latte,Drinks,DRK-03,4,32000,128000,Digital Wallet,Online Order
6497,SUN-1984327,17-02-2023,Classic Tirmaisu,Dessert,DST-01,3,38000,114000,Debit Card,Take Away
6498,SUN-7053583,28-06-2023,Beef Carbonara Pasta,Food,FOD-02,1,52000,52000,Digital Wallet,Online Order
6499,SUN-7786506,11-04-2023,Beef Carbonara Pasta,Food,FOD-02,4,52000,208000,Cash,Take Away
6500,SUN-7741782,05-02-2023,Choco Lava Cake,Dessert,DST-04,2,35000,70000,Digital Wallet,Online Order
6501,SUN-5422693,16-06-2023,Grill Chicken Caesar Salad,Food,FOD-04,4,42000,168000,Digital Wallet,Take Away
6502,SUN-9808143,27-10-2023,Buttermilk Fried Chicken,Food,FOD-01,3,48000,144000,Cash,Take Away
6503,SUN-2039819,08-12-2023,Nasi Goreng Kampung,Food,FOD-03,3,38000,114000,Digital Wallet,Online Order
6504,SUN-2991316,01-04-2023,Cafe Latte,Drinks,DRK-03,3,32000,96000,Debit Card,Take Away
6505,SUN-1448186,14-05-2023,Classic Tirmaisu,Dessert,DST-01,3,38000,114000,Debit Card,Online Order
6506,SUN-8098179,14-03-2023,Espreso Single,Drinks,DRK-01,4,22000,88000,Debit Card,Dine in
6507,SUN-8238783,23-07-2023,New York Cheesecake,Dessert,DST-03,4,42000,168000,Debit Card,Online Order
6508,SUN-8329664,20-08-2023,Buttermilk Fried Chicken,Food,FOD-01,4,48000,192000,Debit Card,Dine in
6509,SUN-8291037,03-01-2023,Creamy Maycha Latte,Drinks,DRK-05,4,35000,140000,Debit Card,Dine in
6510,SUN-6026406,15-08-2023,Beef Carbonara Pasta,Food,FOD-02,4,52000,208000,Debit Card,Online Order
6511,SUN-2994971,22-01-2023,Beef Carbonara Pasta,Food,FOD-02,3,52000,156000,Digital Wallet,Online Order
6512,SUN-6935570,09-07-2023,Creamy Maycha Latte,Drinks,DRK-05,4,35000,140000,Digital Wallet,Online Order
6513,SUN-8360333,27-09-2023,Nasi Goreng Kampung,Food,FOD-03,1,38000,38000,Debit Card,Online Order
6514,SUN-5158429,28-03-2023,Creamy Maycha Latte,Drinks,DRK-05,3,35000,105000,Debit Card,Online Order
6515,SUN-5677127,07-07-2023,Beef Carbonara Pasta,Food,FOD-02,1,52000,52000,Cash,Take Away
6516,SUN-7384012,23-05-2023,New York Cheesecake,Dessert,DST-03,3,42000,126000,Digital Wallet,Online Order
6517,SUN-3057415,24-01-2023,Iced Americano,Drinks,DRK-02,1,28000,28000,Cash,Dine in
6518,SUN-2904284,19-05-2023,Nasi Goreng Kampung,Food,FOD-03,1,38000,38000,Debit Card,Online Order
6519,SUN-8257519,21-09-2023,Buttermilk Fried Chicken,Food,FOD-01,3,48000,144000,Debit Card,Online Order
6520,SUN-9274255,26-01-2023,Cinnamon Roll,Dessert,DST-05,1,28000,28000,Digital Wallet,Take Away
6521,SUN-9078000,16-03-2023,Fudgy Brownies,Dessert,DST-02,4,25000,100000,Debit Card,Online Order
6522,SUN-2583745,22-06-2023,Iced Americano,Drinks,DRK-02,2,28000,56000,Cash,Take Away
6523,SUN-4635433,26-11-2023,Cinnamon Roll,Dessert,DST-04,2,28000,56000,Digital Wallet,Online Order
6524,SUN-8904000,28-07-2023,Espreso Single,Drinks,DRK-01,2,22000,44000,Digital Wallet,Take Away
6525,SUN-9765862,27-12-2023,Cafe Latte,Drinks,DRK-03,1,32000,32000,Debit Card,Take Away
6526,SUN-2496640,12-02-2023,Iced Americano,Drinks,DRK-02,1,28000,28000,Digital Wallet,Take Away
6527,SUN-2541923,13-12-2023,Grill Chicken Caesar Salad,Food,FOD-04,4,42000,168000,Debit Card,Dine in
6528,SUN-3416579,07-04-2023,New York Cheesecake,Dessert,DST-03,3,42000,126000,Digital Wallet,Online Order
6529,SUN-1993178,08-03-2023,Cinnamon Roll,Dessert,DST-05,3,28000,84000,Debit Card,Dine in
6530,SUN-2499295,09-02-2023,Club Sandwich,Food,FOD-05,3,45000,135000,Debit Card,Dine in
6531,SUN-5215462,05-08-2023,Iced Americano,Drinks,DRK-02,4,28000,112000,Cash,Take Away
6532,SUN-7304591,13-05-2023,Club Sandwich,Food,FOD-05,2,45000,90000,Digital Wallet,Take Away
6533,SUN-2679104,17-11-2023,Beef Carbonara Pasta,Food,FOD-02,3,52000,156000,Cash,Take Away
6534,SUN-2013530,23-06-2023,Grill Chicken Caesar Salad,Food,FOD-04,4,42000,168000,Digital Wallet,Take Away
6535,SUN-4566756,17-08-2023,Fudgy Brownies,Dessert,DST-02,3,25000,75000,Debit Card,Dine in
6536,SUN-1585077,19-10-2023,New York Cheesecake,Dessert,DST-03,1,42000,42000,Digital Wallet,Take Away
6537,SUN-1973067,25-01-2023,Cafe Latte,Drinks,DRK-03,3,32000,96000,Debit Card,Dine in
6538,SUN-6353000,25-05-2023,New York Cheesecake,Dessert,DST-03,3,42000,126000,Debit Card,Online Order
6539,SUN-5068114,06-04-2023,Cinnamon Roll,Dessert,DST-05,4,28000,112000,Digital Wallet,Dine in
6540,SUN-3494491,25-01-2023,Espreso Single,Drinks,DRK-01,1,22000,22000,Debit Card,Dine in
6541,SUN-8510786,02-09-2023,Grill Chicken Caesar Salad,Food,FOD-04,1,42000,42000,Cash,Dine in
6542,SUN-2001381,08-03-2023,Iced Americano,Drinks,DRK-02,2,28000,56000,Digital Wallet,Dine in
6543,SUN-7367868,19-03-2023,Cinnamon Roll,Dessert,DST-05,3,28000,84000,Digital Wallet,Dine in
6544,SUN-8229283,26-09-2023,New York Cheesecake,Dessert,DST-03,1,42000,42000,Digital Wallet,Dine in
6545,SUN-3160537,01-03-2023,Creamy Maycha Latte,Drinks,DRK-05,2,35000,70000,Cash,Dine in
6546,SUN-4932409,03-05-2023,Choco Lava Cake,Dessert,DST-04,3,35000,105000,Debit Card,Online Order
6547,SUN-9823589,26-07-2023,Grill Chicken Caesar Salad,Food,FOD-04,2,42000,84000,Digital Wallet,Online Order
6548,SUN-8993919,20-11-2023,Cinnamon Roll,Dessert,DST-05,3,28000,84000,Cash,Take Away
6549,SUN-1750907,08-11-2023,Espreso Single,Drinks,DRK-01,3,22000,66000,Cash,Take Away
6550,SUN-2536698,27-04-2023,Grill Chicken Caesar Salad,Food,FOD-04,4,42000,168000,Cash,Take Away
6551,SUN-6708283,06-09-2023,Creamy Maycha Latte,Drinks,DRK-05,1,35000,35000,Debit Card,Take Away
6552,SUN-3283581,16-05-2023,Classic Tirmaisu,Dessert,DST-01,4,38000,152000,Digital Wallet,Dine in
6553,SUN-7329932,07-04-2023,New York Cheesecake,Dessert,DST-03,3,42000,126000,Digital Wallet,Online Order
6554,SUN-7301537,27-04-2023,Choco Lava Cake,Dessert,DST-04,1,35000,35000,Digital Wallet,Online Order
6555,SUN-6091261,12-03-2023,Cinnamon Roll,Dessert,DST-05,1,28000,28000,Cash,Take Away
6556,SUN-3670613,04-09-2023,Nasi Goreng Kampung,Food,FOD-03,4,38000,152000,Cash,Dine in
6557,SUN-3911636,10-02-2023,Caramel Machiato,Drinks,DRK-04,3,38000,114000,Digital Wallet,Dine in
6558,SUN-9321976,15-02-2023,Grill Chicken Caesar Salad,Food,FOD-04,3,42000,126000,Cash,Dine in
6559,SUN-8032386,11-04-2023,Caramel Machiato,Drinks,DRK-04,3,38000,114000,Debit Card,Online Order
6560,SUN-7359802,14-11-2023,Nasi Goreng Kampung,Food,FOD-03,2,38000,76000,Digital Wallet,Take Away
6561,SUN-5326933,04-08-2023,Nasi Goreng Kampung,Food,FOD-03,3,38000,114000,Debit Card,Take Away
6562,SUN-8273650,10-10-2023,New York Cheesecake,Dessert,DST-03,4,42000,168000,Digital Wallet,Online Order
6563,SUN-7222872,29-11-2023,Choco Lava Cake,Dessert,DST-04,1,35000,35000,Digital Wallet,Dine in
6564,SUN-7161636,10-03-2023,Caramel Machiato,Drinks,DRK-04,2,38000,76000,Cash,Take Away
6565,SUN-8652523,09-04-2023,Cafe Latte,Drinks,DRK-03,2,32000,64000,Digital Wallet,Dine in
6566,SUN-1320717,19-11-2023,Cafe Latte,Drinks,DRK-03,3,32000,96000,Debit Card,Take Away
6567,SUN-9416924,30-09-2023,Caramel Machiato,Drinks,DRK-04,1,38000,38000,Digital Wallet,Take Away
6568,SUN-1510832,25-09-2023,Cafe Latte,Drinks,DRK-03,3,32000,96000,Digital Wallet,Online Order
6569,SUN-9503187,13-12-2023,Beef Carbonara Pasta,Food,FOD-02,1,52000,52000,Digital Wallet,Dine in
6570,SUN-6960605,10-12-2023,Classic Tirmaisu,Dessert,DST-01,1,38000,38000,Cash,Take Away
6571,SUN-6756531,14-05-2023,Cinnamon Roll,Dessert,DST-05,1,28000,28000,Cash,Take Away
6572,SUN-5314184,21-07-2023,Creamy Maycha Latte,Drinks,DRK-05,3,35000,105000,Debit Card,Take Away
6573,SUN-2860213,10-10-2023,Classic Tirmaisu,Dessert,DST-01,1,38000,38000,Digital Wallet,Dine in
6574,SUN-1862315,11-12-2023,Espreso Single,Drinks,DRK-01,1,22000,22000,Cash,Take Away
6575,SUN-4251594,29-12-2023,Creamy Maycha Latte,Drinks,DRK-05,4,35000,140000,Debit Card,Dine in
6576,SUN-7860040,01-02-2023,Caramel Machiato,Drinks,DRK-04,2,38000,76000,Debit Card,Take Away
6577,SUN-4696254,30-03-2023,Iced Americano,Drinks,DRK-02,2,28000,56000,Digital Wallet,Online Order
6578,SUN-6728792,01-10-2023,Fudgy Brownies,Dessert,DST-02,4,25000,100000,Debit Card,Dine in
6579,SUN-5283304,19-07-2023,Cinnamon Roll,Dessert,DST-05,4,28000,112000,Cash,Dine in
6580,SUN-4980863,05-07-2023,Club Sandwich,Food,FOD-05,2,45000,90000,Debit Card,Take Away
6581,SUN-2114614,16-11-2023,Fudgy Brownies,Dessert,DST-02,1,25000,25000,Digital Wallet,Online Order
6582,SUN-7027144,27-10-2023,Espreso Single,Drinks,DRK-01,2,22000,44000,Debit Card,Online Order
6583,SUN-4303561,20-02-2023,Classic Tirmaisu,Dessert,DST-01,1,38000,38000,Digital Wallet,Online Order
6584,SUN-2621843,16-05-2023,Fudgy Brownies,Dessert,DST-02,3,25000,75000,Digital Wallet,Take Away
6585,SUN-8419696,28-01-2023,Creamy Maycha Latte,Drinks,DRK-05,3,35000,105000,Digital Wallet,Online Order
6586,SUN-7581322,08-11-2023,Caramel Machiato,Drinks,DRK-04,1,38000,38000,Debit Card,Online Order
6587,SUN-5168631,21-08-2023,Cinnamon Roll,Dessert,DST-05,1,28000,28000,Cash,Online Order
6588,SUN-8258436,22-05-2023,Nasi Goreng Kampung,Food,FOD-03,1,38000,38000,Debit Card,Take Away
6589,SUN-7271096,05-08-2023,Club Sandwich,Food,FOD-05,4,45000,180000,Digital Wallet,Dine in
6590,SUN-4828659,19-11-2023,Classic Tirmaisu,Dessert,DST-01,2,38000,76000,Debit Card,Dine in
6591,SUN-3595292,27-11-2023,Buttermilk Fried Chicken,Food,FOD-01,1,48000,48000,Digital Wallet,Dine in
6592,SUN-7827701,23-10-2023,Cinnamon Roll,Dessert,DST-05,4,28000,112000,Debit Card,Take Away
6593,SUN-7231033,29-08-2023,Choco Lava Cake,Dessert,DST-04,4,35000,140000,Debit Card,Dine in
6594,SUN-9888442,30-07-2023,Nasi Goreng Kampung,Food,FOD-03,3,38000,114000,Cash,Dine in
6595,SUN-6858687,28-11-2023,Club Sandwich,Food,FOD-05,2,45000,90000,Cash,Take Away
6596,SUN-3676310,26-07-2023,Caramel Machiato,Drinks,DRK-04,1,38000,38000,Digital Wallet,Dine in
6597,SUN-8619806,10-07-2023,Club Sandwich,Food,FOD-05,3,45000,135000,Digital Wallet,Take Away
6598,SUN-1520121,09-01-2023,New York Cheesecake,Dessert,DST-03,1,42000,42000,Debit Card,Online Order
6599,SUN-3416559,17-08-2023,Club Sandwich,Food,FOD-05,2,45000,90000,Debit Card,Take Away
6600,SUN-2131837,29-01-2023,Nasi Goreng Kampung,Food,FOD-03,3,38000,114000,Debit Card,Online Order
6601,SUN-7179400,28-10-2023,Iced Americano,Drinks,DRK-02,3,28000,84000,Debit Card,Take Away
6602,SUN-1385783,18-03-2023,Caramel Machiato,Drinks,DRK-04,2,38000,76000,Digital Wallet,Take Away
6603,SUN-9244761,31-05-2023,Creamy Maycha Latte,Drinks,DRK-05,3,35000,105000,Digital Wallet,Online Order
6604,SUN-8566902,20-07-2023,Espreso Single,Drinks,DRK-01,2,22000,44000,Digital Wallet,Take Away
6605,SUN-1635533,29-05-2023,Buttermilk Fried Chicken,Food,FOD-01,1,48000,48000,Debit Card,Take Away
6606,SUN-6591036,17-01-2023,Cafe Latte,Drinks,DRK-03,2,32000,64000,Debit Card,Dine in
6607,SUN-1218811,13-09-2023,Grill Chicken Caesar Salad,Food,FOD-04,4,42000,168000,Cash,Online Order
6608,SUN-6899602,04-03-2023,Choco Lava Cake,Dessert,DST-04,4,35000,140000,Debit Card,Online Order
6609,SUN-3741142,23-01-2023,Classic Tirmaisu,Dessert,DST-01,2,38000,76000,Debit Card,Take Away
6610,SUN-2236569,11-09-2023,New York Cheesecake,Dessert,DST-03,3,42000,126000,Cash,Dine in
6611,SUN-4248308,18-06-2023,Club Sandwich,Food,FOD-05,2,45000,90000,Digital Wallet,Online Order
6612,SUN-5945009,29-10-2023,Nasi Goreng Kampung,Food,FOD-03,1,38000,38000,Digital Wallet,Take Away
6613,SUN-5504806,24-02-2023,Espreso Single,Drinks,DRK-01,4,22000,88000,Debit Card,Online Order
6614,SUN-3492402,16-07-2023,Iced Americano,Drinks,DRK-02,1,28000,28000,Digital Wallet,Dine in
6615,SUN-6581990,19-06-2023,Cafe Latte,Drinks,DRK-03,4,32000,128000,Digital Wallet,Online Order
6616,SUN-3075873,15-10-2023,Cafe Latte,Drinks,DRK-03,3,32000,96000,Digital Wallet,Online Order
6617,SUN-3898807,10-10-2023,Buttermilk Fried Chicken,Food,FOD-01,1,48000,48000,Digital Wallet,Take Away
6618,SUN-6554984,18-10-2023,Fudgy Brownies,Dessert,DST-02,3,25000,75000,Cash,Dine in
6619,SUN-3624444,19-01-2023,Creamy Maycha Latte,Drinks,DRK-05,3,35000,105000,Debit Card,Dine in
6620,SUN-1733466,10-02-2023,New York Cheesecake,Dessert,DST-03,3,42000,126000,Cash,Take Away
6621,SUN-5018106,15-07-2023,Cinnamon Roll,Dessert,DST-05,4,28000,112000,Digital Wallet,Dine in
6622,SUN-3251006,14-05-2023,Choco Lava Cake,Dessert,DST-04,2,35000,70000,Digital Wallet,Take Away
6623,SUN-4269964,22-04-2023,Espreso Single,Drinks,DRK-01,1,22000,22000,Digital Wallet,Dine in
6624,SUN-9501786,27-03-2023,Choco Lava Cake,Dessert,DST-04,1,35000,35000,Digital Wallet,Take Away
6625,SUN-1819694,15-09-2023,Creamy Maycha Latte,Drinks,DRK-05,4,35000,140000,Digital Wallet,Take Away
6626,SUN-9667500,13-01-2023,Choco Lava Cake,Dessert,DST-04,3,35000,105000,Debit Card,Online Order
6627,SUN-1172595,24-07-2023,Cinnamon Roll,Dessert,DST-04,4,28000,112000,Digital Wallet,Dine in
6628,SUN-1811739,17-09-2023,Classic Tirmaisu,Dessert,DST-01,4,38000,152000,Cash,Take Away
6629,SUN-3570435,27-06-2023,Cinnamon Roll,Dessert,DST-05,4,28000,112000,Debit Card,Take Away
6630,SUN-8506539,23-06-2023,Grill Chicken Caesar Salad,Food,FOD-04,2,42000,84000,Cash,Dine in
6631,SUN-9484725,10-11-2023,Classic Tirmaisu,Dessert,DST-01,3,38000,114000,Digital Wallet,Dine in
6632,SUN-8847939,08-01-2023,Caramel Machiato,Drinks,DRK-04,2,38000,76000,Digital Wallet,Take Away
6633,SUN-5485987,19-01-2023,Buttermilk Fried Chicken,Food,FOD-01,1,48000,48000,Cash,Take Away
6634,SUN-5863245,21-09-2023,New York Cheesecake,Dessert,DST-03,1,42000,42000,Debit Card,Online Order
6635,SUN-9008600,08-12-2023,Choco Lava Cake,Dessert,DST-04,2,35000,70000,Digital Wallet,Take Away
6636,SUN-9537372,10-02-2023,Club Sandwich,Food,FOD-05,1,45000,45000,Digital Wallet,Online Order
6637,SUN-4480975,31-01-2023,Classic Tirmaisu,Dessert,DST-01,2,38000,76000,Debit Card,Online Order
6638,SUN-3336524,20-06-2023,Iced Americano,Drinks,DRK-02,2,28000,56000,Debit Card,Take Away
6639,SUN-2558775,18-01-2023,Creamy Maycha Latte,Drinks,DRK-05,2,35000,70000,Digital Wallet,Dine in
6640,SUN-3122176,10-08-2023,New York Cheesecake,Dessert,DST-03,4,42000,168000,Digital Wallet,Online Order
6641,SUN-9831755,18-12-2023,Cinnamon Roll,Dessert,DST-05,1,28000,28000,Digital Wallet,Online Order
6642,SUN-2164860,12-03-2023,Fudgy Brownies,Dessert,DST-02,1,25000,25000,Debit Card,Take Away
6643,SUN-4665474,01-03-2023,Nasi Goreng Kampung,Food,FOD-03,1,38000,38000,Cash,Dine in
6644,SUN-4921170,12-12-2023,Caramel Machiato,Drinks,DRK-04,4,38000,152000,Cash,Dine in
6645,SUN-4824495,18-06-2023,Grill Chicken Caesar Salad,Food,FOD-04,4,42000,168000,Cash,Take Away
6646,SUN-1112655,25-04-2023,Cafe Latte,Drinks,DRK-03,4,32000,128000,Digital Wallet,Take Away
6647,SUN-4319723,14-05-2023,Beef Carbonara Pasta,Food,FOD-02,1,52000,52000,Digital Wallet,Dine in
6648,SUN-1725076,23-01-2023,Fudgy Brownies,Dessert,DST-02,1,25000,25000,Debit Card,Take Away
6649,SUN-9456743,09-04-2023,Creamy Maycha Latte,Drinks,DRK-05,1,35000,35000,Debit Card,Take Away
6650,SUN-2498169,17-04-2023,Creamy Maycha Latte,Drinks,DRK-05,2,35000,70000,Digital Wallet,Online Order
6651,SUN-1452805,07-07-2023,Buttermilk Fried Chicken,Food,FOD-01,4,48000,192000,Debit Card,Online Order
6652,SUN-5780247,15-07-2023,Iced Americano,Drinks,DRK-02,1,28000,28000,Digital Wallet,Take Away
6653,SUN-7157799,18-11-2023,Grill Chicken Caesar Salad,Food,FOD-04,4,42000,168000,Cash,Online Order
6654,SUN-8765216,04-11-2023,Beef Carbonara Pasta,Food,FOD-02,2,52000,104000,Digital Wallet,Take Away
6655,SUN-4318905,04-06-2023,Buttermilk Fried Chicken,Food,FOD-01,2,48000,96000,Digital Wallet,Online Order
6656,SUN-3919173,01-01-2023,Caramel Machiato,Drinks,DRK-04,1,38000,38000,Digital Wallet,Online Order
6657,SUN-6959570,18-08-2023,Club Sandwich,Food,FOD-05,1,45000,45000,Digital Wallet,Dine in
6658,SUN-9016187,12-03-2023,Espreso Single,Drinks,DRK-01,1,22000,22000,Debit Card,Dine in
6659,SUN-3701800,15-12-2023,Espreso Single,Drinks,DRK-01,2,22000,44000,Digital Wallet,Online Order
6660,SUN-2130593,09-09-2023,Classic Tirmaisu,Dessert,DST-01,1,38000,38000,Digital Wallet,Dine in
6661,SUN-4667450,14-06-2023,Caramel Machiato,Drinks,DRK-04,3,38000,114000,Cash,Take Away
6662,SUN-1071704,31-10-2023,Choco Lava Cake,Dessert,DST-04,3,35000,105000,Cash,Online Order
6663,SUN-3909408,29-04-2023,Club Sandwich,Food,FOD-05,1,45000,45000,Digital Wallet,Take Away
6664,SUN-2010608,26-04-2023,Classic Tirmaisu,Dessert,DST-01,4,38000,152000,Digital Wallet,Online Order
6665,SUN-6866910,26-06-2023,Club Sandwich,Food,FOD-05,4,45000,180000,Cash,Dine in
6666,SUN-9304063,03-12-2023,Creamy Maycha Latte,Drinks,DRK-05,4,35000,140000,Debit Card,Dine in
6667,SUN-9841539,18-10-2023,Caramel Machiato,Drinks,DRK-04,3,38000,114000,Debit Card,Online Order
6668,SUN-7835629,31-07-2023,Nasi Goreng Kampung,Food,FOD-03,4,38000,152000,Debit Card,Dine in
6669,SUN-8568048,09-09-2023,Cafe Latte,Drinks,DRK-03,3,32000,96000,Cash,Dine in
6670,SUN-8130318,09-05-2023,Cafe Latte,Drinks,DRK-03,4,32000,128000,Digital Wallet,Online Order
6671,SUN-6774144,18-12-2023,Buttermilk Fried Chicken,Food,FOD-01,4,48000,192000,Digital Wallet,Dine in
6672,SUN-7291504,22-02-2023,Grill Chicken Caesar Salad,Food,FOD-04,3,42000,126000,Digital Wallet,Take Away
6673,SUN-3864093,04-05-2023,Creamy Maycha Latte,Drinks,DRK-05,2,35000,70000,Debit Card,Online Order
6674,SUN-3430254,27-03-2023,Buttermilk Fried Chicken,Food,FOD-01,4,48000,192000,Cash,Take Away
6675,SUN-3039369,08-12-2023,Creamy Maycha Latte,Drinks,DRK-05,3,35000,105000,Digital Wallet,Take Away
6676,SUN-1702494,06-05-2023,New York Cheesecake,Dessert,DST-03,1,42000,42000,Debit Card,Online Order
6677,SUN-9142433,19-05-2023,Fudgy Brownies,Dessert,DST-02,4,25000,100000,Cash,Take Away
6678,SUN-1130865,09-11-2023,Classic Tirmaisu,Dessert,DST-01,1,38000,38000,Digital Wallet,Dine in
6679,SUN-8097794,06-01-2023,Creamy Maycha Latte,Drinks,DRK-05,1,35000,35000,Digital Wallet,Take Away
6680,SUN-3538295,10-05-2023,New York Cheesecake,Dessert,DST-03,3,42000,126000,Cash,Dine in
6681,SUN-1999004,24-08-2023,Creamy Maycha Latte,Drinks,DRK-05,4,35000,140000,Debit Card,Take Away
6682,SUN-1649505,10-03-2023,Buttermilk Fried Chicken,Food,FOD-01,3,48000,144000,Cash,Take Away
6683,SUN-8098217,09-12-2023,Creamy Maycha Latte,Drinks,DRK-05,3,35000,105000,Debit Card,Take Away
6684,SUN-9737417,23-07-2023,Creamy Maycha Latte,Drinks,DRK-05,3,35000,105000,Digital Wallet,Dine in
6685,SUN-1877351,29-03-2023,Espreso Single,Drinks,DRK-01,3,22000,66000,Cash,Dine in
6686,SUN-6442472,30-09-2023,Fudgy Brownies,Dessert,DST-02,2,25000,50000,Cash,Take Away
6687,SUN-4831396,25-11-2023,Caramel Machiato,Drinks,DRK-04,2,38000,76000,Digital Wallet,Online Order
6688,SUN-2939145,19-07-2023,Nasi Goreng Kampung,Food,FOD-03,4,38000,152000,Debit Card,Dine in
6689,SUN-2422166,03-11-2023,Club Sandwich,Food,FOD-05,1,45000,45000,Cash,Take Away
6690,SUN-1738562,27-02-2023,Fudgy Brownies,Dessert,DST-02,4,25000,100000,Debit Card,Take Away
6691,SUN-8878124,27-04-2023,Buttermilk Fried Chicken,Food,FOD-01,2,48000,96000,Digital Wallet,Online Order
6692,SUN-6544057,30-12-2023,Espreso Single,Drinks,DRK-01,2,22000,44000,Digital Wallet,Online Order
6693,SUN-2691840,14-10-2023,Grill Chicken Caesar Salad,Food,FOD-04,3,42000,126000,Digital Wallet,Online Order
6694,SUN-7094993,31-07-2023,Club Sandwich,Food,FOD-05,2,45000,90000,Debit Card,Dine in
6695,SUN-2063809,29-04-2023,Cinnamon Roll,Dessert,DST-05,4,28000,112000,Debit Card,Take Away
6696,SUN-2004218,21-09-2023,Classic Tirmaisu,Dessert,DST-01,4,38000,152000,Cash,Take Away
6697,SUN-2261670,17-08-2023,Classic Tirmaisu,Dessert,DST-01,3,38000,114000,Cash,Dine in
6698,SUN-9949753,02-12-2023,Classic Tirmaisu,Dessert,DST-01,3,38000,114000,Digital Wallet,Take Away
6699,SUN-9824117,02-07-2023,Fudgy Brownies,Dessert,DST-02,1,25000,25000,Debit Card,Online Order
6700,SUN-6350792,06-12-2023,Espreso Single,Drinks,DRK-01,2,22000,44000,Digital Wallet,Dine in
6701,SUN-5061081,17-03-2023,Beef Carbonara Pasta,Food,FOD-02,1,52000,52000,Debit Card,Online Order
6702,SUN-9359638,13-02-2023,Creamy Maycha Latte,Drinks,DRK-05,4,35000,140000,Digital Wallet,Online Order
6703,SUN-3293228,06-06-2023,Grill Chicken Caesar Salad,Food,FOD-04,1,42000,42000,Debit Card,Online Order
6704,SUN-5057608,25-08-2023,Cinnamon Roll,Dessert,DST-04,1,28000,28000,Digital Wallet,Dine in
6705,SUN-7747423,27-05-2023,Caramel Machiato,Drinks,DRK-04,3,38000,114000,Digital Wallet,Online Order
6706,SUN-4434904,17-10-2023,Espreso Single,Drinks,DRK-01,1,22000,22000,Cash,Take Away
6707,SUN-7082665,29-01-2023,New York Cheesecake,Dessert,DST-03,1,42000,42000,Debit Card,Online Order
6708,SUN-9825031,19-01-2023,Caramel Machiato,Drinks,DRK-04,4,38000,152000,Debit Card,Online Order
6709,SUN-4879780,17-11-2023,Grill Chicken Caesar Salad,Food,FOD-04,2,42000,84000,Cash,Dine in
6710,SUN-2074096,26-10-2023,Cinnamon Roll,Dessert,DST-05,4,28000,112000,Digital Wallet,Dine in
6711,SUN-7629940,18-04-2023,Iced Americano,Drinks,DRK-02,4,28000,112000,Debit Card,Dine in
6712,SUN-8845605,20-04-2023,Beef Carbonara Pasta,Food,FOD-02,4,52000,208000,Debit Card,Online Order
6713,SUN-3749312,28-04-2023,Choco Lava Cake,Dessert,DST-04,1,35000,35000,Digital Wallet,Dine in
6714,SUN-6727103,01-07-2023,Cinnamon Roll,Dessert,DST-05,3,28000,84000,Debit Card,Dine in
6715,SUN-3366204,15-12-2023,Classic Tirmaisu,Dessert,DST-01,2,38000,76000,Cash,Dine in
6716,SUN-6584259,19-07-2023,Caramel Machiato,Drinks,DRK-04,1,38000,38000,Digital Wallet,Take Away
6717,SUN-8029217,26-05-2023,Choco Lava Cake,Dessert,DST-04,2,35000,70000,Digital Wallet,Online Order
6718,SUN-5802624,01-05-2023,Beef Carbonara Pasta,Food,FOD-02,3,52000,156000,Cash,Online Order
6719,SUN-2598581,25-05-2023,Buttermilk Fried Chicken,Food,FOD-01,4,48000,192000,Digital Wallet,Online Order
6720,SUN-5364181,15-01-2023,Buttermilk Fried Chicken,Food,FOD-01,2,48000,96000,Cash,Dine in
6721,SUN-4314302,04-11-2023,Cafe Latte,Drinks,DRK-03,2,32000,64000,Cash,Dine in
6722,SUN-5287019,18-01-2023,Choco Lava Cake,Dessert,DST-04,2,35000,70000,Debit Card,Take Away
6723,SUN-7613736,07-05-2023,Espreso Single,Drinks,DRK-01,2,22000,44000,Digital Wallet,Dine in
6724,SUN-6855362,22-02-2023,Caramel Machiato,Drinks,DRK-04,2,38000,76000,Cash,Dine in
6725,SUN-3761717,14-12-2023,Creamy Maycha Latte,Drinks,DRK-05,1,35000,35000,Digital Wallet,Online Order
6726,SUN-3447820,16-10-2023,Espreso Single,Drinks,DRK-01,3,22000,66000,Debit Card,Dine in
6727,SUN-7705765,23-06-2023,Beef Carbonara Pasta,Food,FOD-02,4,52000,208000,Cash,Dine in
6728,SUN-1560322,12-09-2023,Cafe Latte,Drinks,DRK-03,2,32000,64000,Digital Wallet,Take Away
6729,SUN-9955941,19-05-2023,Iced Americano,Drinks,DRK-02,2,28000,56000,Digital Wallet,Online Order
6730,SUN-9492771,28-12-2023,Cafe Latte,Drinks,DRK-03,3,32000,96000,Debit Card,Online Order
6731,SUN-3004067,27-04-2023,Nasi Goreng Kampung,Food,FOD-03,2,38000,76000,Digital Wallet,Online Order
6732,SUN-5897414,29-09-2023,Nasi Goreng Kampung,Food,FOD-03,4,38000,152000,Digital Wallet,Online Order
6733,SUN-2619238,24-04-2023,Iced Americano,Drinks,DRK-02,4,28000,112000,Debit Card,Dine in
6734,SUN-1793883,23-12-2023,Fudgy Brownies,Dessert,DST-02,4,25000,100000,Debit Card,Dine in
6735,SUN-1422235,22-12-2023,New York Cheesecake,Dessert,DST-03,4,42000,168000,Cash,Take Away
6736,SUN-6225824,24-10-2023,Cafe Latte,Drinks,DRK-03,2,32000,64000,Digital Wallet,Take Away
6737,SUN-1480426,27-06-2023,Cinnamon Roll,Dessert,DST-05,4,28000,112000,Digital Wallet,Online Order
6738,SUN-9890630,01-06-2023,New York Cheesecake,Dessert,DST-03,1,42000,42000,Digital Wallet,Online Order
6739,SUN-5312435,25-01-2023,Cinnamon Roll,Dessert,DST-05,1,28000,28000,Debit Card,Take Away
6740,SUN-7802869,19-12-2023,Club Sandwich,Food,FOD-05,3,45000,135000,Digital Wallet,Take Away
6741,SUN-7058820,29-01-2023,New York Cheesecake,Dessert,DST-03,4,42000,168000,Digital Wallet,Online Order
6742,SUN-5893079,04-03-2023,Choco Lava Cake,Dessert,DST-04,4,35000,140000,Debit Card,Take Away
6743,SUN-6349614,12-10-2023,Caramel Machiato,Drinks,DRK-04,3,38000,114000,Debit Card,Online Order
6744,SUN-7217569,21-05-2023,Beef Carbonara Pasta,Food,FOD-02,4,52000,208000,Debit Card,Dine in
6745,SUN-9685827,25-11-2023,Buttermilk Fried Chicken,Food,FOD-01,2,48000,96000,Cash,Dine in
6746,SUN-7295834,08-02-2023,Creamy Maycha Latte,Drinks,DRK-05,4,35000,140000,Digital Wallet,Take Away
6747,SUN-8748633,17-12-2023,Espreso Single,Drinks,DRK-01,3,22000,66000,Digital Wallet,Take Away
6748,SUN-2941704,12-08-2023,New York Cheesecake,Dessert,DST-03,1,42000,42000,Digital Wallet,Online Order
6749,SUN-4828735,27-01-2023,Caramel Machiato,Drinks,DRK-04,4,38000,152000,Digital Wallet,Dine in
6750,SUN-4776260,12-09-2023,Fudgy Brownies,Dessert,DST-02,4,25000,100000,Cash,Take Away
6751,SUN-3974717,03-04-2023,Choco Lava Cake,Dessert,DST-04,4,35000,140000,Digital Wallet,Dine in
6752,SUN-7241337,27-10-2023,Cafe Latte,Drinks,DRK-03,3,32000,96000,Cash,Take Away
6753,SUN-9535820,30-10-2023,Grill Chicken Caesar Salad,Food,FOD-04,3,42000,126000,Digital Wallet,Online Order
6754,SUN-8113599,23-01-2023,Nasi Goreng Kampung,Food,FOD-03,2,38000,76000,Digital Wallet,Take Away
6755,SUN-7489463,28-10-2023,Classic Tirmaisu,Dessert,DST-01,2,38000,76000,Digital Wallet,Dine in
6756,SUN-4342439,01-03-2023,Iced Americano,Drinks,DRK-02,4,28000,112000,Digital Wallet,Take Away
6757,SUN-9481199,28-10-2023,Nasi Goreng Kampung,Food,FOD-03,1,38000,38000,Debit Card,Take Away
6758,SUN-2079844,23-02-2023,Cafe Latte,Drinks,DRK-03,4,32000,128000,Cash,Dine in
6759,SUN-6063241,04-03-2023,Nasi Goreng Kampung,Food,FOD-03,3,38000,114000,Debit Card,Dine in
6760,SUN-4166132,21-01-2023,Grill Chicken Caesar Salad,Food,FOD-04,3,42000,126000,Debit Card,Dine in
6761,SUN-5578745,06-10-2023,Nasi Goreng Kampung,Food,FOD-03,2,38000,76000,Debit Card,Online Order
6762,SUN-7954680,20-04-2023,Caramel Machiato,Drinks,DRK-04,4,38000,152000,Debit Card,Dine in
6763,SUN-6362444,28-09-2023,Choco Lava Cake,Dessert,DST-04,4,35000,140000,Digital Wallet,Take Away
6764,SUN-7456088,28-09-2023,Cinnamon Roll,Dessert,DST-05,4,28000,112000,Debit Card,Dine in
6765,SUN-4734016,27-11-2023,Choco Lava Cake,Dessert,DST-04,2,35000,70000,Debit Card,Take Away
6766,SUN-8520424,12-08-2023,Grill Chicken Caesar Salad,Food,FOD-04,3,42000,126000,Debit Card,Dine in
6767,SUN-3564028,12-06-2023,New York Cheesecake,Dessert,DST-03,4,42000,168000,Debit Card,Take Away
6768,SUN-3157216,29-07-2023,Espreso Single,Drinks,DRK-01,2,22000,44000,Debit Card,Dine in
6769,SUN-5129041,25-08-2023,Club Sandwich,Food,FOD-05,4,45000,180000,Debit Card,Dine in
6770,SUN-2499852,23-01-2023,Cinnamon Roll,Dessert,DST-05,4,28000,112000,Debit Card,Dine in
6771,SUN-5503469,15-03-2023,Classic Tirmaisu,Dessert,DST-01,2,38000,76000,Digital Wallet,Dine in
6772,SUN-4984221,15-06-2023,Cafe Latte,Drinks,DRK-03,3,32000,96000,Digital Wallet,Take Away
6773,SUN-1509737,29-09-2023,Fudgy Brownies,Dessert,DST-02,2,25000,50000,Debit Card,Dine in
6774,SUN-1169277,29-06-2023,Beef Carbonara Pasta,Food,FOD-02,4,52000,208000,Digital Wallet,Take Away
6775,SUN-9819539,07-01-2023,Caramel Machiato,Drinks,DRK-04,2,38000,76000,Debit Card,Take Away
6776,SUN-6312876,21-06-2023,Espreso Single,Drinks,DRK-01,4,22000,88000,Debit Card,Dine in
6777,SUN-4401066,09-11-2023,Iced Americano,Drinks,DRK-02,1,28000,28000,Digital Wallet,Online Order
6778,SUN-8775599,26-10-2023,Choco Lava Cake,Dessert,DST-04,4,35000,140000,Debit Card,Dine in
6779,SUN-2438010,03-09-2023,Classic Tirmaisu,Dessert,DST-01,4,38000,152000,Debit Card,Online Order
6780,SUN-9770056,09-04-2023,Cinnamon Roll,Dessert,DST-05,1,28000,28000,Debit Card,Take Away
6781,SUN-2247137,25-04-2023,Caramel Machiato,Drinks,DRK-04,1,38000,38000,Digital Wallet,Dine in
6782,SUN-2492571,25-05-2023,New York Cheesecake,Dessert,DST-03,4,42000,168000,Debit Card,Dine in
6783,SUN-3476256,14-03-2023,Club Sandwich,Food,FOD-05,2,45000,90000,Digital Wallet,Online Order
6784,SUN-2476455,26-01-2023,Fudgy Brownies,Dessert,DST-02,3,25000,75000,Digital Wallet,Take Away
6785,SUN-4576311,22-06-2023,Classic Tirmaisu,Dessert,DST-01,2,38000,76000,Cash,Dine in
6786,SUN-9187284,04-08-2023,Caramel Machiato,Drinks,DRK-04,2,38000,76000,Digital Wallet,Online Order
6787,SUN-3220904,28-09-2023,Cinnamon Roll,Dessert,DST-05,3,28000,84000,Debit Card,Dine in
6788,SUN-1454164,06-09-2023,Fudgy Brownies,Dessert,DST-02,3,25000,75000,Digital Wallet,Online Order
6789,SUN-4658176,05-12-2023,Creamy Maycha Latte,Drinks,DRK-05,2,35000,70000,Debit Card,Online Order
6790,SUN-3221905,01-03-2023,Grill Chicken Caesar Salad,Food,FOD-04,3,42000,126000,Debit Card,Online Order
6791,SUN-1190929,18-12-2023,Buttermilk Fried Chicken,Food,FOD-01,1,48000,48000,Cash,Dine in
6792,SUN-9727122,02-05-2023,Creamy Maycha Latte,Drinks,DRK-05,1,35000,35000,Debit Card,Dine in
6793,SUN-3064250,17-07-2023,New York Cheesecake,Dessert,DST-03,2,42000,84000,Digital Wallet,Take Away
6794,SUN-4714560,15-04-2023,Cinnamon Roll,Dessert,DST-05,2,28000,56000,Cash,Take Away
6795,SUN-9926551,19-04-2023,Fudgy Brownies,Dessert,DST-02,2,25000,50000,Debit Card,Dine in
6796,SUN-2076210,05-06-2023,Caramel Machiato,Drinks,DRK-04,3,38000,114000,Debit Card,Dine in
6797,SUN-7838888,15-02-2023,Caramel Machiato,Drinks,DRK-04,2,38000,76000,Debit Card,Dine in
6798,SUN-8499773,13-12-2023,New York Cheesecake,Dessert,DST-03,4,42000,168000,Digital Wallet,Dine in
6799,SUN-6517300,23-09-2023,Cinnamon Roll,Dessert,DST-05,2,28000,56000,Digital Wallet,Online Order
6800,SUN-6956028,22-05-2023,Creamy Maycha Latte,Drinks,DRK-05,3,35000,105000,Debit Card,Dine in
6801,SUN-7160304,06-08-2023,Caramel Machiato,Drinks,DRK-04,1,38000,38000,Debit Card,Dine in
6802,SUN-2453785,22-11-2023,New York Cheesecake,Dessert,DST-03,2,42000,84000,Digital Wallet,Take Away
6803,SUN-7514877,22-03-2023,Caramel Machiato,Drinks,DRK-04,4,38000,152000,Debit Card,Take Away
6804,SUN-5272340,10-09-2023,Nasi Goreng Kampung,Food,FOD-03,2,38000,76000,Debit Card,Take Away
6805,SUN-5480807,15-07-2023,Classic Tirmaisu,Dessert,DST-01,1,38000,38000,Cash,Take Away
6806,SUN-9601857,24-08-2023,Buttermilk Fried Chicken,Food,FOD-01,1,48000,48000,Debit Card,Dine in
6807,SUN-4428651,24-05-2023,Espreso Single,Drinks,DRK-01,3,22000,66000,Digital Wallet,Dine in
6808,SUN-8641841,03-01-2023,Fudgy Brownies,Dessert,DST-02,4,25000,100000,Digital Wallet,Dine in
6809,SUN-4673236,17-10-2023,Creamy Maycha Latte,Drinks,DRK-05,4,35000,140000,Digital Wallet,Dine in
6810,SUN-2064905,06-06-2023,Caramel Machiato,Drinks,DRK-04,1,38000,38000,Cash,Take Away
6811,SUN-2859806,31-01-2023,Club Sandwich,Food,FOD-05,3,45000,135000,Cash,Take Away
6812,SUN-9731416,15-07-2023,Espreso Single,Drinks,DRK-01,1,22000,22000,Debit Card,Take Away
6813,SUN-7385014,11-03-2023,New York Cheesecake,Dessert,DST-03,3,42000,126000,Cash,Take Away
6814,SUN-4054976,19-11-2023,Iced Americano,Drinks,DRK-02,2,28000,56000,Cash,Take Away
6815,SUN-8079549,07-03-2023,Grill Chicken Caesar Salad,Food,FOD-04,1,42000,42000,Debit Card,Take Away
6816,SUN-9633116,02-06-2023,Grill Chicken Caesar Salad,Food,FOD-04,2,42000,84000,Cash,Take Away
6817,SUN-5036708,25-06-2023,Fudgy Brownies,Dessert,DST-02,3,25000,75000,Debit Card,Online Order
6818,SUN-7090574,15-04-2023,Iced Americano,Drinks,DRK-02,1,28000,28000,Digital Wallet,Dine in
6819,SUN-2185842,01-05-2023,New York Cheesecake,Dessert,DST-03,4,42000,168000,Debit Card,Take Away
6820,SUN-5825728,13-11-2023,New York Cheesecake,Dessert,DST-03,1,42000,42000,Debit Card,Take Away
6821,SUN-3709240,05-08-2023,Classic Tirmaisu,Dessert,DST-01,4,38000,152000,Debit Card,Online Order
6822,SUN-7855577,12-01-2023,New York Cheesecake,Dessert,DST-03,2,42000,84000,Debit Card,Take Away
6823,SUN-5562130,27-06-2023,Fudgy Brownies,Dessert,DST-02,2,25000,50000,Debit Card,Dine in
6824,SUN-7858466,09-01-2023,Creamy Maycha Latte,Drinks,DRK-05,4,35000,140000,Cash,Dine in
6825,SUN-7055442,05-05-2023,Choco Lava Cake,Dessert,DST-04,4,35000,140000,Digital Wallet,Online Order
6826,SUN-2130210,01-10-2023,Creamy Maycha Latte,Drinks,DRK-05,2,35000,70000,Debit Card,Online Order
6827,SUN-1249555,08-09-2023,Beef Carbonara Pasta,Food,FOD-02,1,52000,52000,Debit Card,Dine in
6828,SUN-3711787,19-03-2023,Choco Lava Cake,Dessert,DST-04,3,35000,105000,Cash,Dine in
6829,SUN-7024772,29-07-2023,Grill Chicken Caesar Salad,Food,FOD-04,4,42000,168000,Digital Wallet,Dine in
6830,SUN-4348325,16-10-2023,Creamy Maycha Latte,Drinks,DRK-05,3,35000,105000,Digital Wallet,Online Order
6831,SUN-6618390,15-02-2023,Cinnamon Roll,Dessert,DST-05,2,28000,56000,Digital Wallet,Online Order
6832,SUN-7115354,01-05-2023,Cinnamon Roll,Dessert,DST-05,4,28000,112000,Debit Card,Dine in
6833,SUN-2271455,18-05-2023,Classic Tirmaisu,Dessert,DST-01,4,38000,152000,Debit Card,Online Order
6834,SUN-1265051,21-01-2023,Creamy Maycha Latte,Drinks,DRK-05,2,35000,70000,Digital Wallet,Online Order
6835,SUN-1324279,09-08-2023,Buttermilk Fried Chicken,Food,FOD-01,4,48000,192000,Debit Card,Dine in
6836,SUN-4801849,29-10-2023,Classic Tirmaisu,Dessert,DST-01,3,38000,114000,Digital Wallet,Online Order
6837,SUN-3866819,16-08-2023,Cinnamon Roll,Dessert,DST-05,3,28000,84000,Debit Card,Dine in
6838,SUN-2185299,14-08-2023,Nasi Goreng Kampung,Food,FOD-03,4,38000,152000,Digital Wallet,Dine in
6839,SUN-2232979,17-06-2023,Nasi Goreng Kampung,Food,FOD-03,3,38000,114000,Digital Wallet,Online Order
6840,SUN-8903867,17-06-2023,Fudgy Brownies,Dessert,DST-02,4,25000,100000,Debit Card,Online Order
6841,SUN-1464468,10-03-2023,Cafe Latte,Drinks,DRK-03,1,32000,32000,Debit Card,Online Order
6842,SUN-8114577,23-06-2023,Classic Tirmaisu,Dessert,DST-01,2,38000,76000,Digital Wallet,Online Order
6843,SUN-1240047,30-10-2023,Beef Carbonara Pasta,Food,FOD-02,4,52000,208000,Digital Wallet,Online Order
6844,SUN-4559543,25-08-2023,Fudgy Brownies,Dessert,DST-02,4,25000,100000,Debit Card,Online Order
6845,SUN-8174702,12-07-2023,Classic Tirmaisu,Dessert,DST-01,1,38000,38000,Debit Card,Online Order
6846,SUN-8055806,22-11-2023,Caramel Machiato,Drinks,DRK-04,2,38000,76000,Debit Card,Online Order
6847,SUN-8998448,22-08-2023,Buttermilk Fried Chicken,Food,FOD-01,3,48000,144000,Digital Wallet,Dine in
6848,SUN-7030810,17-02-2023,Iced Americano,Drinks,DRK-02,3,28000,84000,Debit Card,Online Order
6849,SUN-4545749,12-11-2023,Nasi Goreng Kampung,Food,FOD-03,2,38000,76000,Debit Card,Dine in
6850,SUN-1444555,23-12-2023,Beef Carbonara Pasta,Food,FOD-02,4,52000,208000,Debit Card,Online Order
6851,SUN-6439569,17-01-2023,Iced Americano,Drinks,DRK-02,2,28000,56000,Debit Card,Online Order
6852,SUN-2960394,11-11-2023,Caramel Machiato,Drinks,DRK-04,3,38000,114000,Debit Card,Take Away
6853,SUN-1626320,13-02-2023,Fudgy Brownies,Dessert,DST-02,2,25000,50000,Debit Card,Online Order
6854,SUN-4681090,25-06-2023,Classic Tirmaisu,Dessert,DST-01,1,38000,38000,Debit Card,Take Away
6855,SUN-7078115,24-09-2023,Fudgy Brownies,Dessert,DST-02,2,25000,50000,Digital Wallet,Take Away
6856,SUN-5753678,19-03-2023,Cafe Latte,Drinks,DRK-03,2,32000,64000,Debit Card,Dine in
6857,SUN-5489090,07-02-2023,Creamy Maycha Latte,Drinks,DRK-05,2,35000,70000,Debit Card,Online Order
6858,SUN-9576409,19-02-2023,Cafe Latte,Drinks,DRK-03,2,32000,64000,Cash,Take Away
6859,SUN-3346459,02-01-2023,Classic Tirmaisu,Dessert,DST-01,1,38000,38000,Cash,Dine in
6860,SUN-1414082,02-03-2023,Nasi Goreng Kampung,Food,FOD-03,1,38000,38000,Digital Wallet,Take Away
6861,SUN-5868544,23-12-2023,Iced Americano,Drinks,DRK-02,2,28000,56000,Digital Wallet,Dine in
6862,SUN-6022541,24-08-2023,Creamy Maycha Latte,Drinks,DRK-05,2,35000,70000,Debit Card,Take Away
6863,SUN-9724002,18-01-2023,Iced Americano,Drinks,DRK-02,3,28000,84000,Digital Wallet,Dine in
6864,SUN-9513465,04-12-2023,Nasi Goreng Kampung,Food,FOD-03,3,38000,114000,Digital Wallet,Take Away
6865,SUN-3429942,11-11-2023,Club Sandwich,Food,FOD-05,2,45000,90000,Digital Wallet,Dine in
6866,SUN-2458851,20-04-2023,Classic Tirmaisu,Dessert,DST-01,1,38000,38000,Debit Card,Take Away
6867,SUN-6415194,24-12-2023,New York Cheesecake,Dessert,DST-03,3,42000,126000,Debit Card,Take Away
6868,SUN-7844995,25-01-2023,Buttermilk Fried Chicken,Food,FOD-01,2,48000,96000,Debit Card,Take Away
6869,SUN-8394433,23-05-2023,Classic Tirmaisu,Dessert,DST-01,4,38000,152000,Debit Card,Online Order
6870,SUN-6424451,09-08-2023,Club Sandwich,Food,FOD-05,1,45000,45000,Debit Card,Take Away
6871,SUN-2846896,15-08-2023,Caramel Machiato,Drinks,DRK-04,2,38000,76000,Cash,Take Away
6872,SUN-8776435,28-09-2023,Caramel Machiato,Drinks,DRK-04,1,38000,38000,Digital Wallet,Online Order
6873,SUN-3425690,11-02-2023,Fudgy Brownies,Dessert,DST-02,2,25000,50000,Debit Card,Take Away
6874,SUN-6062137,28-09-2023,Choco Lava Cake,Dessert,DST-04,2,35000,70000,Debit Card,Online Order
6875,SUN-1341627,30-12-2023,Nasi Goreng Kampung,Food,FOD-03,4,38000,152000,Debit Card,Take Away
6876,SUN-8123792,19-01-2023,Buttermilk Fried Chicken,Food,FOD-01,1,48000,48000,Digital Wallet,Dine in
6877,SUN-3237307,23-11-2023,Choco Lava Cake,Dessert,DST-04,3,35000,105000,Digital Wallet,Online Order
6878,SUN-4153737,30-08-2023,Cafe Latte,Drinks,DRK-03,3,32000,96000,Digital Wallet,Online Order
6879,SUN-8087958,17-04-2023,Grill Chicken Caesar Salad,Food,FOD-04,4,42000,168000,Digital Wallet,Online Order
6880,SUN-8506807,04-06-2023,Club Sandwich,Food,FOD-05,2,45000,90000,Digital Wallet,Online Order
6881,SUN-8356467,28-01-2023,Nasi Goreng Kampung,Food,FOD-03,2,38000,76000,Cash,Take Away
6882,SUN-6120638,15-02-2023,Classic Tirmaisu,Dessert,DST-01,4,38000,152000,Digital Wallet,Take Away
6883,SUN-7507455,11-10-2023,Caramel Machiato,Drinks,DRK-04,4,38000,152000,Cash,Dine in
6884,SUN-2404944,06-05-2023,Cinnamon Roll,Dessert,DST-05,1,28000,28000,Debit Card,Dine in
6885,SUN-4785376,31-12-2023,Iced Americano,Drinks,DRK-02,2,28000,56000,Cash,Take Away
6886,SUN-5074315,06-02-2023,Grill Chicken Caesar Salad,Food,FOD-04,2,42000,84000,Digital Wallet,Dine in
6887,SUN-3251502,23-02-2023,Beef Carbonara Pasta,Food,FOD-02,2,52000,104000,Digital Wallet,Dine in
6888,SUN-3499787,22-10-2023,Buttermilk Fried Chicken,Food,FOD-01,1,48000,48000,Debit Card,Take Away
6889,SUN-3245002,23-11-2023,Club Sandwich,Food,FOD-05,3,45000,135000,Digital Wallet,Take Away
6890,SUN-6199520,07-09-2023,Choco Lava Cake,Dessert,DST-04,4,35000,140000,Digital Wallet,Online Order
6891,SUN-7164840,11-11-2023,Nasi Goreng Kampung,Food,FOD-03,4,38000,152000,Debit Card,Take Away
6892,SUN-4158260,28-10-2023,Caramel Machiato,Drinks,DRK-04,1,38000,38000,Cash,Dine in
6893,SUN-1782143,19-03-2023,Buttermilk Fried Chicken,Food,FOD-01,4,48000,192000,Digital Wallet,Online Order
6894,SUN-4282036,08-12-2023,Classic Tirmaisu,Dessert,DST-01,4,38000,152000,Debit Card,Dine in
6895,SUN-1178168,08-03-2023,Espreso Single,Drinks,DRK-01,3,22000,66000,Digital Wallet,Take Away
6896,SUN-3125041,10-05-2023,Creamy Maycha Latte,Drinks,DRK-05,3,35000,105000,Digital Wallet,Dine in
6897,SUN-5190378,15-03-2023,Espreso Single,Drinks,DRK-01,3,22000,66000,Cash,Take Away
6898,SUN-9967310,21-10-2023,Espreso Single,Drinks,DRK-01,1,22000,22000,Digital Wallet,Take Away
6899,SUN-3273932,13-04-2023,Caramel Machiato,Drinks,DRK-04,4,38000,152000,Digital Wallet,Online Order
6900,SUN-7377089,27-08-2023,Nasi Goreng Kampung,Food,FOD-03,1,38000,38000,Debit Card,Take Away
6901,SUN-6135601,03-06-2023,Club Sandwich,Food,FOD-05,2,45000,90000,Debit Card,Take Away
6902,SUN-6139018,10-06-2023,Cinnamon Roll,Dessert,DST-05,3,28000,84000,Digital Wallet,Take Away
6903,SUN-8326223,17-03-2023,Nasi Goreng Kampung,Food,FOD-03,2,38000,76000,Debit Card,Dine in
6904,SUN-7918135,19-03-2023,Buttermilk Fried Chicken,Food,FOD-01,3,48000,144000,Digital Wallet,Dine in
6905,SUN-5063648,28-04-2023,Iced Americano,Drinks,DRK-02,3,28000,84000,Debit Card,Online Order
6906,SUN-1745094,08-07-2023,Iced Americano,Drinks,DRK-02,1,28000,28000,Digital Wallet,Dine in
6907,SUN-8336905,29-07-2023,Iced Americano,Drinks,DRK-02,2,28000,56000,Digital Wallet,Dine in
6908,SUN-6949972,03-05-2023,Iced Americano,Drinks,DRK-02,2,28000,56000,Digital Wallet,Take Away
6909,SUN-8894810,06-08-2023,Cinnamon Roll,Dessert,DST-05,1,28000,28000,Digital Wallet,Online Order
6910,SUN-4916802,21-03-2023,Grill Chicken Caesar Salad,Food,FOD-04,4,42000,168000,Digital Wallet,Dine in
6911,SUN-8054892,31-12-2023,Classic Tirmaisu,Dessert,DST-01,4,38000,152000,Cash,Online Order
6912,SUN-6043696,17-06-2023,Cinnamon Roll,Dessert,DST-05,1,28000,28000,Debit Card,Take Away
6913,SUN-2384534,25-02-2023,Cafe Latte,Drinks,DRK-03,1,32000,32000,Debit Card,Take Away
6914,SUN-3205747,29-05-2023,Caramel Machiato,Drinks,DRK-04,4,38000,152000,Digital Wallet,Dine in
6915,SUN-9174345,24-11-2023,Nasi Goreng Kampung,Food,FOD-03,4,38000,152000,Digital Wallet,Online Order
6916,SUN-2583821,12-06-2023,Classic Tirmaisu,Dessert,DST-01,4,38000,152000,Cash,Dine in
6917,SUN-1132935,30-03-2023,Iced Americano,Drinks,DRK-02,1,28000,28000,Debit Card,Take Away
6918,SUN-8412466,05-02-2023,Fudgy Brownies,Dessert,DST-02,1,25000,25000,Cash,Dine in
6919,SUN-9484684,17-03-2023,Creamy Maycha Latte,Drinks,DRK-05,1,35000,35000,Debit Card,Take Away
6920,SUN-5367359,05-05-2023,Fudgy Brownies,Dessert,DST-02,1,25000,25000,Debit Card,Online Order
6921,SUN-4922325,20-11-2023,Iced Americano,Drinks,DRK-02,3,28000,84000,Cash,Take Away
6922,SUN-9088221,20-02-2023,Creamy Maycha Latte,Drinks,DRK-05,4,35000,140000,Debit Card,Dine in
6923,SUN-5554646,28-07-2023,Choco Lava Cake,Dessert,DST-04,2,35000,70000,Debit Card,Take Away
6924,SUN-5065508,01-07-2023,Cafe Latte,Drinks,DRK-03,1,32000,32000,Debit Card,Online Order
6925,SUN-4975758,12-09-2023,Iced Americano,Drinks,DRK-02,3,28000,84000,Digital Wallet,Dine in
6926,SUN-9172235,07-02-2023,Grill Chicken Caesar Salad,Food,FOD-04,4,42000,168000,Debit Card,Dine in
6927,SUN-9305930,24-11-2023,Caramel Machiato,Drinks,DRK-04,2,38000,76000,Cash,Take Away
6928,SUN-5973017,12-05-2023,Cafe Latte,Drinks,DRK-03,1,32000,32000,Debit Card,Online Order
6929,SUN-7997179,07-10-2023,Iced Americano,Drinks,DRK-02,1,28000,28000,Digital Wallet,Online Order
6930,SUN-7438885,10-01-2023,Creamy Maycha Latte,Drinks,DRK-05,1,35000,35000,Digital Wallet,Take Away
6931,SUN-1157709,03-10-2023,Classic Tirmaisu,Dessert,DST-01,3,38000,114000,Debit Card,Online Order
6932,SUN-5800999,01-02-2023,Beef Carbonara Pasta,Food,FOD-02,2,52000,104000,Debit Card,Online Order
6933,SUN-3013289,04-05-2023,Iced Americano,Drinks,DRK-02,3,28000,84000,Cash,Take Away
6934,SUN-1850963,10-06-2023,Caramel Machiato,Drinks,DRK-04,1,38000,38000,Cash,Take Away
6935,SUN-2861507,27-04-2023,Buttermilk Fried Chicken,Food,FOD-01,2,48000,96000,Cash,Online Order
6936,SUN-7123824,19-06-2023,Caramel Machiato,Drinks,DRK-04,3,38000,114000,Digital Wallet,Online Order
6937,SUN-4461827,02-07-2023,New York Cheesecake,Dessert,DST-03,3,42000,126000,Cash,Dine in
6938,SUN-2877004,22-09-2023,Beef Carbonara Pasta,Food,FOD-02,1,52000,52000,Debit Card,Online Order
6939,SUN-2878196,22-05-2023,Grill Chicken Caesar Salad,Food,FOD-04,3,42000,126000,Digital Wallet,Dine in
6940,SUN-7141717,20-04-2023,Cafe Latte,Drinks,DRK-03,4,32000,128000,Digital Wallet,Online Order
6941,SUN-4843390,11-03-2023,Espreso Single,Drinks,DRK-01,1,22000,22000,Digital Wallet,Dine in
6942,SUN-3701311,01-12-2023,Espreso Single,Drinks,DRK-01,4,22000,88000,Debit Card,Dine in
6943,SUN-3088614,24-09-2023,Choco Lava Cake,Dessert,DST-04,3,35000,105000,Cash,Take Away
6944,SUN-6638161,15-12-2023,Fudgy Brownies,Dessert,DST-02,1,25000,25000,Cash,Dine in
6945,SUN-3948253,10-10-2023,Iced Americano,Drinks,DRK-02,1,28000,28000,Debit Card,Take Away
6946,SUN-8311395,09-04-2023,Nasi Goreng Kampung,Food,FOD-03,4,38000,152000,Digital Wallet,Take Away
6947,SUN-1093774,30-11-2023,Buttermilk Fried Chicken,Food,FOD-01,2,48000,96000,Debit Card,Take Away
6948,SUN-6849727,25-02-2023,Espreso Single,Drinks,DRK-01,1,22000,22000,Digital Wallet,Dine in
6949,SUN-2463636,27-08-2023,Fudgy Brownies,Dessert,DST-02,2,25000,50000,Digital Wallet,Dine in
6950,SUN-9471140,02-05-2023,Espreso Single,Drinks,DRK-01,4,22000,88000,Digital Wallet,Online Order
6951,SUN-1113651,07-07-2023,New York Cheesecake,Dessert,DST-03,1,42000,42000,Cash,Dine in
6952,SUN-9498432,09-09-2023,Fudgy Brownies,Dessert,DST-02,3,25000,75000,Debit Card,Online Order
6953,SUN-9246625,12-05-2023,Cafe Latte,Drinks,DRK-03,1,32000,32000,Debit Card,Take Away
6954,SUN-7111959,12-04-2023,Fudgy Brownies,Dessert,DST-02,1,25000,25000,Digital Wallet,Online Order
6955,SUN-4731767,27-05-2023,Fudgy Brownies,Dessert,DST-02,2,25000,50000,Debit Card,Dine in
6956,SUN-4930707,11-07-2023,Beef Carbonara Pasta,Food,FOD-02,4,52000,208000,Debit Card,Online Order
6957,SUN-3582935,28-10-2023,Choco Lava Cake,Dessert,DST-04,4,35000,140000,Cash,Dine in
6958,SUN-4373397,17-03-2023,Caramel Machiato,Drinks,DRK-04,4,38000,152000,Cash,Dine in
6959,SUN-7780028,25-09-2023,Choco Lava Cake,Dessert,DST-04,3,35000,105000,Debit Card,Dine in
6960,SUN-3054774,25-04-2023,Cinnamon Roll,Dessert,DST-05,1,28000,28000,Cash,Dine in
6961,SUN-9909240,07-02-2023,Nasi Goreng Kampung,Food,FOD-03,1,38000,38000,Debit Card,Online Order
6962,SUN-8613190,22-03-2023,Cafe Latte,Drinks,DRK-03,1,32000,32000,Debit Card,Dine in
6963,SUN-7282603,05-08-2023,Choco Lava Cake,Dessert,DST-04,2,35000,70000,Debit Card,Online Order
6964,SUN-2325259,09-12-2023,Grill Chicken Caesar Salad,Food,FOD-04,1,42000,42000,Digital Wallet,Dine in
6965,SUN-5764879,23-11-2023,Fudgy Brownies,Dessert,DST-02,1,25000,25000,Digital Wallet,Online Order
6966,SUN-6447349,16-12-2023,New York Cheesecake,Dessert,DST-03,3,42000,126000,Digital Wallet,Online Order
6967,SUN-6428131,05-11-2023,Caramel Machiato,Drinks,DRK-04,3,38000,114000,Debit Card,Dine in
6968,SUN-1390772,09-05-2023,Creamy Maycha Latte,Drinks,DRK-05,2,35000,70000,Cash,Take Away
6969,SUN-7576052,19-05-2023,Cafe Latte,Drinks,DRK-03,2,32000,64000,Debit Card,Online Order
6970,SUN-7152415,10-12-2023,Buttermilk Fried Chicken,Food,FOD-01,3,48000,144000,Digital Wallet,Take Away
6971,SUN-5190923,28-10-2023,New York Cheesecake,Dessert,DST-03,2,42000,84000,Debit Card,Take Away
6972,SUN-7313974,20-10-2023,Caramel Machiato,Drinks,DRK-04,1,38000,38000,Cash,Take Away
6973,SUN-3642316,05-11-2023,Choco Lava Cake,Dessert,DST-04,4,35000,140000,Debit Card,Take Away
6974,SUN-8279918,01-08-2023,Cinnamon Roll,Dessert,DST-05,4,28000,112000,Digital Wallet,Dine in
6975,SUN-5045065,15-08-2023,Buttermilk Fried Chicken,Food,FOD-01,3,48000,144000,Digital Wallet,Online Order
6976,SUN-4089621,02-02-2023,Beef Carbonara Pasta,Food,FOD-02,4,52000,208000,Cash,Online Order
6977,SUN-7450089,17-11-2023,Grill Chicken Caesar Salad,Food,FOD-04,2,42000,84000,Debit Card,Online Order
6978,SUN-8880271,21-12-2023,Cafe Latte,Drinks,DRK-03,1,32000,32000,Cash,Online Order
6979,SUN-4831455,23-02-2023,Beef Carbonara Pasta,Food,FOD-02,3,52000,156000,Digital Wallet,Take Away
6980,SUN-6117188,23-07-2023,Nasi Goreng Kampung,Food,FOD-03,1,38000,38000,Debit Card,Dine in
6981,SUN-9857851,09-12-2023,Fudgy Brownies,Dessert,DST-02,2,25000,50000,Digital Wallet,Dine in
6982,SUN-4145302,07-09-2023,Caramel Machiato,Drinks,DRK-04,2,38000,76000,Debit Card,Online Order
6983,SUN-3795436,06-11-2023,Beef Carbonara Pasta,Food,FOD-02,2,52000,104000,Digital Wallet,Online Order
6984,SUN-6757891,18-11-2023,Fudgy Brownies,Dessert,DST-02,4,25000,100000,Cash,Take Away
6985,SUN-7465971,28-05-2023,Creamy Maycha Latte,Drinks,DRK-05,1,35000,35000,Debit Card,Take Away
6986,SUN-9954705,11-12-2023,Choco Lava Cake,Dessert,DST-04,2,35000,70000,Digital Wallet,Online Order
6987,SUN-3662325,19-10-2023,Espreso Single,Drinks,DRK-01,3,22000,66000,Cash,Dine in
6988,SUN-6556735,28-05-2023,Fudgy Brownies,Dessert,DST-02,1,25000,25000,Cash,Take Away
6989,SUN-2085796,03-07-2023,Cinnamon Roll,Dessert,DST-05,3,28000,84000,Digital Wallet,Dine in
6990,SUN-6752469,26-12-2023,New York Cheesecake,Dessert,DST-03,1,42000,42000,Cash,Online Order
6991,SUN-8085744,16-10-2023,Choco Lava Cake,Dessert,DST-04,1,35000,35000,Debit Card,Online Order
6992,SUN-6878481,02-03-2023,Cinnamon Roll,Dessert,DST-05,1,28000,28000,Debit Card,Take Away
6993,SUN-1256726,29-04-2023,Fudgy Brownies,Dessert,DST-02,1,25000,25000,Cash,Online Order
6994,SUN-5086803,29-04-2023,New York Cheesecake,Dessert,DST-03,2,42000,84000,Digital Wallet,Online Order
6995,SUN-1829312,28-08-2023,Fudgy Brownies,Dessert,DST-02,4,25000,100000,Debit Card,Dine in
6996,SUN-3083104,22-07-2023,Beef Carbonara Pasta,Food,FOD-02,3,52000,156000,Cash,Online Order
6997,SUN-2505027,26-01-2023,New York Cheesecake,Dessert,DST-03,1,42000,42000,Debit Card,Dine in
6998,SUN-8633280,11-08-2023,Iced Americano,Drinks,DRK-02,4,28000,112000,Debit Card,Online Order
6999,SUN-7108912,25-12-2023,Cinnamon Roll,Dessert,DST-05,2,28000,56000,Debit Card,Take Away
7000,SUN-4100764,14-08-2023,Fudgy Brownies,Dessert,DST-02,1,25000,25000,Cash,Take Away
7001,SUN-8439438,18-09-2023,Club Sandwich,Food,FOD-05,4,45000,180000,Digital Wallet,Online Order
7002,SUN-1054115,07-08-2023,Iced Americano,Drinks,DRK-02,4,28000,112000,Debit Card,Online Order
7003,SUN-8440914,27-11-2023,Club Sandwich,Food,FOD-05,1,45000,45000,Digital Wallet,Take Away
7004,SUN-4580092,11-12-2023,Creamy Maycha Latte,Drinks,DRK-05,4,35000,140000,Cash,Take Away
7005,SUN-2492281,29-08-2023,New York Cheesecake,Dessert,DST-03,1,42000,42000,Debit Card,Take Away
7006,SUN-7308250,18-05-2023,Espreso Single,Drinks,DRK-01,3,22000,66000,Debit Card,Online Order
7007,SUN-7570356,06-09-2023,Beef Carbonara Pasta,Food,FOD-02,2,52000,104000,Debit Card,Online Order
7008,SUN-3604665,11-02-2023,Nasi Goreng Kampung,Food,FOD-03,1,38000,38000,Debit Card,Online Order
7009,SUN-6690226,25-11-2023,Grill Chicken Caesar Salad,Food,FOD-04,3,42000,126000,Debit Card,Dine in
7010,SUN-9737506,20-04-2023,Fudgy Brownies,Dessert,DST-02,4,25000,100000,Cash,Dine in
7011,SUN-5022471,30-12-2023,Espreso Single,Drinks,DRK-01,2,22000,44000,Digital Wallet,Take Away
7012,SUN-4089004,08-01-2023,Choco Lava Cake,Dessert,DST-04,4,35000,140000,Digital Wallet,Online Order
7013,SUN-8137519,16-05-2023,Cinnamon Roll,Dessert,DST-05,1,28000,28000,Digital Wallet,Online Order
7014,SUN-5017139,11-12-2023,Caramel Machiato,Drinks,DRK-04,3,38000,114000,Debit Card,Take Away
7015,SUN-6254945,19-04-2023,Cafe Latte,Drinks,DRK-03,4,32000,128000,Debit Card,Take Away
7016,SUN-5564541,27-05-2023,Beef Carbonara Pasta,Food,FOD-02,3,52000,156000,Debit Card,Online Order
7017,SUN-6826387,02-10-2023,Espreso Single,Drinks,DRK-01,1,22000,22000,Debit Card,Take Away
7018,SUN-3309679,18-06-2023,New York Cheesecake,Dessert,DST-03,2,42000,84000,Digital Wallet,Online Order
7019,SUN-9107775,25-06-2023,Club Sandwich,Food,FOD-05,2,45000,90000,Debit Card,Take Away
7020,SUN-5464196,28-02-2023,Classic Tirmaisu,Dessert,DST-01,3,38000,114000,Cash,Dine in
7021,SUN-6736731,31-12-2023,Nasi Goreng Kampung,Food,FOD-03,1,38000,38000,Debit Card,Dine in
7022,SUN-7253286,09-01-2023,Caramel Machiato,Drinks,DRK-04,2,38000,76000,Cash,Take Away
7023,SUN-2167650,25-07-2023,Cinnamon Roll,Dessert,DST-05,1,28000,28000,Debit Card,Dine in
7024,SUN-7505161,12-10-2023,Nasi Goreng Kampung,Food,FOD-03,1,38000,38000,Debit Card,Dine in
7025,SUN-5701427,09-02-2023,Nasi Goreng Kampung,Food,FOD-03,4,38000,152000,Digital Wallet,Online Order
7026,SUN-5719272,21-03-2023,Buttermilk Fried Chicken,Food,FOD-01,1,48000,48000,Digital Wallet,Dine in
7027,SUN-3962024,17-01-2023,Caramel Machiato,Drinks,DRK-04,1,38000,38000,Digital Wallet,Online Order
7028,SUN-6196510,01-07-2023,Caramel Machiato,Drinks,DRK-04,2,38000,76000,Digital Wallet,Dine in
7029,SUN-8747783,01-10-2023,Choco Lava Cake,Dessert,DST-04,1,35000,35000,Digital Wallet,Online Order
7030,SUN-2857606,02-02-2023,New York Cheesecake,Dessert,DST-03,2,42000,84000,Debit Card,Take Away
7031,SUN-4728257,07-05-2023,Choco Lava Cake,Dessert,DST-04,3,35000,105000,Debit Card,Take Away
7032,SUN-1099437,02-12-2023,Espreso Single,Drinks,DRK-01,1,22000,22000,Digital Wallet,Online Order
7033,SUN-3801677,12-04-2023,Espreso Single,Drinks,DRK-01,4,22000,88000,Debit Card,Dine in
7034,SUN-6406676,29-08-2023,Beef Carbonara Pasta,Food,FOD-02,3,52000,156000,Cash,Take Away
7035,SUN-7789533,04-09-2023,Cinnamon Roll,Dessert,DST-05,3,28000,84000,Debit Card,Online Order
7036,SUN-7697463,28-04-2023,Classic Tirmaisu,Dessert,DST-01,1,38000,38000,Cash,Take Away
7037,SUN-3196968,30-03-2023,Club Sandwich,Food,FOD-05,1,45000,45000,Debit Card,Take Away
7038,SUN-2975529,01-12-2023,Cinnamon Roll,Dessert,DST-05,2,28000,56000,Debit Card,Take Away
7039,SUN-6573442,17-05-2023,New York Cheesecake,Dessert,DST-03,1,42000,42000,Digital Wallet,Online Order
7040,SUN-1682518,13-12-2023,Fudgy Brownies,Dessert,DST-02,2,25000,50000,Cash,Dine in
7041,SUN-9029702,19-05-2023,Espreso Single,Drinks,DRK-01,2,22000,44000,Digital Wallet,Dine in
7042,SUN-6396595,27-08-2023,Grill Chicken Caesar Salad,Food,FOD-04,1,42000,42000,Debit Card,Dine in
7043,SUN-6736698,12-10-2023,New York Cheesecake,Dessert,DST-03,1,42000,42000,Digital Wallet,Online Order
7044,SUN-3663675,12-07-2023,Cafe Latte,Drinks,DRK-03,3,32000,96000,Cash,Dine in
7045,SUN-7459286,20-09-2023,Beef Carbonara Pasta,Food,FOD-02,2,52000,104000,Debit Card,Online Order
7046,SUN-5591520,15-03-2023,Club Sandwich,Food,FOD-05,1,45000,45000,Debit Card,Online Order
7047,SUN-7026543,03-12-2023,Cinnamon Roll,Dessert,DST-05,1,28000,28000,Cash,Take Away
7048,SUN-4157527,02-06-2023,Club Sandwich,Food,FOD-05,2,45000,90000,Debit Card,Take Away
7049,SUN-1707657,12-04-2023,Fudgy Brownies,Dessert,DST-02,4,25000,100000,Debit Card,Take Away
7050,SUN-2680790,03-10-2023,Iced Americano,Drinks,DRK-02,4,28000,112000,Debit Card,Dine in
7051,SUN-3857644,30-12-2023,Espreso Single,Drinks,DRK-01,4,22000,88000,Debit Card,Take Away
7052,SUN-4852027,21-03-2023,Cinnamon Roll,Dessert,DST-05,4,28000,112000,Digital Wallet,Online Order
7053,SUN-4970598,17-07-2023,Nasi Goreng Kampung,Food,FOD-03,1,38000,38000,Cash,Dine in
7054,SUN-5606569,19-09-2023,Buttermilk Fried Chicken,Food,FOD-01,1,48000,48000,Cash,Dine in
7055,SUN-8040758,13-05-2023,Cafe Latte,Drinks,DRK-03,2,32000,64000,Digital Wallet,Dine in
7056,SUN-6252434,14-07-2023,Cinnamon Roll,Dessert,DST-05,2,28000,56000,Cash,Take Away
7057,SUN-5468825,10-12-2023,Classic Tirmaisu,Dessert,DST-01,4,38000,152000,Debit Card,Online Order
7058,SUN-8960315,20-11-2023,Iced Americano,Drinks,DRK-02,3,28000,84000,Debit Card,Dine in
7059,SUN-7539438,06-03-2023,Classic Tirmaisu,Dessert,DST-01,3,38000,114000,Debit Card,Online Order
7060,SUN-7906434,04-05-2023,Caramel Machiato,Drinks,DRK-04,1,38000,38000,Cash,Take Away
7061,SUN-4250657,17-12-2023,Fudgy Brownies,Dessert,DST-02,1,25000,25000,Debit Card,Dine in
7062,SUN-2847327,26-06-2023,Caramel Machiato,Drinks,DRK-04,2,38000,76000,Digital Wallet,Take Away
7063,SUN-9664436,17-01-2023,Fudgy Brownies,Dessert,DST-02,2,25000,50000,Digital Wallet,Online Order
7064,SUN-1834582,19-06-2023,Cafe Latte,Drinks,DRK-03,4,32000,128000,Cash,Take Away
7065,SUN-2558150,28-02-2023,Beef Carbonara Pasta,Food,FOD-02,4,52000,208000,Debit Card,Dine in
7066,SUN-9376727,19-07-2023,Classic Tirmaisu,Dessert,DST-01,4,38000,152000,Debit Card,Online Order
7067,SUN-3911052,17-07-2023,Fudgy Brownies,Dessert,DST-02,3,25000,75000,Debit Card,Take Away
7068,SUN-9587764,13-04-2023,Fudgy Brownies,Dessert,DST-02,4,25000,100000,Cash,Dine in
7069,SUN-4171445,09-04-2023,Beef Carbonara Pasta,Food,FOD-02,4,52000,208000,Cash,Take Away
7070,SUN-5826168,10-12-2023,Beef Carbonara Pasta,Food,FOD-02,1,52000,52000,Debit Card,Online Order
7071,SUN-1976155,24-09-2023,Iced Americano,Drinks,DRK-02,2,28000,56000,Cash,Dine in
7072,SUN-4567597,18-08-2023,Grill Chicken Caesar Salad,Food,FOD-04,3,42000,126000,Debit Card,Online Order
7073,SUN-8514309,05-08-2023,New York Cheesecake,Dessert,DST-03,3,42000,126000,Cash,Dine in
7074,SUN-1376267,29-11-2023,Beef Carbonara Pasta,Food,FOD-02,2,52000,104000,Cash,Take Away
7075,SUN-9073168,02-04-2023,Grill Chicken Caesar Salad,Food,FOD-04,4,42000,168000,Digital Wallet,Online Order
7076,SUN-3654263,21-10-2023,New York Cheesecake,Dessert,DST-03,4,42000,168000,Cash,Take Away
7077,SUN-1868081,14-06-2023,Fudgy Brownies,Dessert,DST-02,3,25000,75000,Debit Card,Dine in
7078,SUN-6626670,12-02-2023,Espreso Single,Drinks,DRK-01,2,22000,44000,Digital Wallet,Online Order
7079,SUN-7105077,06-01-2023,Espreso Single,Drinks,DRK-01,1,22000,22000,Digital Wallet,Take Away
7080,SUN-1611948,01-06-2023,Buttermilk Fried Chicken,Food,FOD-01,1,48000,48000,Debit Card,Take Away
7081,SUN-9145709,27-11-2023,Cinnamon Roll,Dessert,DST-05,4,28000,112000,Debit Card,Online Order
7082,SUN-8045269,11-08-2023,Beef Carbonara Pasta,Food,FOD-02,3,52000,156000,Debit Card,Take Away
7083,SUN-7188435,19-01-2023,Cinnamon Roll,Dessert,DST-05,1,28000,28000,Debit Card,Dine in
7084,SUN-7174040,24-07-2023,Cinnamon Roll,Dessert,DST-05,2,28000,56000,Cash,Dine in
7085,SUN-3452924,27-04-2023,Beef Carbonara Pasta,Food,FOD-02,2,52000,104000,Debit Card,Dine in
7086,SUN-4646056,19-04-2023,Choco Lava Cake,Dessert,DST-04,3,35000,105000,Digital Wallet,Online Order
7087,SUN-9134788,27-11-2023,Fudgy Brownies,Dessert,DST-02,2,25000,50000,Digital Wallet,Take Away
7088,SUN-2429510,16-10-2023,Iced Americano,Drinks,DRK-02,2,28000,56000,Debit Card,Take Away
7089,SUN-1369681,09-07-2023,Choco Lava Cake,Dessert,DST-04,4,35000,140000,Debit Card,Take Away
7090,SUN-5002746,16-08-2023,Cinnamon Roll,Dessert,DST-05,3,28000,84000,Digital Wallet,Dine in
7091,SUN-3162645,18-07-2023,Creamy Maycha Latte,Drinks,DRK-05,2,35000,70000,Cash,Dine in
7092,SUN-9339821,02-01-2023,Espreso Single,Drinks,DRK-01,2,22000,44000,Cash,Take Away
7093,SUN-6771527,26-08-2023,Beef Carbonara Pasta,Food,FOD-02,1,52000,52000,Cash,Dine in
7094,SUN-5601318,10-11-2023,Iced Americano,Drinks,DRK-02,3,28000,84000,Debit Card,Online Order
7095,SUN-8065626,13-09-2023,Creamy Maycha Latte,Drinks,DRK-05,4,35000,140000,Digital Wallet,Online Order
7096,SUN-5470432,16-08-2023,Choco Lava Cake,Dessert,DST-04,2,35000,70000,Debit Card,Online Order
7097,SUN-7644116,28-04-2023,New York Cheesecake,Dessert,DST-03,3,42000,126000,Cash,Dine in
7098,SUN-8264712,14-08-2023,Buttermilk Fried Chicken,Food,FOD-01,3,48000,144000,Debit Card,Online Order
7099,SUN-1583806,13-02-2023,New York Cheesecake,Dessert,DST-03,4,42000,168000,Digital Wallet,Dine in
7100,SUN-6164249,17-09-2023,Grill Chicken Caesar Salad,Food,FOD-04,2,42000,84000,Debit Card,Take Away
7101,SUN-4253163,15-08-2023,Grill Chicken Caesar Salad,Food,FOD-04,4,42000,168000,Debit Card,Dine in
7102,SUN-1093753,25-06-2023,Caramel Machiato,Drinks,DRK-04,2,38000,76000,Digital Wallet,Online Order
7103,SUN-5141853,21-06-2023,Beef Carbonara Pasta,Food,FOD-02,2,52000,104000,Debit Card,Online Order
7104,SUN-7858384,19-08-2023,Caramel Machiato,Drinks,DRK-04,4,38000,152000,Cash,Take Away
7105,SUN-6599934,12-08-2023,Classic Tirmaisu,Dessert,DST-01,1,38000,38000,Cash,Online Order
7106,SUN-4152248,29-07-2023,Classic Tirmaisu,Dessert,DST-01,2,38000,76000,Digital Wallet,Online Order
7107,SUN-2813229,16-12-2023,Caramel Machiato,Drinks,DRK-04,2,38000,76000,Debit Card,Dine in
7108,SUN-1824747,04-09-2023,Club Sandwich,Food,FOD-05,1,45000,45000,Cash,Take Away
7109,SUN-9025696,27-07-2023,Grill Chicken Caesar Salad,Food,FOD-04,1,42000,42000,Digital Wallet,Online Order
7110,SUN-9848326,09-05-2023,New York Cheesecake,Dessert,DST-03,3,42000,126000,Cash,Dine in
7111,SUN-2325942,13-03-2023,Cafe Latte,Drinks,DRK-03,3,32000,96000,Digital Wallet,Online Order
7112,SUN-1020584,13-01-2023,Club Sandwich,Food,FOD-05,1,45000,45000,Cash,Dine in
7113,SUN-6752783,04-05-2023,Creamy Maycha Latte,Drinks,DRK-05,1,35000,35000,Digital Wallet,Dine in
7114,SUN-2052140,19-09-2023,New York Cheesecake,Dessert,DST-03,3,42000,126000,Cash,Dine in
7115,SUN-8884104,17-11-2023,Cafe Latte,Drinks,DRK-03,3,32000,96000,Cash,Take Away
7116,SUN-3993676,14-07-2023,Creamy Maycha Latte,Drinks,DRK-05,1,35000,35000,Cash,Dine in
7117,SUN-8944618,06-04-2023,Fudgy Brownies,Dessert,DST-02,4,25000,100000,Digital Wallet,Take Away
7118,SUN-1867581,06-09-2023,Choco Lava Cake,Dessert,DST-04,2,35000,70000,Debit Card,Take Away
7119,SUN-6510888,22-04-2023,Caramel Machiato,Drinks,DRK-04,2,38000,76000,Debit Card,Take Away
7120,SUN-8912092,18-06-2023,Beef Carbonara Pasta,Food,FOD-02,3,52000,156000,Debit Card,Take Away
7121,SUN-1349799,11-12-2023,Caramel Machiato,Drinks,DRK-04,4,38000,152000,Debit Card,Online Order
7122,SUN-2898342,28-11-2023,Buttermilk Fried Chicken,Food,FOD-01,2,48000,96000,Digital Wallet,Take Away
7123,SUN-9008061,24-06-2023,Caramel Machiato,Drinks,DRK-04,1,38000,38000,Cash,Dine in
7124,SUN-2585689,16-03-2023,Nasi Goreng Kampung,Food,FOD-03,2,38000,76000,Digital Wallet,Dine in
7125,SUN-4555268,07-09-2023,Classic Tirmaisu,Dessert,DST-01,3,38000,114000,Debit Card,Online Order
7126,SUN-8407420,28-12-2023,Classic Tirmaisu,Dessert,DST-01,3,38000,114000,Digital Wallet,Online Order
7127,SUN-5740726,07-12-2023,Caramel Machiato,Drinks,DRK-04,4,38000,152000,Digital Wallet,Dine in
7128,SUN-5209434,28-05-2023,Espreso Single,Drinks,DRK-01,2,22000,44000,Cash,Dine in
7129,SUN-2433730,09-11-2023,Club Sandwich,Food,FOD-05,1,45000,45000,Digital Wallet,Dine in
7130,SUN-8917807,18-12-2023,Classic Tirmaisu,Dessert,DST-01,2,38000,76000,Debit Card,Dine in
7131,SUN-5811344,09-01-2023,Grill Chicken Caesar Salad,Food,FOD-04,4,42000,168000,Digital Wallet,Online Order
7132,SUN-4329335,11-12-2023,Cinnamon Roll,Dessert,DST-05,3,28000,84000,Debit Card,Take Away
7133,SUN-9631181,02-07-2023,Creamy Maycha Latte,Drinks,DRK-05,1,35000,35000,Debit Card,Dine in
7134,SUN-3088182,29-03-2023,Choco Lava Cake,Dessert,DST-04,3,35000,105000,Digital Wallet,Dine in
7135,SUN-7789975,07-09-2023,Beef Carbonara Pasta,Food,FOD-02,3,52000,156000,Digital Wallet,Dine in
7136,SUN-7759163,13-12-2023,Choco Lava Cake,Dessert,DST-04,4,35000,140000,Debit Card,Dine in
7137,SUN-5023204,20-02-2023,Grill Chicken Caesar Salad,Food,FOD-04,4,42000,168000,Debit Card,Dine in
7138,SUN-5128502,04-11-2023,Grill Chicken Caesar Salad,Food,FOD-04,4,42000,168000,Cash,Take Away
7139,SUN-2245724,07-03-2023,Classic Tirmaisu,Dessert,DST-01,3,38000,114000,Debit Card,Online Order
7140,SUN-8643557,10-02-2023,Nasi Goreng Kampung,Food,FOD-03,3,38000,114000,Digital Wallet,Online Order
7141,SUN-7277784,10-10-2023,Classic Tirmaisu,Dessert,DST-01,1,38000,38000,Debit Card,Dine in
7142,SUN-3259298,10-04-2023,Classic Tirmaisu,Dessert,DST-01,3,38000,114000,Debit Card,Online Order
7143,SUN-3265169,27-09-2023,Nasi Goreng Kampung,Food,FOD-03,2,38000,76000,Debit Card,Dine in
7144,SUN-3604444,13-11-2023,Iced Americano,Drinks,DRK-02,4,28000,112000,Digital Wallet,Take Away
7145,SUN-6520828,25-12-2023,Espreso Single,Drinks,DRK-01,4,22000,88000,Debit Card,Dine in
7146,SUN-1113482,14-10-2023,Choco Lava Cake,Dessert,DST-04,3,35000,105000,Digital Wallet,Dine in
7147,SUN-8976644,21-01-2023,Cafe Latte,Drinks,DRK-03,4,32000,128000,Debit Card,Online Order
7148,SUN-3071960,30-08-2023,Grill Chicken Caesar Salad,Food,FOD-04,1,42000,42000,Debit Card,Online Order
7149,SUN-4023991,19-01-2023,Classic Tirmaisu,Dessert,DST-01,1,38000,38000,Cash,Dine in
7150,SUN-2491648,25-06-2023,Iced Americano,Drinks,DRK-02,2,28000,56000,Debit Card,Take Away
7151,SUN-2682013,28-12-2023,Caramel Machiato,Drinks,DRK-04,1,38000,38000,Debit Card,Dine in
7152,SUN-1083386,31-03-2023,Buttermilk Fried Chicken,Food,FOD-01,1,48000,48000,Debit Card,Online Order
7153,SUN-4111834,15-09-2023,Cafe Latte,Drinks,DRK-03,4,32000,128000,Digital Wallet,Online Order
7154,SUN-7208060,19-03-2023,Classic Tirmaisu,Dessert,DST-01,4,38000,152000,Cash,Online Order
7155,SUN-3445445,05-02-2023,Fudgy Brownies,Dessert,DST-02,2,25000,50000,Cash,Dine in
7156,SUN-9066761,25-11-2023,Beef Carbonara Pasta,Food,FOD-02,2,52000,104000,Digital Wallet,Dine in
7157,SUN-9481019,30-08-2023,Choco Lava Cake,Dessert,DST-04,3,35000,105000,Cash,Dine in
7158,SUN-8220958,14-11-2023,Club Sandwich,Food,FOD-05,1,45000,45000,Digital Wallet,Take Away
7159,SUN-6578753,25-08-2023,Grill Chicken Caesar Salad,Food,FOD-04,2,42000,84000,Debit Card,Dine in
7160,SUN-4829042,23-07-2023,Choco Lava Cake,Dessert,DST-04,2,35000,70000,Debit Card,Dine in
7161,SUN-3399279,08-09-2023,Classic Tirmaisu,Dessert,DST-01,4,38000,152000,Digital Wallet,Take Away
7162,SUN-3009189,29-01-2023,Cafe Latte,Drinks,DRK-03,1,32000,32000,Debit Card,Online Order
7163,SUN-5204604,30-10-2023,Beef Carbonara Pasta,Food,FOD-02,1,52000,52000,Cash,Dine in
7164,SUN-3774310,11-04-2023,Cafe Latte,Drinks,DRK-03,1,32000,32000,Debit Card,Dine in
7165,SUN-4326300,24-09-2023,Creamy Maycha Latte,Drinks,DRK-05,3,35000,105000,Debit Card,Take Away
7166,SUN-1954428,24-03-2023,Beef Carbonara Pasta,Food,FOD-02,1,52000,52000,Digital Wallet,Dine in
7167,SUN-7180719,21-07-2023,Beef Carbonara Pasta,Food,FOD-02,4,52000,208000,Digital Wallet,Online Order
7168,SUN-4253943,13-09-2023,Club Sandwich,Food,FOD-05,2,45000,90000,Cash,Take Away
7169,SUN-3216048,18-05-2023,Caramel Machiato,Drinks,DRK-04,3,38000,114000,Digital Wallet,Take Away
7170,SUN-9147244,15-02-2023,New York Cheesecake,Dessert,DST-03,3,42000,126000,Digital Wallet,Take Away
7171,SUN-5785560,14-03-2023,New York Cheesecake,Dessert,DST-03,3,42000,126000,Debit Card,Dine in
7172,SUN-4012893,02-01-2023,New York Cheesecake,Dessert,DST-03,4,42000,168000,Digital Wallet,Online Order
7173,SUN-1994897,26-12-2023,Classic Tirmaisu,Dessert,DST-01,2,38000,76000,Debit Card,Online Order
7174,SUN-3640734,13-04-2023,Grill Chicken Caesar Salad,Food,FOD-04,3,42000,126000,Digital Wallet,Take Away
7175,SUN-2596323,13-06-2023,Cafe Latte,Drinks,DRK-03,2,32000,64000,Debit Card,Dine in
7176,SUN-8334513,18-01-2023,Nasi Goreng Kampung,Food,FOD-03,3,38000,114000,Debit Card,Take Away
7177,SUN-1965890,10-04-2023,Cafe Latte,Drinks,DRK-03,2,32000,64000,Cash,Dine in
7178,SUN-1893296,04-04-2023,Creamy Maycha Latte,Drinks,DRK-05,1,35000,35000,Debit Card,Dine in
7179,SUN-5537095,26-08-2023,Caramel Machiato,Drinks,DRK-04,2,38000,76000,Debit Card,Online Order
7180,SUN-6414246,13-10-2023,Fudgy Brownies,Dessert,DST-02,3,25000,75000,Digital Wallet,Dine in
7181,SUN-8514911,04-09-2023,Espreso Single,Drinks,DRK-01,3,22000,66000,Digital Wallet,Online Order
7182,SUN-1333065,29-12-2023,Nasi Goreng Kampung,Food,FOD-03,3,38000,114000,Debit Card,Dine in
7183,SUN-5162831,06-08-2023,Grill Chicken Caesar Salad,Food,FOD-04,3,42000,126000,Debit Card,Online Order
7184,SUN-5877504,29-12-2023,Grill Chicken Caesar Salad,Food,FOD-04,3,42000,126000,Debit Card,Online Order
7185,SUN-6469700,17-11-2023,Espreso Single,Drinks,DRK-01,2,22000,44000,Debit Card,Take Away
7186,SUN-4803335,21-08-2023,Creamy Maycha Latte,Drinks,DRK-05,1,35000,35000,Debit Card,Online Order
7187,SUN-2456156,10-08-2023,Cafe Latte,Drinks,DRK-03,3,32000,96000,Digital Wallet,Dine in
7188,SUN-5551354,15-02-2023,Cinnamon Roll,Dessert,DST-05,1,28000,28000,Debit Card,Online Order
7189,SUN-5739102,20-05-2023,Club Sandwich,Food,FOD-05,4,45000,180000,Debit Card,Dine in
7190,SUN-1555094,13-10-2023,Espreso Single,Drinks,DRK-01,4,22000,88000,Digital Wallet,Dine in
7191,SUN-2161600,03-02-2023,Buttermilk Fried Chicken,Food,FOD-01,2,48000,96000,Digital Wallet,Dine in
7192,SUN-3231922,12-08-2023,Espreso Single,Drinks,DRK-01,1,22000,22000,Digital Wallet,Online Order
7193,SUN-3820400,14-02-2023,Caramel Machiato,Drinks,DRK-04,4,38000,152000,Digital Wallet,Dine in
7194,SUN-5407590,25-12-2023,New York Cheesecake,Dessert,DST-03,3,42000,126000,Cash,Take Away
7195,SUN-7292466,30-06-2023,Buttermilk Fried Chicken,Food,FOD-01,1,48000,48000,Debit Card,Take Away
7196,SUN-2120377,19-07-2023,Caramel Machiato,Drinks,DRK-04,3,38000,114000,Debit Card,Online Order
7197,SUN-1322301,06-04-2023,Grill Chicken Caesar Salad,Food,FOD-04,3,42000,126000,Digital Wallet,Online Order
7198,SUN-2413237,22-10-2023,Iced Americano,Drinks,DRK-02,1,28000,28000,Debit Card,Dine in
7199,SUN-7851775,22-02-2023,Beef Carbonara Pasta,Food,FOD-02,2,52000,104000,Debit Card,Dine in
7200,SUN-6862098,17-02-2023,Caramel Machiato,Drinks,DRK-04,2,38000,76000,Debit Card,Online Order
7201,SUN-3289612,31-10-2023,Beef Carbonara Pasta,Food,FOD-02,2,52000,104000,Digital Wallet,Take Away
7202,SUN-6007289,01-05-2023,Cinnamon Roll,Dessert,DST-05,1,28000,28000,Debit Card,Online Order
7203,SUN-6544123,15-06-2023,Beef Carbonara Pasta,Food,FOD-02,3,52000,156000,Digital Wallet,Dine in
7204,SUN-9081303,08-10-2023,Choco Lava Cake,Dessert,DST-04,1,35000,35000,Cash,Online Order
7205,SUN-7334754,23-09-2023,Classic Tirmaisu,Dessert,DST-01,2,38000,76000,Digital Wallet,Online Order
7206,SUN-9262862,23-10-2023,Buttermilk Fried Chicken,Food,FOD-01,1,48000,48000,Digital Wallet,Online Order
7207,SUN-4830165,07-11-2023,New York Cheesecake,Dessert,DST-03,2,42000,84000,Digital Wallet,Online Order
7208,SUN-5958721,12-10-2023,New York Cheesecake,Dessert,DST-03,4,42000,168000,Cash,Take Away
7209,SUN-6521885,20-01-2023,Caramel Machiato,Drinks,DRK-04,4,38000,152000,Digital Wallet,Dine in
7210,SUN-9626693,04-10-2023,Buttermilk Fried Chicken,Food,FOD-01,4,48000,192000,Debit Card,Online Order
7211,SUN-2615183,16-12-2023,Nasi Goreng Kampung,Food,FOD-03,3,38000,114000,Digital Wallet,Take Away
7212,SUN-6387360,20-04-2023,Fudgy Brownies,Dessert,DST-02,4,25000,100000,Debit Card,Take Away
7213,SUN-3500374,22-07-2023,Buttermilk Fried Chicken,Food,FOD-01,1,48000,48000,Cash,Take Away
7214,SUN-4636012,03-05-2023,New York Cheesecake,Dessert,DST-03,3,42000,126000,Debit Card,Take Away
7215,SUN-8329714,01-05-2023,Club Sandwich,Food,FOD-05,2,45000,90000,Digital Wallet,Online Order
7216,SUN-2206124,08-12-2023,Beef Carbonara Pasta,Food,FOD-02,3,52000,156000,Debit Card,Online Order
7217,SUN-3385734,27-06-2023,Cinnamon Roll,Dessert,DST-05,1,28000,28000,Debit Card,Online Order
7218,SUN-6803093,02-09-2023,Club Sandwich,Food,FOD-05,3,45000,135000,Digital Wallet,Take Away
7219,SUN-6440969,23-03-2023,Creamy Maycha Latte,Drinks,DRK-05,3,35000,105000,Debit Card,Online Order
7220,SUN-2740004,15-10-2023,Grill Chicken Caesar Salad,Food,FOD-04,1,42000,42000,Digital Wallet,Take Away
7221,SUN-9568088,02-05-2023,Club Sandwich,Food,FOD-05,1,45000,45000,Cash,Online Order
7222,SUN-9669472,02-04-2023,Caramel Machiato,Drinks,DRK-04,1,38000,38000,Digital Wallet,Online Order
7223,SUN-4975765,11-08-2023,Espreso Single,Drinks,DRK-01,3,22000,66000,Cash,Take Away
7224,SUN-9565207,26-12-2023,Grill Chicken Caesar Salad,Food,FOD-04,1,42000,42000,Cash,Dine in
7225,SUN-4285414,12-03-2023,Caramel Machiato,Drinks,DRK-04,4,38000,152000,Digital Wallet,Online Order
7226,SUN-1856156,05-09-2023,Beef Carbonara Pasta,Food,FOD-02,1,52000,52000,Cash,Take Away
7227,SUN-4180614,14-06-2023,Grill Chicken Caesar Salad,Food,FOD-04,1,42000,42000,Cash,Dine in
7228,SUN-9439152,21-02-2023,Buttermilk Fried Chicken,Food,FOD-01,4,48000,192000,Debit Card,Online Order
7229,SUN-7703346,14-04-2023,Iced Americano,Drinks,DRK-02,3,28000,84000,Digital Wallet,Online Order
7230,SUN-6164437,02-02-2023,Cinnamon Roll,Dessert,DST-05,4,28000,112000,Debit Card,Take Away
7231,SUN-3234025,12-10-2023,Buttermilk Fried Chicken,Food,FOD-01,4,48000,192000,Debit Card,Take Away
7232,SUN-4425843,13-05-2023,Choco Lava Cake,Dessert,DST-04,1,35000,35000,Debit Card,Take Away
7233,SUN-9458897,29-03-2023,Club Sandwich,Food,FOD-05,2,45000,90000,Digital Wallet,Online Order
7234,SUN-2796332,20-07-2023,New York Cheesecake,Dessert,DST-03,2,42000,84000,Debit Card,Dine in
7235,SUN-7579014,24-09-2023,Nasi Goreng Kampung,Food,FOD-03,4,38000,152000,Debit Card,Dine in
7236,SUN-3192914,22-12-2023,Classic Tirmaisu,Dessert,DST-01,3,38000,114000,Digital Wallet,Take Away
7237,SUN-6137218,05-01-2023,Nasi Goreng Kampung,Food,FOD-03,3,38000,114000,Cash,Dine in
7238,SUN-1575617,27-06-2023,Creamy Maycha Latte,Drinks,DRK-05,2,35000,70000,Cash,Dine in
7239,SUN-1324378,10-06-2023,Beef Carbonara Pasta,Food,FOD-02,4,52000,208000,Digital Wallet,Dine in
7240,SUN-2222432,14-05-2023,Cafe Latte,Drinks,DRK-03,1,32000,32000,Cash,Dine in
7241,SUN-7239748,22-06-2023,Creamy Maycha Latte,Drinks,DRK-05,1,35000,35000,Debit Card,Online Order
7242,SUN-1082823,27-11-2023,Cinnamon Roll,Dessert,DST-05,1,28000,28000,Debit Card,Dine in
7243,SUN-8765190,29-05-2023,Espreso Single,Drinks,DRK-01,1,22000,22000,Digital Wallet,Online Order
7244,SUN-2665284,19-12-2023,Espreso Single,Drinks,DRK-01,2,22000,44000,Debit Card,Dine in
7245,SUN-4631630,09-07-2023,Beef Carbonara Pasta,Food,FOD-02,1,52000,52000,Cash,Online Order
7246,SUN-1849912,13-06-2023,Caramel Machiato,Drinks,DRK-04,3,38000,114000,Debit Card,Online Order
7247,SUN-1931580,05-11-2023,Cinnamon Roll,Dessert,DST-05,4,28000,112000,Digital Wallet,Dine in
7248,SUN-2243815,06-11-2023,Buttermilk Fried Chicken,Food,FOD-01,4,48000,192000,Digital Wallet,Online Order
7249,SUN-2157619,10-07-2023,Creamy Maycha Latte,Drinks,DRK-05,4,35000,140000,Digital Wallet,Dine in
7250,SUN-3358929,26-06-2023,Grill Chicken Caesar Salad,Food,FOD-04,2,42000,84000,Debit Card,Online Order
7251,SUN-4166141,26-10-2023,Classic Tirmaisu,Dessert,DST-01,4,38000,152000,Debit Card,Online Order
7252,SUN-1508756,23-04-2023,Iced Americano,Drinks,DRK-02,4,28000,112000,Cash,Dine in
7253,SUN-8636376,24-09-2023,New York Cheesecake,Dessert,DST-03,2,42000,84000,Digital Wallet,Take Away
7254,SUN-2112390,30-06-2023,Fudgy Brownies,Dessert,DST-02,2,25000,50000,Debit Card,Dine in
7255,SUN-7326570,13-03-2023,Beef Carbonara Pasta,Food,FOD-02,3,52000,156000,Digital Wallet,Take Away
7256,SUN-3065869,28-10-2023,Fudgy Brownies,Dessert,DST-02,4,25000,100000,Cash,Dine in
7257,SUN-1010104,19-04-2023,Espreso Single,Drinks,DRK-01,3,22000,66000,Cash,Dine in
7258,SUN-2491690,11-08-2023,Beef Carbonara Pasta,Food,FOD-02,4,52000,208000,Digital Wallet,Dine in
7259,SUN-1447157,27-02-2023,Buttermilk Fried Chicken,Food,FOD-01,3,48000,144000,Debit Card,Online Order
7260,SUN-5241071,20-08-2023,Beef Carbonara Pasta,Food,FOD-02,3,52000,156000,Debit Card,Take Away
7261,SUN-8747059,12-10-2023,Cafe Latte,Drinks,DRK-03,4,32000,128000,Debit Card,Online Order
7262,SUN-4815771,03-10-2023,Caramel Machiato,Drinks,DRK-04,2,38000,76000,Cash,Take Away
7263,SUN-5473042,05-02-2023,Buttermilk Fried Chicken,Food,FOD-01,3,48000,144000,Cash,Dine in
7264,SUN-6404021,16-03-2023,Creamy Maycha Latte,Drinks,DRK-05,1,35000,35000,Debit Card,Online Order
7265,SUN-3925700,09-11-2023,Choco Lava Cake,Dessert,DST-04,1,35000,35000,Debit Card,Online Order
7266,SUN-5959317,28-08-2023,Cafe Latte,Drinks,DRK-03,3,32000,96000,Cash,Dine in
7267,SUN-7685069,22-07-2023,Choco Lava Cake,Dessert,DST-04,2,35000,70000,Debit Card,Online Order
7268,SUN-8403577,30-04-2023,Buttermilk Fried Chicken,Food,FOD-01,3,48000,144000,Cash,Dine in
7269,SUN-9108197,07-06-2023,Iced Americano,Drinks,DRK-02,3,28000,84000,Digital Wallet,Online Order
7270,SUN-5816031,31-07-2023,Classic Tirmaisu,Dessert,DST-01,4,38000,152000,Digital Wallet,Online Order
7271,SUN-7646489,25-07-2023,Nasi Goreng Kampung,Food,FOD-03,2,38000,76000,Cash,Take Away
7272,SUN-4669143,10-04-2023,Cafe Latte,Drinks,DRK-03,2,32000,64000,Digital Wallet,Online Order
7273,SUN-8670304,16-07-2023,Fudgy Brownies,Dessert,DST-02,3,25000,75000,Digital Wallet,Online Order
7274,SUN-4515031,22-09-2023,Cafe Latte,Drinks,DRK-03,1,32000,32000,Debit Card,Online Order
7275,SUN-6543387,15-08-2023,Choco Lava Cake,Dessert,DST-04,4,35000,140000,Debit Card,Dine in
7276,SUN-6261352,22-02-2023,Caramel Machiato,Drinks,DRK-04,2,38000,76000,Digital Wallet,Take Away
7277,SUN-2251907,18-07-2023,Choco Lava Cake,Dessert,DST-04,1,35000,35000,Debit Card,Dine in
7278,SUN-6706542,01-03-2023,New York Cheesecake,Dessert,DST-03,2,42000,84000,Debit Card,Take Away
7279,SUN-3024774,22-04-2023,Classic Tirmaisu,Dessert,DST-01,2,38000,76000,Cash,Dine in
7280,SUN-5165806,06-08-2023,Iced Americano,Drinks,DRK-02,4,28000,112000,Digital Wallet,Online Order
7281,SUN-8011261,24-11-2023,Buttermilk Fried Chicken,Food,FOD-01,3,48000,144000,Digital Wallet,Take Away
7282,SUN-8963871,05-03-2023,Creamy Maycha Latte,Drinks,DRK-05,1,35000,35000,Digital Wallet,Dine in
7283,SUN-9551004,14-08-2023,Cinnamon Roll,Dessert,DST-05,3,28000,84000,Digital Wallet,Dine in
7284,SUN-3388083,28-11-2023,Buttermilk Fried Chicken,Food,FOD-01,2,48000,96000,Debit Card,Online Order
7285,SUN-9229643,30-12-2023,Nasi Goreng Kampung,Food,FOD-03,4,38000,152000,Digital Wallet,Online Order
7286,SUN-4882140,23-10-2023,Buttermilk Fried Chicken,Food,FOD-01,4,48000,192000,Cash,Take Away
7287,SUN-1951478,17-02-2023,Beef Carbonara Pasta,Food,FOD-02,2,52000,104000,Debit Card,Take Away
7288,SUN-4548203,10-09-2023,Fudgy Brownies,Dessert,DST-02,2,25000,50000,Digital Wallet,Online Order
7289,SUN-7192875,10-12-2023,Cafe Latte,Drinks,DRK-03,1,32000,32000,Digital Wallet,Online Order
7290,SUN-3483685,16-09-2023,Creamy Maycha Latte,Drinks,DRK-05,2,35000,70000,Debit Card,Dine in
7291,SUN-3783149,17-08-2023,Caramel Machiato,Drinks,DRK-04,4,38000,152000,Digital Wallet,Online Order
7292,SUN-9314175,03-06-2023,Choco Lava Cake,Dessert,DST-04,1,35000,35000,Digital Wallet,Take Away
7293,SUN-9218530,05-09-2023,Fudgy Brownies,Dessert,DST-02,2,25000,50000,Debit Card,Online Order
7294,SUN-8264352,16-09-2023,Cinnamon Roll,Dessert,DST-05,3,28000,84000,Cash,Dine in
7295,SUN-9424579,10-12-2023,Fudgy Brownies,Dessert,DST-02,4,25000,100000,Cash,Take Away
7296,SUN-1267103,23-04-2023,Creamy Maycha Latte,Drinks,DRK-05,1,35000,35000,Debit Card,Take Away
7297,SUN-5122147,23-01-2023,Nasi Goreng Kampung,Food,FOD-03,1,38000,38000,Debit Card,Online Order
7298,SUN-4707436,29-10-2023,Nasi Goreng Kampung,Food,FOD-03,2,38000,76000,Debit Card,Dine in
7299,SUN-3969913,10-03-2023,Fudgy Brownies,Dessert,DST-02,2,25000,50000,Digital Wallet,Online Order
7300,SUN-7721734,21-06-2023,Cafe Latte,Drinks,DRK-03,1,32000,32000,Debit Card,Take Away
7301,SUN-9001227,28-07-2023,Iced Americano,Drinks,DRK-02,2,28000,56000,Debit Card,Take Away
7302,SUN-3682623,10-06-2023,Beef Carbonara Pasta,Food,FOD-02,4,52000,208000,Cash,Take Away
7303,SUN-6008498,19-04-2023,New York Cheesecake,Dessert,DST-03,2,42000,84000,Digital Wallet,Take Away
7304,SUN-6140966,18-07-2023,Creamy Maycha Latte,Drinks,DRK-05,1,35000,35000,Cash,Online Order
7305,SUN-3310918,07-01-2023,Caramel Machiato,Drinks,DRK-04,1,38000,38000,Debit Card,Take Away
7306,SUN-2679415,27-07-2023,Choco Lava Cake,Dessert,DST-04,2,35000,70000,Digital Wallet,Online Order
7307,SUN-5095798,17-04-2023,Cafe Latte,Drinks,DRK-03,2,32000,64000,Digital Wallet,Take Away
7308,SUN-9787661,18-03-2023,Classic Tirmaisu,Dessert,DST-01,1,38000,38000,Cash,Dine in
7309,SUN-5934095,10-09-2023,Choco Lava Cake,Dessert,DST-04,1,35000,35000,Digital Wallet,Take Away
7310,SUN-7685310,29-07-2023,Buttermilk Fried Chicken,Food,FOD-01,2,48000,96000,Digital Wallet,Dine in
7311,SUN-7122893,07-09-2023,Choco Lava Cake,Dessert,DST-04,2,35000,70000,Digital Wallet,Take Away
7312,SUN-3759736,18-07-2023,Choco Lava Cake,Dessert,DST-04,4,35000,140000,Digital Wallet,Dine in
7313,SUN-8160709,09-01-2023,Fudgy Brownies,Dessert,DST-02,2,25000,50000,Digital Wallet,Dine in
7314,SUN-7650589,31-12-2023,Cinnamon Roll,Dessert,DST-05,4,28000,112000,Debit Card,Online Order
7315,SUN-6391620,29-04-2023,Fudgy Brownies,Dessert,DST-02,3,25000,75000,Digital Wallet,Online Order
7316,SUN-1295967,23-05-2023,Choco Lava Cake,Dessert,DST-04,3,35000,105000,Cash,Dine in
7317,SUN-6049415,09-11-2023,Beef Carbonara Pasta,Food,FOD-02,1,52000,52000,Digital Wallet,Take Away
7318,SUN-1909231,03-07-2023,Beef Carbonara Pasta,Food,FOD-02,3,52000,156000,Cash,Online Order
7319,SUN-5654069,27-08-2023,Creamy Maycha Latte,Drinks,DRK-05,4,35000,140000,Debit Card,Dine in
7320,SUN-8448473,12-08-2023,Iced Americano,Drinks,DRK-02,3,28000,84000,Digital Wallet,Dine in
7321,SUN-6519484,15-08-2023,Cinnamon Roll,Dessert,DST-05,1,28000,28000,Cash,Online Order
7322,SUN-7594465,02-11-2023,Classic Tirmaisu,Dessert,DST-01,3,38000,114000,Digital Wallet,Take Away
7323,SUN-7369690,22-12-2023,Buttermilk Fried Chicken,Food,FOD-01,2,48000,96000,Cash,Online Order
7324,SUN-6765692,22-06-2023,Creamy Maycha Latte,Drinks,DRK-05,1,35000,35000,Debit Card,Online Order
7325,SUN-9894612,30-04-2023,Fudgy Brownies,Dessert,DST-02,4,25000,100000,Cash,Take Away
7326,SUN-5492067,23-09-2023,Choco Lava Cake,Dessert,DST-04,2,35000,70000,Debit Card,Online Order
7327,SUN-1346616,31-01-2023,Nasi Goreng Kampung,Food,FOD-03,4,38000,152000,Cash,Dine in
7328,SUN-8391831,04-12-2023,Caramel Machiato,Drinks,DRK-04,2,38000,76000,Digital Wallet,Dine in
7329,SUN-4786928,15-08-2023,Cinnamon Roll,Dessert,DST-05,4,28000,112000,Digital Wallet,Online Order
7330,SUN-4948098,19-10-2023,Iced Americano,Drinks,DRK-02,1,28000,28000,Debit Card,Take Away
7331,SUN-9429401,22-08-2023,Club Sandwich,Food,FOD-05,3,45000,135000,Debit Card,Take Away
7332,SUN-8994831,08-06-2023,Classic Tirmaisu,Dessert,DST-01,1,38000,38000,Digital Wallet,Dine in
7333,SUN-8352350,20-07-2023,Fudgy Brownies,Dessert,DST-02,4,25000,100000,Cash,Dine in
7334,SUN-1774738,05-04-2023,New York Cheesecake,Dessert,DST-03,2,42000,84000,Cash,Online Order
7335,SUN-2797247,15-12-2023,Buttermilk Fried Chicken,Food,FOD-01,2,48000,96000,Cash,Take Away
7336,SUN-5182332,02-10-2023,Grill Chicken Caesar Salad,Food,FOD-04,1,42000,42000,Digital Wallet,Dine in
7337,SUN-2840770,06-09-2023,Caramel Machiato,Drinks,DRK-04,4,38000,152000,Cash,Take Away
7338,SUN-7218469,02-04-2023,Cafe Latte,Drinks,DRK-03,1,32000,32000,Digital Wallet,Take Away
7339,SUN-3891513,25-01-2023,Iced Americano,Drinks,DRK-02,1,28000,28000,Cash,Take Away
7340,SUN-2022195,24-11-2023,Iced Americano,Drinks,DRK-02,1,28000,28000,Digital Wallet,Online Order
7341,SUN-6411052,25-08-2023,Espreso Single,Drinks,DRK-01,3,22000,66000,Debit Card,Online Order
7342,SUN-2773767,15-04-2023,New York Cheesecake,Dessert,DST-03,2,42000,84000,Debit Card,Take Away
7343,SUN-2537283,25-01-2023,Choco Lava Cake,Dessert,DST-04,1,35000,35000,Cash,Dine in
7344,SUN-4366286,21-04-2023,Creamy Maycha Latte,Drinks,DRK-05,4,35000,140000,Digital Wallet,Online Order
7345,SUN-9662380,28-07-2023,Creamy Maycha Latte,Drinks,DRK-05,2,35000,70000,Debit Card,Online Order
7346,SUN-8658462,15-01-2023,Choco Lava Cake,Dessert,DST-04,2,35000,70000,Debit Card,Dine in
7347,SUN-1398196,03-07-2023,Grill Chicken Caesar Salad,Food,FOD-04,1,42000,42000,Digital Wallet,Take Away
7348,SUN-9317366,22-08-2023,Creamy Maycha Latte,Drinks,DRK-05,4,35000,140000,Debit Card,Dine in
7349,SUN-3904430,02-01-2023,Buttermilk Fried Chicken,Food,FOD-01,1,48000,48000,Debit Card,Dine in
7350,SUN-4892168,29-06-2023,Caramel Machiato,Drinks,DRK-04,2,38000,76000,Cash,Take Away
7351,SUN-7485431,13-03-2023,New York Cheesecake,Dessert,DST-03,1,42000,42000,Cash,Dine in
7352,SUN-8788791,27-04-2023,Classic Tirmaisu,Dessert,DST-01,4,38000,152000,Debit Card,Online Order
7353,SUN-1995167,02-06-2023,Cinnamon Roll,Dessert,DST-04,2,28000,56000,Debit Card,Take Away
7354,SUN-6231021,01-01-2023,Iced Americano,Drinks,DRK-02,4,28000,112000,Cash,Take Away
7355,SUN-8690463,27-04-2023,Club Sandwich,Food,FOD-05,4,45000,180000,Digital Wallet,Dine in
7356,SUN-8506533,24-02-2023,Classic Tirmaisu,Dessert,DST-01,3,38000,114000,Digital Wallet,Online Order
7357,SUN-8896224,18-02-2023,Fudgy Brownies,Dessert,DST-02,1,25000,25000,Cash,Take Away
7358,SUN-9779967,31-07-2023,Caramel Machiato,Drinks,DRK-04,2,38000,76000,Debit Card,Online Order
7359,SUN-5860505,14-08-2023,Espreso Single,Drinks,DRK-01,1,22000,22000,Cash,Dine in
7360,SUN-4217423,19-12-2023,Nasi Goreng Kampung,Food,FOD-03,1,38000,38000,Digital Wallet,Online Order
7361,SUN-1584657,11-12-2023,Creamy Maycha Latte,Drinks,DRK-05,1,35000,35000,Digital Wallet,Online Order
7362,SUN-3721536,07-03-2023,Caramel Machiato,Drinks,DRK-04,4,38000,152000,Cash,Take Away
7363,SUN-6984594,15-01-2023,Buttermilk Fried Chicken,Food,FOD-01,2,48000,96000,Debit Card,Online Order
7364,SUN-4924245,23-11-2023,Buttermilk Fried Chicken,Food,FOD-01,1,48000,48000,Digital Wallet,Take Away
7365,SUN-2582617,09-10-2023,Club Sandwich,Food,FOD-05,2,45000,90000,Digital Wallet,Dine in
7366,SUN-2831050,05-11-2023,Nasi Goreng Kampung,Food,FOD-03,3,38000,114000,Cash,Take Away
7367,SUN-5490705,09-05-2023,Nasi Goreng Kampung,Food,FOD-03,3,38000,114000,Debit Card,Dine in
7368,SUN-5544024,29-03-2023,Nasi Goreng Kampung,Food,FOD-03,3,38000,114000,Cash,Dine in
7369,SUN-7316025,10-04-2023,Club Sandwich,Food,FOD-05,3,45000,135000,Cash,Take Away
7370,SUN-8621713,31-01-2023,Choco Lava Cake,Dessert,DST-04,2,35000,70000,Cash,Dine in
7371,SUN-9465993,17-10-2023,Creamy Maycha Latte,Drinks,DRK-05,2,35000,70000,Digital Wallet,Dine in
7372,SUN-1550425,30-04-2023,New York Cheesecake,Dessert,DST-03,3,42000,126000,Digital Wallet,Dine in
7373,SUN-9951372,07-12-2023,Choco Lava Cake,Dessert,DST-04,2,35000,70000,Cash,Dine in
7374,SUN-1724733,20-03-2023,New York Cheesecake,Dessert,DST-03,1,42000,42000,Debit Card,Take Away
7375,SUN-2975786,25-12-2023,Nasi Goreng Kampung,Food,FOD-03,4,38000,152000,Debit Card,Dine in
7376,SUN-8606942,11-04-2023,Nasi Goreng Kampung,Food,FOD-03,4,38000,152000,Debit Card,Dine in
7377,SUN-3660045,07-12-2023,Beef Carbonara Pasta,Food,FOD-02,1,52000,52000,Cash,Dine in
7378,SUN-7224109,25-03-2023,Buttermilk Fried Chicken,Food,FOD-01,3,48000,144000,Cash,Dine in
7379,SUN-1193804,15-02-2023,Cafe Latte,Drinks,DRK-03,3,32000,96000,Cash,Take Away
7380,SUN-7710282,19-11-2023,Beef Carbonara Pasta,Food,FOD-02,4,52000,208000,Debit Card,Online Order
7381,SUN-9891491,05-01-2023,Cinnamon Roll,Dessert,DST-05,1,28000,28000,Digital Wallet,Dine in
7382,SUN-2980317,23-01-2023,Cinnamon Roll,Dessert,DST-05,4,28000,112000,Digital Wallet,Dine in
7383,SUN-2668327,30-09-2023,Creamy Maycha Latte,Drinks,DRK-05,3,35000,105000,Digital Wallet,Dine in
7384,SUN-5146276,05-01-2023,Beef Carbonara Pasta,Food,FOD-02,4,52000,208000,Digital Wallet,Online Order
7385,SUN-3792678,06-10-2023,Espreso Single,Drinks,DRK-01,2,22000,44000,Digital Wallet,Take Away
7386,SUN-2897481,07-09-2023,Iced Americano,Drinks,DRK-02,1,28000,28000,Digital Wallet,Dine in
7387,SUN-2922194,24-02-2023,Nasi Goreng Kampung,Food,FOD-03,4,38000,152000,Debit Card,Dine in
7388,SUN-1806727,28-08-2023,Cinnamon Roll,Dessert,DST-05,3,28000,84000,Digital Wallet,Dine in
7389,SUN-5200146,29-07-2023,Nasi Goreng Kampung,Food,FOD-03,4,38000,152000,Digital Wallet,Online Order
7390,SUN-2992808,07-12-2023,New York Cheesecake,Dessert,DST-03,2,42000,84000,Digital Wallet,Take Away
7391,SUN-6302351,24-08-2023,Espreso Single,Drinks,DRK-01,2,22000,44000,Debit Card,Dine in
7392,SUN-2071532,31-03-2023,Caramel Machiato,Drinks,DRK-04,4,38000,152000,Cash,Take Away
7393,SUN-4785705,20-05-2023,Fudgy Brownies,Dessert,DST-02,2,25000,50000,Debit Card,Take Away
7394,SUN-2861782,04-11-2023,Classic Tirmaisu,Dessert,DST-01,4,38000,152000,Digital Wallet,Dine in
7395,SUN-2651695,03-03-2023,Iced Americano,Drinks,DRK-02,4,28000,112000,Cash,Online Order
7396,SUN-1318240,23-06-2023,Grill Chicken Caesar Salad,Food,FOD-04,4,42000,168000,Cash,Take Away
7397,SUN-5904566,05-05-2023,Fudgy Brownies,Dessert,DST-02,4,25000,100000,Digital Wallet,Take Away
7398,SUN-2368715,08-04-2023,Club Sandwich,Food,FOD-05,2,45000,90000,Digital Wallet,Online Order
7399,SUN-9753825,13-04-2023,Beef Carbonara Pasta,Food,FOD-02,4,52000,208000,Debit Card,Dine in
7400,SUN-2131601,27-08-2023,Cinnamon Roll,Dessert,DST-05,2,28000,56000,Digital Wallet,Dine in
7401,SUN-5124840,03-01-2023,Caramel Machiato,Drinks,DRK-04,2,38000,76000,Digital Wallet,Online Order
7402,SUN-5434868,30-08-2023,Buttermilk Fried Chicken,Food,FOD-01,3,48000,144000,Debit Card,Take Away
7403,SUN-9676132,11-04-2023,Espreso Single,Drinks,DRK-01,4,22000,88000,Digital Wallet,Dine in
7404,SUN-1751210,25-12-2023,Grill Chicken Caesar Salad,Food,FOD-04,1,42000,42000,Cash,Online Order
7405,SUN-2349932,01-04-2023,Buttermilk Fried Chicken,Food,FOD-01,4,48000,192000,Digital Wallet,Take Away
7406,SUN-8709856,06-02-2023,New York Cheesecake,Dessert,DST-03,3,42000,126000,Digital Wallet,Dine in
7407,SUN-5513510,04-09-2023,Caramel Machiato,Drinks,DRK-04,3,38000,114000,Cash,Take Away
7408,SUN-5833336,13-12-2023,Nasi Goreng Kampung,Food,FOD-03,3,38000,114000,Debit Card,Take Away
7409,SUN-3392264,21-08-2023,Club Sandwich,Food,FOD-05,1,45000,45000,Digital Wallet,Online Order
7410,SUN-1552593,22-05-2023,Caramel Machiato,Drinks,DRK-04,1,38000,38000,Cash,Take Away
7411,SUN-3244078,04-09-2023,Classic Tirmaisu,Dessert,DST-01,2,38000,76000,Debit Card,Online Order
7412,SUN-4173109,20-01-2023,Creamy Maycha Latte,Drinks,DRK-05,4,35000,140000,Debit Card,Take Away
7413,SUN-2437618,17-04-2023,Buttermilk Fried Chicken,Food,FOD-01,2,48000,96000,Digital Wallet,Online Order
7414,SUN-2110691,13-04-2023,Grill Chicken Caesar Salad,Food,FOD-04,2,42000,84000,Debit Card,Take Away
7415,SUN-6307645,06-08-2023,Cinnamon Roll,Dessert,DST-05,2,28000,56000,Digital Wallet,Dine in
7416,SUN-3858270,09-03-2023,Nasi Goreng Kampung,Food,FOD-03,1,38000,38000,Digital Wallet,Online Order
7417,SUN-8059657,13-02-2023,Club Sandwich,Food,FOD-05,3,45000,135000,Debit Card,Online Order
7418,SUN-9882652,05-03-2023,Iced Americano,Drinks,DRK-02,4,28000,112000,Digital Wallet,Online Order
7419,SUN-3100386,07-10-2023,Classic Tirmaisu,Dessert,DST-01,3,38000,114000,Debit Card,Dine in
7420,SUN-8312312,21-08-2023,Nasi Goreng Kampung,Food,FOD-03,1,38000,38000,Cash,Dine in
7421,SUN-3047362,10-12-2023,Cinnamon Roll,Dessert,DST-05,2,28000,56000,Cash,Dine in
7422,SUN-7252853,13-08-2023,Caramel Machiato,Drinks,DRK-04,3,38000,114000,Debit Card,Take Away
7423,SUN-1669139,07-10-2023,Cafe Latte,Drinks,DRK-03,2,32000,64000,Debit Card,Dine in
7424,SUN-1062485,19-09-2023,Cinnamon Roll,Dessert,DST-05,1,28000,28000,Debit Card,Online Order
7425,SUN-5280017,24-09-2023,Classic Tirmaisu,Dessert,DST-01,1,38000,38000,Debit Card,Online Order
7426,SUN-9847379,03-04-2023,Cinnamon Roll,Dessert,DST-05,1,28000,28000,Cash,Take Away
7427,SUN-3137093,28-07-2023,Fudgy Brownies,Dessert,DST-02,3,25000,75000,Digital Wallet,Dine in
7428,SUN-6050805,07-07-2023,Nasi Goreng Kampung,Food,FOD-03,3,38000,114000,Debit Card,Take Away
7429,SUN-9826942,06-10-2023,Choco Lava Cake,Dessert,DST-04,3,35000,105000,Digital Wallet,Take Away
7430,SUN-2026303,03-03-2023,Iced Americano,Drinks,DRK-02,2,28000,56000,Debit Card,Take Away
7431,SUN-6440082,19-06-2023,Fudgy Brownies,Dessert,DST-02,1,25000,25000,Cash,Dine in
7432,SUN-4374733,13-09-2023,Caramel Machiato,Drinks,DRK-04,3,38000,114000,Digital Wallet,Online Order
7433,SUN-4670020,05-04-2023,Espreso Single,Drinks,DRK-01,4,22000,88000,Cash,Dine in
7434,SUN-9810074,28-01-2023,Cinnamon Roll,Dessert,DST-05,1,28000,28000,Digital Wallet,Take Away
7435,SUN-3721455,12-10-2023,Cafe Latte,Drinks,DRK-03,3,32000,96000,Digital Wallet,Online Order
7436,SUN-3916047,16-06-2023,Espreso Single,Drinks,DRK-01,4,22000,88000,Debit Card,Online Order
7437,SUN-2216468,08-07-2023,Caramel Machiato,Drinks,DRK-04,3,38000,114000,Debit Card,Online Order
7438,SUN-2860580,13-03-2023,New York Cheesecake,Dessert,DST-03,2,42000,84000,Debit Card,Take Away
7439,SUN-1705700,04-12-2023,Caramel Machiato,Drinks,DRK-04,2,38000,76000,Cash,Take Away
7440,SUN-8789757,18-07-2023,Espreso Single,Drinks,DRK-01,3,22000,66000,Digital Wallet,Dine in
7441,SUN-2217186,03-08-2023,Creamy Maycha Latte,Drinks,DRK-05,3,35000,105000,Debit Card,Online Order
7442,SUN-4137081,25-06-2023,Club Sandwich,Food,FOD-05,1,45000,45000,Debit Card,Dine in
7443,SUN-1686857,14-07-2023,Fudgy Brownies,Dessert,DST-02,1,25000,25000,Digital Wallet,Dine in
7444,SUN-2527539,16-10-2023,Buttermilk Fried Chicken,Food,FOD-01,4,48000,192000,Debit Card,Dine in
7445,SUN-7432039,15-01-2023,Classic Tirmaisu,Dessert,DST-01,2,38000,76000,Debit Card,Take Away
7446,SUN-2274698,14-08-2023,Cafe Latte,Drinks,DRK-03,3,32000,96000,Cash,Dine in
7447,SUN-6850790,22-03-2023,Fudgy Brownies,Dessert,DST-02,2,25000,50000,Digital Wallet,Dine in
7448,SUN-6662586,21-12-2023,Club Sandwich,Food,FOD-05,4,45000,180000,Cash,Dine in
7449,SUN-8901170,20-09-2023,Classic Tirmaisu,Dessert,DST-01,4,38000,152000,Cash,Dine in
7450,SUN-5644625,24-03-2023,New York Cheesecake,Dessert,DST-03,1,42000,42000,Debit Card,Online Order
7451,SUN-5440824,10-06-2023,Caramel Machiato,Drinks,DRK-04,4,38000,152000,Debit Card,Dine in
7452,SUN-4972440,23-03-2023,Club Sandwich,Food,FOD-05,4,45000,180000,Cash,Dine in
7453,SUN-6037835,04-12-2023,Creamy Maycha Latte,Drinks,DRK-05,3,35000,105000,Digital Wallet,Dine in
7454,SUN-5989535,15-12-2023,Espreso Single,Drinks,DRK-01,4,22000,88000,Digital Wallet,Dine in
7455,SUN-3880482,13-08-2023,Fudgy Brownies,Dessert,DST-02,1,25000,25000,Debit Card,Take Away
7456,SUN-4924877,25-12-2023,Club Sandwich,Food,FOD-05,4,45000,180000,Digital Wallet,Dine in
7457,SUN-9486672,07-04-2023,New York Cheesecake,Dessert,DST-03,1,42000,42000,Debit Card,Dine in
7458,SUN-2195366,22-08-2023,Beef Carbonara Pasta,Food,FOD-02,4,52000,208000,Cash,Dine in
7459,SUN-2935924,31-03-2023,Nasi Goreng Kampung,Food,FOD-03,2,38000,76000,Digital Wallet,Dine in
7460,SUN-4611558,23-01-2023,Iced Americano,Drinks,DRK-02,1,28000,28000,Debit Card,Dine in
7461,SUN-8224057,17-04-2023,New York Cheesecake,Dessert,DST-03,1,42000,42000,Debit Card,Online Order
7462,SUN-7153531,07-06-2023,Fudgy Brownies,Dessert,DST-02,1,25000,25000,Debit Card,Online Order
7463,SUN-4406940,21-03-2023,Cinnamon Roll,Dessert,DST-05,1,28000,28000,Debit Card,Online Order
7464,SUN-3696174,10-04-2023,Cinnamon Roll,Dessert,DST-05,4,28000,112000,Digital Wallet,Online Order
7465,SUN-5786815,14-07-2023,New York Cheesecake,Dessert,DST-03,3,42000,126000,Cash,Dine in
7466,SUN-1680072,30-06-2023,Club Sandwich,Food,FOD-05,4,45000,180000,Cash,Take Away
7467,SUN-7255949,31-01-2023,Espreso Single,Drinks,DRK-01,3,22000,66000,Debit Card,Dine in
7468,SUN-7582061,05-11-2023,Espreso Single,Drinks,DRK-01,1,22000,22000,Debit Card,Online Order
7469,SUN-7340068,31-07-2023,Iced Americano,Drinks,DRK-02,3,28000,84000,Debit Card,Online Order
7470,SUN-7046344,10-01-2023,Club Sandwich,Food,FOD-05,2,45000,90000,Digital Wallet,Online Order
7471,SUN-1440834,06-06-2023,New York Cheesecake,Dessert,DST-03,4,42000,168000,Digital Wallet,Online Order
7472,SUN-6585292,13-02-2023,Fudgy Brownies,Dessert,DST-02,3,25000,75000,Debit Card,Dine in
7473,SUN-8079827,17-11-2023,Cinnamon Roll,Dessert,DST-05,2,28000,56000,Debit Card,Dine in
7474,SUN-3797009,13-06-2023,Iced Americano,Drinks,DRK-02,4,28000,112000,Digital Wallet,Take Away
7475,SUN-2487279,22-11-2023,Classic Tirmaisu,Dessert,DST-01,1,38000,38000,Debit Card,Online Order
7476,SUN-8184242,02-10-2023,Beef Carbonara Pasta,Food,FOD-02,4,52000,208000,Debit Card,Take Away
7477,SUN-3770322,19-04-2023,Cafe Latte,Drinks,DRK-03,1,32000,32000,Digital Wallet,Online Order
7478,SUN-1782776,17-01-2023,Classic Tirmaisu,Dessert,DST-01,2,38000,76000,Digital Wallet,Dine in
7479,SUN-3692631,11-03-2023,Choco Lava Cake,Dessert,DST-04,2,35000,70000,Digital Wallet,Dine in
7480,SUN-6339292,11-12-2023,Grill Chicken Caesar Salad,Food,FOD-04,1,42000,42000,Digital Wallet,Take Away
7481,SUN-6918248,04-06-2023,Nasi Goreng Kampung,Food,FOD-03,1,38000,38000,Debit Card,Dine in
7482,SUN-6674412,26-06-2023,Buttermilk Fried Chicken,Food,FOD-01,1,48000,48000,Cash,Dine in
7483,SUN-4177855,04-07-2023,Cinnamon Roll,Dessert,DST-05,1,28000,28000,Debit Card,Take Away
7484,SUN-9340231,02-02-2023,Cinnamon Roll,Dessert,DST-05,2,28000,56000,Debit Card,Take Away
7485,SUN-4936628,17-09-2023,Espreso Single,Drinks,DRK-01,1,22000,22000,Debit Card,Online Order
7486,SUN-9999301,02-02-2023,Creamy Maycha Latte,Drinks,DRK-05,2,35000,70000,Debit Card,Online Order
7487,SUN-7198114,21-12-2023,Buttermilk Fried Chicken,Food,FOD-01,1,48000,48000,Digital Wallet,Take Away
7488,SUN-8066877,04-02-2023,Caramel Machiato,Drinks,DRK-04,2,38000,76000,Debit Card,Online Order
7489,SUN-2501500,23-11-2023,Buttermilk Fried Chicken,Food,FOD-01,3,48000,144000,Digital Wallet,Dine in
7490,SUN-4118604,27-05-2023,Cafe Latte,Drinks,DRK-03,2,32000,64000,Debit Card,Take Away
7491,SUN-1880396,12-08-2023,Espreso Single,Drinks,DRK-01,2,22000,44000,Debit Card,Dine in
7492,SUN-1428329,21-05-2023,Choco Lava Cake,Dessert,DST-04,2,35000,70000,Digital Wallet,Take Away
7493,SUN-7625977,20-07-2023,Grill Chicken Caesar Salad,Food,FOD-04,4,42000,168000,Debit Card,Online Order
7494,SUN-7973765,16-08-2023,Creamy Maycha Latte,Drinks,DRK-05,4,35000,140000,Digital Wallet,Take Away
7495,SUN-8772653,01-08-2023,Choco Lava Cake,Dessert,DST-04,3,35000,105000,Digital Wallet,Dine in
7496,SUN-2760479,21-06-2023,Cinnamon Roll,Dessert,DST-05,1,28000,28000,Debit Card,Dine in
7497,SUN-6861653,17-11-2023,Nasi Goreng Kampung,Food,FOD-03,2,38000,76000,Digital Wallet,Dine in
7498,SUN-1259063,07-03-2023,Iced Americano,Drinks,DRK-02,1,28000,28000,Cash,Dine in
7499,SUN-7374508,08-02-2023,Fudgy Brownies,Dessert,DST-02,1,25000,25000,Digital Wallet,Dine in
7500,SUN-4220531,21-02-2023,Buttermilk Fried Chicken,Food,FOD-01,1,48000,48000,Debit Card,Dine in
7501,SUN-8601914,25-10-2023,Choco Lava Cake,Dessert,DST-04,3,35000,105000,Cash,Take Away
7502,SUN-7426690,27-05-2023,Caramel Machiato,Drinks,DRK-04,1,38000,38000,Digital Wallet,Take Away
7503,SUN-3058684,06-04-2023,Creamy Maycha Latte,Drinks,DRK-05,4,35000,140000,Debit Card,Online Order
7504,SUN-4798689,30-09-2023,Buttermilk Fried Chicken,Food,FOD-01,4,48000,192000,Debit Card,Take Away
7505,SUN-7497080,09-02-2023,Grill Chicken Caesar Salad,Food,FOD-04,2,42000,84000,Digital Wallet,Take Away
7506,SUN-2002025,24-08-2023,Caramel Machiato,Drinks,DRK-04,1,38000,38000,Digital Wallet,Online Order
7507,SUN-7559437,24-12-2023,Cafe Latte,Drinks,DRK-03,4,32000,128000,Debit Card,Take Away
7508,SUN-5719162,05-11-2023,Buttermilk Fried Chicken,Food,FOD-01,2,48000,96000,Debit Card,Take Away
7509,SUN-1770902,07-05-2023,Cinnamon Roll,Dessert,DST-05,2,28000,56000,Digital Wallet,Online Order
7510,SUN-3348411,15-08-2023,New York Cheesecake,Dessert,DST-03,1,42000,42000,Digital Wallet,Dine in
7511,SUN-4211775,30-09-2023,Choco Lava Cake,Dessert,DST-04,2,35000,70000,Digital Wallet,Take Away
7512,SUN-5020520,24-12-2023,Cinnamon Roll,Dessert,DST-04,1,28000,28000,Digital Wallet,Dine in
7513,SUN-2501897,13-05-2023,New York Cheesecake,Dessert,DST-03,3,42000,126000,Debit Card,Take Away
7514,SUN-2417873,26-07-2023,Nasi Goreng Kampung,Food,FOD-03,4,38000,152000,Debit Card,Dine in
7515,SUN-5134257,17-04-2023,Cinnamon Roll,Dessert,DST-05,4,28000,112000,Digital Wallet,Take Away
7516,SUN-5813854,05-05-2023,Beef Carbonara Pasta,Food,FOD-02,4,52000,208000,Cash,Dine in
7517,SUN-6617239,18-07-2023,Fudgy Brownies,Dessert,DST-02,1,25000,25000,Debit Card,Take Away
7518,SUN-4684272,11-08-2023,Espreso Single,Drinks,DRK-01,3,22000,66000,Cash,Dine in
7519,SUN-7316982,27-03-2023,Cinnamon Roll,Dessert,DST-04,4,28000,112000,Debit Card,Dine in
7520,SUN-7785825,17-09-2023,Cafe Latte,Drinks,DRK-03,1,32000,32000,Digital Wallet,Take Away
7521,SUN-5708372,31-03-2023,New York Cheesecake,Dessert,DST-03,2,42000,84000,Debit Card,Take Away
7522,SUN-4165572,09-04-2023,Fudgy Brownies,Dessert,DST-02,4,25000,100000,Digital Wallet,Online Order
7523,SUN-9015249,19-01-2023,Creamy Maycha Latte,Drinks,DRK-05,2,35000,70000,Digital Wallet,Dine in
7524,SUN-5078412,19-11-2023,Fudgy Brownies,Dessert,DST-02,3,25000,75000,Cash,Dine in
7525,SUN-3950950,18-09-2023,Espreso Single,Drinks,DRK-01,3,22000,66000,Digital Wallet,Take Away
7526,SUN-9002776,23-05-2023,Espreso Single,Drinks,DRK-01,2,22000,44000,Debit Card,Online Order
7527,SUN-7394435,03-12-2023,Cafe Latte,Drinks,DRK-03,4,32000,128000,Digital Wallet,Take Away
7528,SUN-3286636,07-08-2023,Espreso Single,Drinks,DRK-01,3,22000,66000,Cash,Dine in
7529,SUN-2497938,02-01-2023,Nasi Goreng Kampung,Food,FOD-03,1,38000,38000,Debit Card,Take Away
7530,SUN-7677505,10-02-2023,Classic Tirmaisu,Dessert,DST-01,2,38000,76000,Debit Card,Dine in
7531,SUN-6389464,16-04-2023,Nasi Goreng Kampung,Food,FOD-03,2,38000,76000,Cash,Take Away
7532,SUN-7496054,19-02-2023,Club Sandwich,Food,FOD-05,4,45000,180000,Digital Wallet,Dine in
7533,SUN-7667320,14-11-2023,Nasi Goreng Kampung,Food,FOD-03,3,38000,114000,Cash,Take Away
7534,SUN-6028912,02-10-2023,Iced Americano,Drinks,DRK-02,3,28000,84000,Digital Wallet,Online Order
7535,SUN-4378536,08-08-2023,Espreso Single,Drinks,DRK-01,2,22000,44000,Cash,Dine in
7536,SUN-8964282,20-06-2023,Cafe Latte,Drinks,DRK-03,4,32000,128000,Digital Wallet,Online Order
7537,SUN-4060279,16-02-2023,Cinnamon Roll,Dessert,DST-04,4,28000,112000,Cash,Dine in
7538,SUN-2807789,22-10-2023,Nasi Goreng Kampung,Food,FOD-03,1,38000,38000,Digital Wallet,Dine in
7539,SUN-8046149,29-03-2023,Grill Chicken Caesar Salad,Food,FOD-04,3,42000,126000,Digital Wallet,Dine in
7540,SUN-2272193,14-05-2023,Choco Lava Cake,Dessert,DST-04,1,35000,35000,Cash,Dine in
7541,SUN-5318936,17-03-2023,Beef Carbonara Pasta,Food,FOD-02,1,52000,52000,Cash,Take Away
7542,SUN-4849474,23-05-2023,Classic Tirmaisu,Dessert,DST-01,2,38000,76000,Digital Wallet,Online Order
7543,SUN-1956803,13-01-2023,Grill Chicken Caesar Salad,Food,FOD-04,1,42000,42000,Cash,Dine in
7544,SUN-2823825,31-08-2023,Grill Chicken Caesar Salad,Food,FOD-04,1,42000,42000,Debit Card,Online Order
7545,SUN-8815301,16-02-2023,Cafe Latte,Drinks,DRK-03,2,32000,64000,Debit Card,Online Order
7546,SUN-7872347,02-11-2023,Classic Tirmaisu,Dessert,DST-01,1,38000,38000,Debit Card,Online Order
7547,SUN-6896663,16-02-2023,Cinnamon Roll,Dessert,DST-05,3,28000,84000,Debit Card,Take Away
7548,SUN-5423157,17-03-2023,Choco Lava Cake,Dessert,DST-04,4,35000,140000,Cash,Take Away
7549,SUN-1722350,03-07-2023,Beef Carbonara Pasta,Food,FOD-02,2,52000,104000,Debit Card,Dine in
7550,SUN-6435931,07-02-2023,Choco Lava Cake,Dessert,DST-04,2,35000,70000,Digital Wallet,Online Order
7551,SUN-6420587,08-10-2023,Nasi Goreng Kampung,Food,FOD-03,4,38000,152000,Debit Card,Take Away
7552,SUN-4359340,16-04-2023,Fudgy Brownies,Dessert,DST-02,4,25000,100000,Digital Wallet,Take Away
7553,SUN-4604080,09-07-2023,Choco Lava Cake,Dessert,DST-04,3,35000,105000,Debit Card,Online Order
7554,SUN-3881351,22-11-2023,Buttermilk Fried Chicken,Food,FOD-01,2,48000,96000,Debit Card,Dine in
7555,SUN-8929921,28-08-2023,Club Sandwich,Food,FOD-05,4,45000,180000,Cash,Dine in
7556,SUN-1917674,29-06-2023,Fudgy Brownies,Dessert,DST-02,1,25000,25000,Digital Wallet,Take Away
7557,SUN-1848095,19-11-2023,Iced Americano,Drinks,DRK-02,4,28000,112000,Digital Wallet,Online Order
7558,SUN-6267022,29-06-2023,Beef Carbonara Pasta,Food,FOD-02,3,52000,156000,Digital Wallet,Online Order
7559,SUN-4738140,13-10-2023,Cafe Latte,Drinks,DRK-03,3,32000,96000,Digital Wallet,Online Order
7560,SUN-8398510,19-10-2023,Caramel Machiato,Drinks,DRK-04,4,38000,152000,Digital Wallet,Dine in
7561,SUN-6759112,06-02-2023,Choco Lava Cake,Dessert,DST-04,2,35000,70000,Debit Card,Take Away
7562,SUN-9142790,06-08-2023,Beef Carbonara Pasta,Food,FOD-02,1,52000,52000,Digital Wallet,Online Order
7563,SUN-9831131,10-01-2023,Fudgy Brownies,Dessert,DST-02,1,25000,25000,Debit Card,Dine in
7564,SUN-2039368,07-06-2023,Cinnamon Roll,Dessert,DST-05,1,28000,28000,Digital Wallet,Online Order
7565,SUN-6613149,06-12-2023,Cafe Latte,Drinks,DRK-03,3,32000,96000,Digital Wallet,Online Order
7566,SUN-3380532,18-05-2023,Beef Carbonara Pasta,Food,FOD-02,1,52000,52000,Debit Card,Dine in
7567,SUN-8955160,06-04-2023,Espreso Single,Drinks,DRK-01,3,22000,66000,Digital Wallet,Take Away
7568,SUN-9507968,22-08-2023,Choco Lava Cake,Dessert,DST-04,4,35000,140000,Debit Card,Dine in
7569,SUN-4937175,12-11-2023,Cafe Latte,Drinks,DRK-03,3,32000,96000,Cash,Dine in
7570,SUN-7924558,30-10-2023,Creamy Maycha Latte,Drinks,DRK-05,1,35000,35000,Debit Card,Dine in
7571,SUN-8082886,05-03-2023,Club Sandwich,Food,FOD-05,4,45000,180000,Digital Wallet,Take Away
7572,SUN-1749829,07-11-2023,Creamy Maycha Latte,Drinks,DRK-05,4,35000,140000,Digital Wallet,Dine in
7573,SUN-3824082,17-11-2023,Classic Tirmaisu,Dessert,DST-01,2,38000,76000,Debit Card,Dine in
7574,SUN-4311981,26-03-2023,Buttermilk Fried Chicken,Food,FOD-01,4,48000,192000,Digital Wallet,Online Order
7575,SUN-3857125,10-06-2023,Buttermilk Fried Chicken,Food,FOD-01,3,48000,144000,Digital Wallet,Take Away
7576,SUN-8202153,21-06-2023,Cafe Latte,Drinks,DRK-03,4,32000,128000,Debit Card,Take Away
7577,SUN-3264590,11-01-2023,Iced Americano,Drinks,DRK-02,3,28000,84000,Digital Wallet,Online Order
7578,SUN-1653062,20-05-2023,Caramel Machiato,Drinks,DRK-04,4,38000,152000,Debit Card,Dine in
7579,SUN-8831310,27-12-2023,Choco Lava Cake,Dessert,DST-04,2,35000,70000,Digital Wallet,Dine in
7580,SUN-5297829,15-05-2023,Espreso Single,Drinks,DRK-01,1,22000,22000,Digital Wallet,Online Order
7581,SUN-8043952,12-02-2023,Choco Lava Cake,Dessert,DST-04,2,35000,70000,Digital Wallet,Online Order
7582,SUN-8911391,15-04-2023,Beef Carbonara Pasta,Food,FOD-02,2,52000,104000,Digital Wallet,Online Order
7583,SUN-8452779,09-01-2023,Fudgy Brownies,Dessert,DST-02,2,25000,50000,Debit Card,Dine in
7584,SUN-6288840,08-08-2023,Creamy Maycha Latte,Drinks,DRK-05,4,35000,140000,Debit Card,Online Order
7585,SUN-7782371,20-10-2023,Cafe Latte,Drinks,DRK-03,3,32000,96000,Digital Wallet,Dine in
7586,SUN-1245262,16-07-2023,Cafe Latte,Drinks,DRK-03,1,32000,32000,Digital Wallet,Dine in
7587,SUN-8689457,30-04-2023,Beef Carbonara Pasta,Food,FOD-02,2,52000,104000,Digital Wallet,Take Away
7588,SUN-2182422,22-12-2023,Nasi Goreng Kampung,Food,FOD-03,4,38000,152000,Cash,Take Away
7589,SUN-2644152,12-01-2023,Beef Carbonara Pasta,Food,FOD-02,2,52000,104000,Debit Card,Online Order
7590,SUN-3366878,10-04-2023,Club Sandwich,Food,FOD-05,4,45000,180000,Debit Card,Online Order
7591,SUN-5694862,05-01-2023,Club Sandwich,Food,FOD-05,1,45000,45000,Debit Card,Online Order
7592,SUN-5014981,24-12-2023,Beef Carbonara Pasta,Food,FOD-02,4,52000,208000,Debit Card,Take Away
7593,SUN-3461736,29-05-2023,Choco Lava Cake,Dessert,DST-04,4,35000,140000,Debit Card,Dine in
7594,SUN-5116997,26-03-2023,Club Sandwich,Food,FOD-05,1,45000,45000,Digital Wallet,Dine in
7595,SUN-6443871,08-02-2023,Nasi Goreng Kampung,Food,FOD-03,3,38000,114000,Digital Wallet,Dine in
7596,SUN-6546050,29-11-2023,Iced Americano,Drinks,DRK-02,1,28000,28000,Cash,Take Away
7597,SUN-3285898,09-05-2023,Cinnamon Roll,Dessert,DST-05,4,28000,112000,Debit Card,Take Away
7598,SUN-5285702,18-03-2023,Nasi Goreng Kampung,Food,FOD-03,2,38000,76000,Digital Wallet,Online Order
7599,SUN-2650423,08-09-2023,Grill Chicken Caesar Salad,Food,FOD-04,4,42000,168000,Digital Wallet,Online Order
7600,SUN-3047015,25-02-2023,Club Sandwich,Food,FOD-05,4,45000,180000,Digital Wallet,Take Away
7601,SUN-5614469,14-12-2023,Grill Chicken Caesar Salad,Food,FOD-04,2,42000,84000,Debit Card,Online Order
7602,SUN-4136815,27-10-2023,Choco Lava Cake,Dessert,DST-04,3,35000,105000,Digital Wallet,Online Order
7603,SUN-9098213,18-04-2023,Nasi Goreng Kampung,Food,FOD-03,3,38000,114000,Debit Card,Online Order
7604,SUN-4263760,07-05-2023,New York Cheesecake,Dessert,DST-03,4,42000,168000,Digital Wallet,Online Order
7605,SUN-3591145,30-07-2023,Club Sandwich,Food,FOD-05,4,45000,180000,Digital Wallet,Dine in
7606,SUN-8157102,05-01-2023,Choco Lava Cake,Dessert,DST-04,2,35000,70000,Debit Card,Take Away
7607,SUN-6416297,14-09-2023,Espreso Single,Drinks,DRK-01,1,22000,22000,Debit Card,Dine in
7608,SUN-7753849,17-09-2023,Fudgy Brownies,Dessert,DST-02,3,25000,75000,Cash,Dine in
7609,SUN-8285997,17-10-2023,Cafe Latte,Drinks,DRK-03,2,32000,64000,Debit Card,Online Order
7610,SUN-4793519,20-01-2023,Creamy Maycha Latte,Drinks,DRK-05,3,35000,105000,Digital Wallet,Dine in
7611,SUN-1921765,30-06-2023,Classic Tirmaisu,Dessert,DST-01,3,38000,114000,Digital Wallet,Dine in
7612,SUN-2980341,08-03-2023,Choco Lava Cake,Dessert,DST-04,2,35000,70000,Digital Wallet,Take Away
7613,SUN-1647486,16-10-2023,Choco Lava Cake,Dessert,DST-04,1,35000,35000,Debit Card,Take Away
7614,SUN-9767250,30-12-2023,Espreso Single,Drinks,DRK-01,1,22000,22000,Digital Wallet,Dine in
7615,SUN-9639336,18-06-2023,Classic Tirmaisu,Dessert,DST-01,1,38000,38000,Cash,Take Away
7616,SUN-8183332,07-02-2023,Grill Chicken Caesar Salad,Food,FOD-04,2,42000,84000,Digital Wallet,Online Order
7617,SUN-1310616,29-09-2023,Caramel Machiato,Drinks,DRK-04,1,38000,38000,Digital Wallet,Online Order
7618,SUN-1051397,27-06-2023,New York Cheesecake,Dessert,DST-03,2,42000,84000,Debit Card,Dine in
7619,SUN-8740164,20-08-2023,Fudgy Brownies,Dessert,DST-02,4,25000,100000,Digital Wallet,Online Order
7620,SUN-8749643,08-03-2023,Grill Chicken Caesar Salad,Food,FOD-04,2,42000,84000,Debit Card,Online Order
7621,SUN-2661116,19-06-2023,Fudgy Brownies,Dessert,DST-02,4,25000,100000,Digital Wallet,Take Away
7622,SUN-8994978,15-05-2023,Cinnamon Roll,Dessert,DST-05,1,28000,28000,Cash,Take Away
7623,SUN-7435291,14-11-2023,Club Sandwich,Food,FOD-05,4,45000,180000,Digital Wallet,Dine in
7624,SUN-1046513,11-02-2023,Cinnamon Roll,Dessert,DST-05,4,28000,112000,Cash,Dine in
7625,SUN-8568031,25-04-2023,Nasi Goreng Kampung,Food,FOD-03,2,38000,76000,Cash,Take Away
7626,SUN-8552657,08-06-2023,Caramel Machiato,Drinks,DRK-04,4,38000,152000,Digital Wallet,Take Away
7627,SUN-3501526,12-05-2023,Classic Tirmaisu,Dessert,DST-01,1,38000,38000,Digital Wallet,Online Order
7628,SUN-6377034,18-10-2023,New York Cheesecake,Dessert,DST-03,1,42000,42000,Cash,Dine in
7629,SUN-8457940,26-06-2023,Choco Lava Cake,Dessert,DST-04,3,35000,105000,Debit Card,Dine in
7630,SUN-2835996,18-05-2023,Club Sandwich,Food,FOD-05,3,45000,135000,Digital Wallet,Online Order
7631,SUN-3482219,23-01-2023,Cinnamon Roll,Dessert,DST-05,2,28000,56000,Digital Wallet,Online Order
7632,SUN-8273360,06-01-2023,Iced Americano,Drinks,DRK-02,1,28000,28000,Debit Card,Online Order
7633,SUN-4336907,04-08-2023,Beef Carbonara Pasta,Food,FOD-02,2,52000,104000,Digital Wallet,Dine in
7634,SUN-4799128,17-06-2023,Choco Lava Cake,Dessert,DST-04,2,35000,70000,Debit Card,Dine in
7635,SUN-9550687,09-01-2023,Cafe Latte,Drinks,DRK-03,1,32000,32000,Digital Wallet,Dine in
7636,SUN-9172479,10-11-2023,Choco Lava Cake,Dessert,DST-04,3,35000,105000,Digital Wallet,Dine in
7637,SUN-4916313,13-11-2023,Iced Americano,Drinks,DRK-02,1,28000,28000,Digital Wallet,Dine in
7638,SUN-2327934,28-10-2023,Club Sandwich,Food,FOD-05,2,45000,90000,Digital Wallet,Online Order
7639,SUN-1910446,08-05-2023,Fudgy Brownies,Dessert,DST-02,1,25000,25000,Debit Card,Dine in
7640,SUN-5521062,29-06-2023,Fudgy Brownies,Dessert,DST-02,2,25000,50000,Cash,Online Order
7641,SUN-5985665,21-11-2023,Iced Americano,Drinks,DRK-02,4,28000,112000,Debit Card,Dine in
7642,SUN-5289586,03-03-2023,Creamy Maycha Latte,Drinks,DRK-05,3,35000,105000,Digital Wallet,Dine in
7643,SUN-4716408,24-02-2023,Classic Tirmaisu,Dessert,DST-01,3,38000,114000,Digital Wallet,Dine in
7644,SUN-9867770,04-02-2023,Classic Tirmaisu,Dessert,DST-01,2,38000,76000,Debit Card,Dine in
7645,SUN-2440490,19-09-2023,Creamy Maycha Latte,Drinks,DRK-05,3,35000,105000,Debit Card,Online Order
7646,SUN-9667452,12-01-2023,Caramel Machiato,Drinks,DRK-04,3,38000,114000,Digital Wallet,Dine in
7647,SUN-2725928,02-08-2023,Espreso Single,Drinks,DRK-01,2,22000,44000,Digital Wallet,Dine in
7648,SUN-4769656,26-11-2023,Buttermilk Fried Chicken,Food,FOD-01,1,48000,48000,Cash,Take Away
7649,SUN-3559287,26-07-2023,Espreso Single,Drinks,DRK-01,4,22000,88000,Debit Card,Online Order
7650,SUN-6068519,09-01-2023,Beef Carbonara Pasta,Food,FOD-02,2,52000,104000,Digital Wallet,Online Order
7651,SUN-3471952,27-11-2023,Grill Chicken Caesar Salad,Food,FOD-04,2,42000,84000,Cash,Dine in
7652,SUN-6555125,12-10-2023,Cinnamon Roll,Dessert,DST-05,1,28000,28000,Digital Wallet,Take Away
7653,SUN-5861486,01-02-2023,Cafe Latte,Drinks,DRK-03,1,32000,32000,Debit Card,Online Order
7654,SUN-5657782,14-10-2023,Fudgy Brownies,Dessert,DST-02,2,25000,50000,Debit Card,Dine in
7655,SUN-7930639,01-12-2023,Caramel Machiato,Drinks,DRK-04,2,38000,76000,Digital Wallet,Online Order
7656,SUN-9650400,22-10-2023,Fudgy Brownies,Dessert,DST-02,3,25000,75000,Digital Wallet,Take Away
7657,SUN-1145865,13-04-2023,Nasi Goreng Kampung,Food,FOD-03,3,38000,114000,Debit Card,Online Order
7658,SUN-1618746,24-10-2023,Buttermilk Fried Chicken,Food,FOD-01,1,48000,48000,Digital Wallet,Dine in
7659,SUN-3208668,03-04-2023,Beef Carbonara Pasta,Food,FOD-02,3,52000,156000,Debit Card,Take Away
7660,SUN-2015270,14-02-2023,Club Sandwich,Food,FOD-05,2,45000,90000,Debit Card,Online Order
7661,SUN-1429637,07-09-2023,New York Cheesecake,Dessert,DST-03,4,42000,168000,Digital Wallet,Online Order
7662,SUN-1542393,28-03-2023,Buttermilk Fried Chicken,Food,FOD-01,3,48000,144000,Debit Card,Online Order
7663,SUN-4533521,31-05-2023,Classic Tirmaisu,Dessert,DST-01,3,38000,114000,Digital Wallet,Dine in
7664,SUN-3169133,28-03-2023,Fudgy Brownies,Dessert,DST-02,2,25000,50000,Debit Card,Take Away
7665,SUN-8776886,18-02-2023,Nasi Goreng Kampung,Food,FOD-03,1,38000,38000,Debit Card,Dine in
7666,SUN-4344087,31-05-2023,Club Sandwich,Food,FOD-05,4,45000,180000,Debit Card,Dine in
7667,SUN-7413237,23-07-2023,Beef Carbonara Pasta,Food,FOD-02,2,52000,104000,Digital Wallet,Take Away
7668,SUN-5321591,24-07-2023,Cinnamon Roll,Dessert,DST-05,2,28000,56000,Debit Card,Dine in
7669,SUN-8829423,16-11-2023,Classic Tirmaisu,Dessert,DST-01,4,38000,152000,Debit Card,Take Away
7670,SUN-3933327,05-09-2023,Buttermilk Fried Chicken,Food,FOD-01,4,48000,192000,Cash,Dine in
7671,SUN-6756719,04-01-2023,Club Sandwich,Food,FOD-05,4,45000,180000,Debit Card,Dine in
7672,SUN-4462528,23-01-2023,Classic Tirmaisu,Dessert,DST-01,4,38000,152000,Debit Card,Dine in
7673,SUN-4976507,27-05-2023,Caramel Machiato,Drinks,DRK-04,4,38000,152000,Digital Wallet,Take Away
7674,SUN-6251862,18-05-2023,Beef Carbonara Pasta,Food,FOD-02,3,52000,156000,Digital Wallet,Dine in
7675,SUN-4330324,07-03-2023,Cafe Latte,Drinks,DRK-03,1,32000,32000,Debit Card,Dine in
7676,SUN-8473288,10-12-2023,Espreso Single,Drinks,DRK-01,4,22000,88000,Digital Wallet,Dine in
7677,SUN-3586645,16-09-2023,Club Sandwich,Food,FOD-05,3,45000,135000,Debit Card,Take Away
7678,SUN-6283893,15-02-2023,Classic Tirmaisu,Dessert,DST-01,2,38000,76000,Digital Wallet,Online Order
7679,SUN-5240884,15-10-2023,Espreso Single,Drinks,DRK-01,3,22000,66000,Digital Wallet,Take Away
7680,SUN-6571671,03-06-2023,Iced Americano,Drinks,DRK-02,3,28000,84000,Debit Card,Take Away
7681,SUN-3924952,21-02-2023,Beef Carbonara Pasta,Food,FOD-02,2,52000,104000,Debit Card,Online Order
7682,SUN-1818493,04-04-2023,Nasi Goreng Kampung,Food,FOD-03,2,38000,76000,Debit Card,Take Away
7683,SUN-7600414,05-11-2023,Fudgy Brownies,Dessert,DST-02,1,25000,25000,Cash,Take Away
7684,SUN-4724655,01-04-2023,Club Sandwich,Food,FOD-05,1,45000,45000,Cash,Dine in
7685,SUN-3169187,24-04-2023,Iced Americano,Drinks,DRK-02,1,28000,28000,Cash,Take Away
7686,SUN-4071280,22-05-2023,Creamy Maycha Latte,Drinks,DRK-05,3,35000,105000,Digital Wallet,Dine in
7687,SUN-7799396,01-10-2023,Creamy Maycha Latte,Drinks,DRK-05,3,35000,105000,Digital Wallet,Online Order
7688,SUN-6129983,30-09-2023,Fudgy Brownies,Dessert,DST-02,2,25000,50000,Cash,Dine in
7689,SUN-3385584,17-02-2023,Beef Carbonara Pasta,Food,FOD-02,4,52000,208000,Cash,Take Away
7690,SUN-8464473,26-01-2023,New York Cheesecake,Dessert,DST-03,2,42000,84000,Cash,Online Order
7691,SUN-4071074,22-06-2023,Caramel Machiato,Drinks,DRK-04,4,38000,152000,Cash,Take Away
7692,SUN-1131445,25-08-2023,Grill Chicken Caesar Salad,Food,FOD-04,4,42000,168000,Cash,Take Away
7693,SUN-7407406,25-08-2023,Cinnamon Roll,Dessert,DST-05,4,28000,112000,Digital Wallet,Dine in
7694,SUN-9157633,30-08-2023,Buttermilk Fried Chicken,Food,FOD-01,4,48000,192000,Digital Wallet,Take Away
7695,SUN-3036217,30-06-2023,Classic Tirmaisu,Dessert,DST-01,4,38000,152000,Digital Wallet,Take Away
7696,SUN-7908061,09-06-2023,Nasi Goreng Kampung,Food,FOD-03,2,38000,76000,Debit Card,Online Order
7697,SUN-8412800,09-09-2023,New York Cheesecake,Dessert,DST-03,1,42000,42000,Cash,Dine in
7698,SUN-2163503,25-06-2023,Caramel Machiato,Drinks,DRK-04,2,38000,76000,Debit Card,Dine in
7699,SUN-3615315,10-10-2023,Classic Tirmaisu,Dessert,DST-01,4,38000,152000,Debit Card,Take Away
7700,SUN-6740094,20-07-2023,Iced Americano,Drinks,DRK-02,4,28000,112000,Digital Wallet,Online Order
7701,SUN-2366813,05-12-2023,New York Cheesecake,Dessert,DST-03,4,42000,168000,Digital Wallet,Dine in
7702,SUN-5081044,20-04-2023,Club Sandwich,Food,FOD-05,1,45000,45000,Digital Wallet,Online Order
7703,SUN-2701250,25-08-2023,Iced Americano,Drinks,DRK-02,2,28000,56000,Debit Card,Dine in
7704,SUN-8023243,29-08-2023,Classic Tirmaisu,Dessert,DST-01,1,38000,38000,Debit Card,Online Order
7705,SUN-7952097,06-03-2023,Cafe Latte,Drinks,DRK-03,2,32000,64000,Digital Wallet,Take Away
7706,SUN-3073457,15-12-2023,Nasi Goreng Kampung,Food,FOD-03,3,38000,114000,Digital Wallet,Dine in
7707,SUN-5769464,08-10-2023,Caramel Machiato,Drinks,DRK-04,1,38000,38000,Digital Wallet,Online Order
7708,SUN-2463585,28-09-2023,Classic Tirmaisu,Dessert,DST-01,4,38000,152000,Cash,Dine in
7709,SUN-1771149,04-06-2023,Nasi Goreng Kampung,Food,FOD-03,2,38000,76000,Debit Card,Online Order
7710,SUN-4636458,26-12-2023,New York Cheesecake,Dessert,DST-03,3,42000,126000,Digital Wallet,Online Order
7711,SUN-1450112,12-09-2023,Cinnamon Roll,Dessert,DST-05,3,28000,84000,Cash,Take Away
7712,SUN-5224200,08-06-2023,Nasi Goreng Kampung,Food,FOD-03,2,38000,76000,Digital Wallet,Take Away
7713,SUN-8630303,09-09-2023,New York Cheesecake,Dessert,DST-03,1,42000,42000,Debit Card,Dine in
7714,SUN-4041001,12-10-2023,Iced Americano,Drinks,DRK-02,2,28000,56000,Cash,Take Away
7715,SUN-1033895,20-11-2023,Iced Americano,Drinks,DRK-02,4,28000,112000,Debit Card,Dine in
7716,SUN-5489427,31-07-2023,Classic Tirmaisu,Dessert,DST-01,2,38000,76000,Digital Wallet,Take Away
7717,SUN-4695790,04-08-2023,Classic Tirmaisu,Dessert,DST-01,2,38000,76000,Cash,Take Away
7718,SUN-9858926,06-05-2023,Creamy Maycha Latte,Drinks,DRK-05,4,35000,140000,Cash,Take Away
7719,SUN-4874543,25-03-2023,Creamy Maycha Latte,Drinks,DRK-05,1,35000,35000,Cash,Take Away
7720,SUN-1126720,24-01-2023,Cinnamon Roll,Dessert,DST-05,4,28000,112000,Debit Card,Dine in
7721,SUN-6955393,29-05-2023,Caramel Machiato,Drinks,DRK-04,1,38000,38000,Digital Wallet,Take Away
7722,SUN-9159147,13-05-2023,Caramel Machiato,Drinks,DRK-04,4,38000,152000,Debit Card,Take Away
7723,SUN-8786616,15-08-2023,Cafe Latte,Drinks,DRK-03,4,32000,128000,Digital Wallet,Online Order
7724,SUN-5191506,01-07-2023,Classic Tirmaisu,Dessert,DST-01,1,38000,38000,Digital Wallet,Online Order
7725,SUN-3485496,28-07-2023,Nasi Goreng Kampung,Food,FOD-03,4,38000,152000,Debit Card,Dine in
7726,SUN-8986249,05-10-2023,Choco Lava Cake,Dessert,DST-04,3,35000,105000,Debit Card,Dine in
7727,SUN-4478447,12-03-2023,Grill Chicken Caesar Salad,Food,FOD-04,4,42000,168000,Cash,Take Away
7728,SUN-9166845,05-11-2023,Nasi Goreng Kampung,Food,FOD-03,1,38000,38000,Cash,Take Away
7729,SUN-5251603,28-10-2023,Caramel Machiato,Drinks,DRK-04,3,38000,114000,Debit Card,Online Order
7730,SUN-2407730,21-10-2023,Choco Lava Cake,Dessert,DST-04,4,35000,140000,Cash,Dine in
7731,SUN-5303360,31-07-2023,New York Cheesecake,Dessert,DST-03,3,42000,126000,Cash,Dine in
7732,SUN-4251937,27-06-2023,Buttermilk Fried Chicken,Food,FOD-01,1,48000,48000,Cash,Take Away
7733,SUN-1497252,30-07-2023,Iced Americano,Drinks,DRK-02,1,28000,28000,Cash,Dine in
7734,SUN-7837641,16-02-2023,Cafe Latte,Drinks,DRK-03,1,32000,32000,Debit Card,Dine in
7735,SUN-7296591,16-03-2023,Classic Tirmaisu,Dessert,DST-01,2,38000,76000,Cash,Dine in
7736,SUN-9067508,07-08-2023,Choco Lava Cake,Dessert,DST-04,1,35000,35000,Cash,Dine in
7737,SUN-4549326,29-06-2023,Creamy Maycha Latte,Drinks,DRK-05,3,35000,105000,Digital Wallet,Online Order
7738,SUN-1282465,17-09-2023,Caramel Machiato,Drinks,DRK-04,3,38000,114000,Cash,Take Away
7739,SUN-1470240,09-04-2023,Beef Carbonara Pasta,Food,FOD-02,4,52000,208000,Digital Wallet,Take Away
7740,SUN-7215666,30-09-2023,Choco Lava Cake,Dessert,DST-04,2,35000,70000,Cash,Online Order
7741,SUN-3633511,03-05-2023,Club Sandwich,Food,FOD-05,2,45000,90000,Debit Card,Online Order
7742,SUN-4894132,28-10-2023,Creamy Maycha Latte,Drinks,DRK-05,3,35000,105000,Debit Card,Dine in
7743,SUN-1090002,05-05-2023,Cinnamon Roll,Dessert,DST-05,1,28000,28000,Debit Card,Dine in
7744,SUN-1699677,17-04-2023,Grill Chicken Caesar Salad,Food,FOD-04,1,42000,42000,Cash,Dine in
7745,SUN-5883152,10-08-2023,Nasi Goreng Kampung,Food,FOD-03,2,38000,76000,Cash,Dine in
7746,SUN-8346215,12-06-2023,New York Cheesecake,Dessert,DST-03,4,42000,168000,Debit Card,Dine in
7747,SUN-4486837,17-05-2023,Espreso Single,Drinks,DRK-01,1,22000,22000,Digital Wallet,Dine in
7748,SUN-6893640,28-04-2023,Buttermilk Fried Chicken,Food,FOD-01,4,48000,192000,Digital Wallet,Dine in
7749,SUN-8172598,25-11-2023,Buttermilk Fried Chicken,Food,FOD-01,3,48000,144000,Digital Wallet,Online Order
7750,SUN-9292713,17-01-2023,Iced Americano,Drinks,DRK-02,3,28000,84000,Debit Card,Online Order
7751,SUN-6915804,02-10-2023,Caramel Machiato,Drinks,DRK-04,1,38000,38000,Digital Wallet,Take Away
7752,SUN-3487272,05-05-2023,Nasi Goreng Kampung,Food,FOD-03,1,38000,38000,Digital Wallet,Dine in
7753,SUN-7803515,24-12-2023,Fudgy Brownies,Dessert,DST-02,3,25000,75000,Debit Card,Dine in
7754,SUN-9459312,15-09-2023,New York Cheesecake,Dessert,DST-03,3,42000,126000,Digital Wallet,Dine in
7755,SUN-1397855,12-08-2023,Classic Tirmaisu,Dessert,DST-01,2,38000,76000,Cash,Take Away
7756,SUN-8280122,08-05-2023,Classic Tirmaisu,Dessert,DST-01,4,38000,152000,Digital Wallet,Take Away
7757,SUN-7254084,07-06-2023,Grill Chicken Caesar Salad,Food,FOD-04,4,42000,168000,Debit Card,Take Away
7758,SUN-9573912,25-03-2023,Iced Americano,Drinks,DRK-02,1,28000,28000,Digital Wallet,Take Away
7759,SUN-7904131,24-05-2023,Caramel Machiato,Drinks,DRK-04,2,38000,76000,Cash,Take Away
7760,SUN-1480129,26-10-2023,Cinnamon Roll,Dessert,DST-05,2,28000,56000,Debit Card,Take Away
7761,SUN-9451323,14-01-2023,Beef Carbonara Pasta,Food,FOD-02,2,52000,104000,Digital Wallet,Dine in
7762,SUN-6412404,25-08-2023,Fudgy Brownies,Dessert,DST-02,2,25000,50000,Cash,Dine in
7763,SUN-2620859,15-09-2023,Nasi Goreng Kampung,Food,FOD-03,3,38000,114000,Digital Wallet,Dine in
7764,SUN-6596656,16-11-2023,Cinnamon Roll,Dessert,DST-04,4,28000,112000,Cash,Dine in
7765,SUN-8373795,26-04-2023,Cinnamon Roll,Dessert,DST-05,4,28000,112000,Debit Card,Online Order
7766,SUN-8939675,09-10-2023,Buttermilk Fried Chicken,Food,FOD-01,4,48000,192000,Cash,Take Away
7767,SUN-4255170,09-01-2023,Creamy Maycha Latte,Drinks,DRK-05,1,35000,35000,Cash,Take Away
7768,SUN-5440242,12-07-2023,Nasi Goreng Kampung,Food,FOD-03,4,38000,152000,Digital Wallet,Take Away
7769,SUN-4729381,30-11-2023,Cinnamon Roll,Dessert,DST-05,4,28000,112000,Debit Card,Online Order
7770,SUN-4720987,14-09-2023,Buttermilk Fried Chicken,Food,FOD-01,3,48000,144000,Digital Wallet,Dine in
7771,SUN-9750369,28-03-2023,New York Cheesecake,Dessert,DST-03,2,42000,84000,Debit Card,Dine in
7772,SUN-5781905,10-05-2023,Cafe Latte,Drinks,DRK-03,3,32000,96000,Debit Card,Take Away
7773,SUN-8285222,04-02-2023,Club Sandwich,Food,FOD-05,3,45000,135000,Debit Card,Take Away
7774,SUN-2279873,05-07-2023,Caramel Machiato,Drinks,DRK-04,1,38000,38000,Cash,Take Away
7775,SUN-1540701,27-09-2023,Club Sandwich,Food,FOD-05,2,45000,90000,Debit Card,Online Order
7776,SUN-5764932,18-02-2023,Beef Carbonara Pasta,Food,FOD-02,4,52000,208000,Digital Wallet,Take Away
7777,SUN-2947298,09-10-2023,Beef Carbonara Pasta,Food,FOD-02,2,52000,104000,Digital Wallet,Online Order
7778,SUN-6829564,18-04-2023,Caramel Machiato,Drinks,DRK-04,2,38000,76000,Debit Card,Dine in
7779,SUN-9798098,09-10-2023,Cinnamon Roll,Dessert,DST-05,3,28000,84000,Cash,Take Away
7780,SUN-3094339,15-10-2023,New York Cheesecake,Dessert,DST-03,3,42000,126000,Digital Wallet,Dine in
7781,SUN-8382820,13-08-2023,Nasi Goreng Kampung,Food,FOD-03,3,38000,114000,Cash,Take Away
7782,SUN-5054562,09-06-2023,Fudgy Brownies,Dessert,DST-02,1,25000,25000,Digital Wallet,Dine in
7783,SUN-8604342,10-01-2023,Buttermilk Fried Chicken,Food,FOD-01,4,48000,192000,Cash,Take Away
7784,SUN-2742648,22-03-2023,Caramel Machiato,Drinks,DRK-04,3,38000,114000,Digital Wallet,Dine in
7785,SUN-7214418,15-07-2023,Creamy Maycha Latte,Drinks,DRK-05,2,35000,70000,Digital Wallet,Online Order
7786,SUN-3065633,01-01-2023,Beef Carbonara Pasta,Food,FOD-02,2,52000,104000,Cash,Dine in
7787,SUN-8852452,17-12-2023,Fudgy Brownies,Dessert,DST-02,4,25000,100000,Digital Wallet,Online Order
7788,SUN-9548907,01-09-2023,Espreso Single,Drinks,DRK-01,3,22000,66000,Digital Wallet,Take Away
7789,SUN-7659698,16-06-2023,Choco Lava Cake,Dessert,DST-04,4,35000,140000,Debit Card,Dine in
7790,SUN-9663362,07-12-2023,Caramel Machiato,Drinks,DRK-04,1,38000,38000,Digital Wallet,Take Away
7791,SUN-8596480,19-04-2023,Nasi Goreng Kampung,Food,FOD-03,4,38000,152000,Cash,Take Away
7792,SUN-5317471,24-07-2023,Espreso Single,Drinks,DRK-01,1,22000,22000,Debit Card,Dine in
7793,SUN-6625908,23-07-2023,Caramel Machiato,Drinks,DRK-04,2,38000,76000,Digital Wallet,Dine in
7794,SUN-3527264,10-11-2023,Club Sandwich,Food,FOD-05,2,45000,90000,Cash,Dine in
7795,SUN-1708543,19-08-2023,Creamy Maycha Latte,Drinks,DRK-05,2,35000,70000,Debit Card,Online Order
7796,SUN-7225061,06-05-2023,New York Cheesecake,Dessert,DST-03,3,42000,126000,Cash,Dine in
7797,SUN-7391743,19-04-2023,Caramel Machiato,Drinks,DRK-04,4,38000,152000,Debit Card,Online Order
7798,SUN-7957831,08-02-2023,Choco Lava Cake,Dessert,DST-04,1,35000,35000,Debit Card,Online Order
7799,SUN-2933123,10-10-2023,Cafe Latte,Drinks,DRK-03,1,32000,32000,Digital Wallet,Dine in
7800,SUN-6047198,09-10-2023,New York Cheesecake,Dessert,DST-03,1,42000,42000,Debit Card,Dine in
7801,SUN-5194966,04-11-2023,Cafe Latte,Drinks,DRK-03,2,32000,64000,Debit Card,Online Order
7802,SUN-4513321,22-10-2023,Beef Carbonara Pasta,Food,FOD-02,3,52000,156000,Debit Card,Online Order
7803,SUN-8515925,09-01-2023,Grill Chicken Caesar Salad,Food,FOD-04,4,42000,168000,Cash,Dine in
7804,SUN-3244523,25-12-2023,Buttermilk Fried Chicken,Food,FOD-01,4,48000,192000,Digital Wallet,Take Away
7805,SUN-1502044,06-02-2023,Grill Chicken Caesar Salad,Food,FOD-04,1,42000,42000,Digital Wallet,Dine in
7806,SUN-4398888,14-07-2023,Caramel Machiato,Drinks,DRK-04,4,38000,152000,Cash,Take Away
7807,SUN-7767036,02-07-2023,Cinnamon Roll,Dessert,DST-05,3,28000,84000,Cash,Dine in
7808,SUN-3070749,10-11-2023,Iced Americano,Drinks,DRK-02,4,28000,112000,Debit Card,Take Away
7809,SUN-4291585,22-01-2023,Cafe Latte,Drinks,DRK-03,2,32000,64000,Cash,Take Away
7810,SUN-3004700,30-08-2023,Nasi Goreng Kampung,Food,FOD-03,4,38000,152000,Debit Card,Dine in
7811,SUN-9028420,13-03-2023,Iced Americano,Drinks,DRK-02,2,28000,56000,Cash,Dine in
7812,SUN-5114189,03-07-2023,Caramel Machiato,Drinks,DRK-04,1,38000,38000,Digital Wallet,Dine in
7813,SUN-2450062,15-11-2023,Creamy Maycha Latte,Drinks,DRK-05,3,35000,105000,Debit Card,Online Order
7814,SUN-5804961,14-01-2023,Caramel Machiato,Drinks,DRK-04,3,38000,114000,Digital Wallet,Online Order
7815,SUN-9542085,31-12-2023,New York Cheesecake,Dessert,DST-03,4,42000,168000,Digital Wallet,Take Away
7816,SUN-9748454,17-01-2023,Cafe Latte,Drinks,DRK-03,1,32000,32000,Digital Wallet,Online Order
7817,SUN-1581850,04-11-2023,Club Sandwich,Food,FOD-05,3,45000,135000,Cash,Dine in
7818,SUN-7553845,31-01-2023,Buttermilk Fried Chicken,Food,FOD-01,4,48000,192000,Debit Card,Dine in
7819,SUN-5419266,02-03-2023,Espreso Single,Drinks,DRK-01,1,22000,22000,Debit Card,Online Order
7820,SUN-6269194,04-02-2023,Beef Carbonara Pasta,Food,FOD-02,2,52000,104000,Debit Card,Online Order
7821,SUN-7257516,21-10-2023,Club Sandwich,Food,FOD-05,4,45000,180000,Debit Card,Take Away
7822,SUN-6983754,16-05-2023,New York Cheesecake,Dessert,DST-03,4,42000,168000,Debit Card,Dine in
7823,SUN-1418664,01-08-2023,Club Sandwich,Food,FOD-05,4,45000,180000,Cash,Dine in
7824,SUN-8249701,18-01-2023,Beef Carbonara Pasta,Food,FOD-02,4,52000,208000,Debit Card,Online Order
7825,SUN-6333200,30-12-2023,Caramel Machiato,Drinks,DRK-04,2,38000,76000,Debit Card,Dine in
7826,SUN-1809692,25-08-2023,Grill Chicken Caesar Salad,Food,FOD-04,2,42000,84000,Digital Wallet,Dine in
7827,SUN-8137230,14-04-2023,New York Cheesecake,Dessert,DST-03,4,42000,168000,Digital Wallet,Online Order
7828,SUN-7034054,04-05-2023,Choco Lava Cake,Dessert,DST-04,4,35000,140000,Debit Card,Take Away
7829,SUN-5329096,25-11-2023,Iced Americano,Drinks,DRK-02,1,28000,28000,Debit Card,Online Order
7830,SUN-5095599,27-08-2023,Cinnamon Roll,Dessert,DST-05,2,28000,56000,Digital Wallet,Take Away
7831,SUN-4483329,06-01-2023,Cafe Latte,Drinks,DRK-03,2,32000,64000,Debit Card,Dine in
7832,SUN-1138178,01-09-2023,Cinnamon Roll,Dessert,DST-04,4,28000,112000,Debit Card,Dine in
7833,SUN-8230459,23-03-2023,Iced Americano,Drinks,DRK-02,2,28000,56000,Cash,Dine in
7834,SUN-7810649,10-08-2023,Buttermilk Fried Chicken,Food,FOD-01,4,48000,192000,Debit Card,Dine in
7835,SUN-7573512,27-11-2023,New York Cheesecake,Dessert,DST-03,2,42000,84000,Digital Wallet,Dine in
7836,SUN-4506764,07-06-2023,Espreso Single,Drinks,DRK-01,4,22000,88000,Debit Card,Take Away
7837,SUN-3754470,06-07-2023,New York Cheesecake,Dessert,DST-03,3,42000,126000,Digital Wallet,Dine in
7838,SUN-9406272,21-10-2023,Nasi Goreng Kampung,Food,FOD-03,2,38000,76000,Digital Wallet,Online Order
7839,SUN-1756138,18-03-2023,Iced Americano,Drinks,DRK-02,4,28000,112000,Debit Card,Dine in
7840,SUN-5886347,04-09-2023,New York Cheesecake,Dessert,DST-03,1,42000,42000,Cash,Dine in
7841,SUN-9152893,13-09-2023,Buttermilk Fried Chicken,Food,FOD-01,1,48000,48000,Digital Wallet,Take Away
7842,SUN-7604869,05-01-2023,New York Cheesecake,Dessert,DST-03,1,42000,42000,Cash,Online Order
7843,SUN-8887676,08-05-2023,Choco Lava Cake,Dessert,DST-04,2,35000,70000,Cash,Dine in
7844,SUN-4391699,25-11-2023,Grill Chicken Caesar Salad,Food,FOD-04,3,42000,126000,Debit Card,Online Order
7845,SUN-9124101,04-08-2023,Beef Carbonara Pasta,Food,FOD-02,3,52000,156000,Digital Wallet,Dine in
7846,SUN-9317445,21-12-2023,Creamy Maycha Latte,Drinks,DRK-05,3,35000,105000,Debit Card,Dine in
7847,SUN-1923572,01-06-2023,Fudgy Brownies,Dessert,DST-02,1,25000,25000,Digital Wallet,Online Order
7848,SUN-4942159,05-12-2023,New York Cheesecake,Dessert,DST-03,3,42000,126000,Debit Card,Online Order
7849,SUN-2971708,30-01-2023,Cafe Latte,Drinks,DRK-03,4,32000,128000,Debit Card,Take Away
7850,SUN-6443849,03-10-2023,Caramel Machiato,Drinks,DRK-04,4,38000,152000,Cash,Dine in
7851,SUN-5727529,24-01-2023,Cafe Latte,Drinks,DRK-03,1,32000,32000,Digital Wallet,Online Order
7852,SUN-4279717,18-08-2023,Iced Americano,Drinks,DRK-02,1,28000,28000,Cash,Dine in
7853,SUN-6859969,30-11-2023,Iced Americano,Drinks,DRK-02,1,28000,28000,Digital Wallet,Dine in
7854,SUN-6586536,21-05-2023,Caramel Machiato,Drinks,DRK-04,2,38000,76000,Debit Card,Online Order
7855,SUN-1983385,14-11-2023,Iced Americano,Drinks,DRK-02,1,28000,28000,Cash,Dine in
7856,SUN-6043933,09-01-2023,Cinnamon Roll,Dessert,DST-05,2,28000,56000,Debit Card,Dine in
7857,SUN-3689109,17-06-2023,Fudgy Brownies,Dessert,DST-02,1,25000,25000,Debit Card,Online Order
7858,SUN-1175410,13-09-2023,Iced Americano,Drinks,DRK-02,1,28000,28000,Debit Card,Dine in
7859,SUN-3243700,29-03-2023,Espreso Single,Drinks,DRK-01,4,22000,88000,Debit Card,Take Away
7860,SUN-9105451,14-11-2023,Grill Chicken Caesar Salad,Food,FOD-04,1,42000,42000,Debit Card,Dine in
7861,SUN-5511817,18-02-2023,Fudgy Brownies,Dessert,DST-02,2,25000,50000,Digital Wallet,Online Order
7862,SUN-6981457,12-06-2023,Beef Carbonara Pasta,Food,FOD-02,3,52000,156000,Debit Card,Dine in
7863,SUN-1325429,16-12-2023,Caramel Machiato,Drinks,DRK-04,2,38000,76000,Digital Wallet,Dine in
7864,SUN-5813382,23-11-2023,Cafe Latte,Drinks,DRK-03,4,32000,128000,Digital Wallet,Dine in
7865,SUN-5765847,17-07-2023,Club Sandwich,Food,FOD-05,3,45000,135000,Debit Card,Dine in
7866,SUN-8624639,28-12-2023,Nasi Goreng Kampung,Food,FOD-03,3,38000,114000,Debit Card,Online Order
7867,SUN-2834665,03-01-2023,Classic Tirmaisu,Dessert,DST-01,4,38000,152000,Debit Card,Online Order
7868,SUN-8731100,08-05-2023,Caramel Machiato,Drinks,DRK-04,1,38000,38000,Digital Wallet,Take Away
7869,SUN-1621064,17-08-2023,Beef Carbonara Pasta,Food,FOD-02,4,52000,208000,Debit Card,Dine in
7870,SUN-5070350,19-05-2023,Caramel Machiato,Drinks,DRK-04,1,38000,38000,Cash,Take Away
7871,SUN-7856861,04-10-2023,Choco Lava Cake,Dessert,DST-04,2,35000,70000,Debit Card,Dine in
7872,SUN-7934658,19-11-2023,Iced Americano,Drinks,DRK-02,1,28000,28000,Debit Card,Dine in
7873,SUN-2050428,21-04-2023,Caramel Machiato,Drinks,DRK-04,2,38000,76000,Debit Card,Take Away
7874,SUN-5881378,23-05-2023,Beef Carbonara Pasta,Food,FOD-02,1,52000,52000,Debit Card,Dine in
7875,SUN-3967778,24-12-2023,Cafe Latte,Drinks,DRK-03,1,32000,32000,Cash,Dine in
7876,SUN-7405896,07-03-2023,Classic Tirmaisu,Dessert,DST-01,4,38000,152000,Cash,Dine in
7877,SUN-5362193,22-01-2023,Espreso Single,Drinks,DRK-01,1,22000,22000,Digital Wallet,Dine in
7878,SUN-3841933,22-06-2023,New York Cheesecake,Dessert,DST-03,2,42000,84000,Cash,Take Away
7879,SUN-1340384,10-02-2023,Club Sandwich,Food,FOD-05,3,45000,135000,Cash,Take Away
7880,SUN-1492087,18-07-2023,Choco Lava Cake,Dessert,DST-04,2,35000,70000,Debit Card,Dine in
7881,SUN-8124778,09-08-2023,Nasi Goreng Kampung,Food,FOD-03,2,38000,76000,Digital Wallet,Dine in
7882,SUN-9579501,11-02-2023,Creamy Maycha Latte,Drinks,DRK-05,4,35000,140000,Digital Wallet,Dine in
7883,SUN-3881873,18-06-2023,Cafe Latte,Drinks,DRK-03,4,32000,128000,Debit Card,Online Order
7884,SUN-9757149,07-04-2023,Nasi Goreng Kampung,Food,FOD-03,3,38000,114000,Debit Card,Dine in
7885,SUN-3182846,15-05-2023,Caramel Machiato,Drinks,DRK-04,2,38000,76000,Digital Wallet,Online Order
7886,SUN-2530413,15-08-2023,Grill Chicken Caesar Salad,Food,FOD-04,3,42000,126000,Cash,Dine in
7887,SUN-9055856,12-09-2023,Beef Carbonara Pasta,Food,FOD-02,4,52000,208000,Digital Wallet,Dine in
7888,SUN-6201512,16-05-2023,Creamy Maycha Latte,Drinks,DRK-05,1,35000,35000,Debit Card,Dine in
7889,SUN-3934185,06-12-2023,Cafe Latte,Drinks,DRK-03,3,32000,96000,Cash,Dine in
7890,SUN-5851243,12-07-2023,Grill Chicken Caesar Salad,Food,FOD-04,4,42000,168000,Digital Wallet,Take Away
7891,SUN-6099061,11-11-2023,Nasi Goreng Kampung,Food,FOD-03,3,38000,114000,Debit Card,Take Away
7892,SUN-6760686,01-09-2023,Iced Americano,Drinks,DRK-02,3,28000,84000,Digital Wallet,Take Away
7893,SUN-6656175,23-09-2023,New York Cheesecake,Dessert,DST-03,2,42000,84000,Digital Wallet,Dine in
7894,SUN-9687356,30-12-2023,Creamy Maycha Latte,Drinks,DRK-05,4,35000,140000,Cash,Dine in
7895,SUN-6977349,16-04-2023,Espreso Single,Drinks,DRK-01,4,22000,88000,Cash,Dine in
7896,SUN-8995195,08-07-2023,Club Sandwich,Food,FOD-05,3,45000,135000,Digital Wallet,Dine in
7897,SUN-8756970,21-04-2023,Beef Carbonara Pasta,Food,FOD-02,2,52000,104000,Debit Card,Dine in
7898,SUN-2511881,17-09-2023,Espreso Single,Drinks,DRK-01,3,22000,66000,Debit Card,Take Away
7899,SUN-1568581,07-03-2023,Espreso Single,Drinks,DRK-01,4,22000,88000,Debit Card,Take Away
7900,SUN-1596071,22-05-2023,Creamy Maycha Latte,Drinks,DRK-05,1,35000,35000,Cash,Dine in
7901,SUN-2792140,16-11-2023,Club Sandwich,Food,FOD-05,4,45000,180000,Debit Card,Online Order
7902,SUN-9180238,07-05-2023,Cinnamon Roll,Dessert,DST-05,1,28000,28000,Debit Card,Dine in
7903,SUN-4181976,05-09-2023,Club Sandwich,Food,FOD-05,3,45000,135000,Debit Card,Dine in
7904,SUN-3865997,05-07-2023,Cinnamon Roll,Dessert,DST-05,4,28000,112000,Cash,Dine in
7905,SUN-1539843,30-07-2023,Grill Chicken Caesar Salad,Food,FOD-04,3,42000,126000,Debit Card,Online Order
7906,SUN-8892337,25-06-2023,Cafe Latte,Drinks,DRK-03,2,32000,64000,Digital Wallet,Take Away
7907,SUN-5239928,26-01-2023,Classic Tirmaisu,Dessert,DST-01,1,38000,38000,Cash,Dine in
7908,SUN-5857012,10-12-2023,Espreso Single,Drinks,DRK-01,1,22000,22000,Debit Card,Online Order
7909,SUN-5362936,06-11-2023,Club Sandwich,Food,FOD-05,1,45000,45000,Digital Wallet,Take Away
7910,SUN-1906853,09-01-2023,Choco Lava Cake,Dessert,DST-04,4,35000,140000,Cash,Dine in
7911,SUN-3862859,22-02-2023,Cafe Latte,Drinks,DRK-03,4,32000,128000,Digital Wallet,Take Away
7912,SUN-4544043,10-08-2023,Grill Chicken Caesar Salad,Food,FOD-04,2,42000,84000,Cash,Dine in
7913,SUN-4944234,05-07-2023,Fudgy Brownies,Dessert,DST-02,4,25000,100000,Digital Wallet,Dine in
7914,SUN-4064435,11-05-2023,Creamy Maycha Latte,Drinks,DRK-05,4,35000,140000,Cash,Dine in
7915,SUN-2054255,08-12-2023,Cinnamon Roll,Dessert,DST-05,4,28000,112000,Debit Card,Take Away
7916,SUN-7426823,23-01-2023,Beef Carbonara Pasta,Food,FOD-02,2,52000,104000,Digital Wallet,Online Order
7917,SUN-9568509,11-05-2023,Nasi Goreng Kampung,Food,FOD-03,1,38000,38000,Digital Wallet,Online Order
7918,SUN-1308394,12-11-2023,Buttermilk Fried Chicken,Food,FOD-01,1,48000,48000,Digital Wallet,Take Away
7919,SUN-2139955,17-06-2023,Buttermilk Fried Chicken,Food,F0D-01,3,48000,144000,Digital Wallet,Dine in
7920,SUN-8546351,25-03-2023,Beef Carbonara Pasta,Food,FOD-02,1,52000,52000,Cash,Take Away
7921,SUN-9375093,11-12-2023,Espreso Single,Drinks,DRK-01,4,22000,88000,Debit Card,Dine in
7922,SUN-5634871,31-10-2023,Classic Tirmaisu,Dessert,DST-01,3,38000,114000,Debit Card,Dine in
7923,SUN-2830860,19-04-2023,Nasi Goreng Kampung,Food,FOD-03,4,38000,152000,Debit Card,Online Order
7924,SUN-6579166,18-02-2023,Buttermilk Fried Chicken,Food,FOD-01,4,48000,192000,Digital Wallet,Dine in
7925,SUN-6814075,15-06-2023,Cafe Latte,Drinks,DRK-03,4,32000,128000,Digital Wallet,Online Order
7926,SUN-6551278,03-12-2023,Classic Tirmaisu,Dessert,DST-01,2,38000,76000,Digital Wallet,Dine in
7927,SUN-1341818,20-05-2023,Choco Lava Cake,Dessert,DST-04,3,35000,105000,Cash,Dine in
7928,SUN-6963699,27-09-2023,Caramel Machiato,Drinks,DRK-04,3,38000,114000,Debit Card,Online Order
7929,SUN-6294879,29-05-2023,Grill Chicken Caesar Salad,Food,FOD-04,3,42000,126000,Cash,Take Away
7930,SUN-9559494,16-09-2023,Fudgy Brownies,Dessert,DST-02,3,25000,75000,Debit Card,Dine in
7931,SUN-4392560,07-06-2023,Espreso Single,Drinks,DRK-01,1,22000,22000,Debit Card,Take Away
7932,SUN-8804829,23-10-2023,New York Cheesecake,Dessert,DST-03,4,42000,168000,Cash,Take Away
7933,SUN-8245105,28-12-2023,Grill Chicken Caesar Salad,Food,FOD-04,2,42000,84000,Cash,Take Away
7934,SUN-5379028,31-01-2023,Iced Americano,Drinks,DRK-02,1,28000,28000,Digital Wallet,Dine in
7935,SUN-6606107,21-10-2023,Nasi Goreng Kampung,Food,FOD-03,4,38000,152000,Digital Wallet,Take Away
7936,SUN-5033833,15-02-2023,Classic Tirmaisu,Dessert,DST-01,4,38000,152000,Debit Card,Dine in
7937,SUN-1512574,15-01-2023,Fudgy Brownies,Dessert,DST-02,2,25000,50000,Digital Wallet,Online Order
7938,SUN-9605633,13-10-2023,Iced Americano,Drinks,DRK-02,3,28000,84000,Digital Wallet,Dine in
7939,SUN-3843727,11-08-2023,Nasi Goreng Kampung,Food,FOD-03,2,38000,76000,Digital Wallet,Dine in
7940,SUN-4917405,09-10-2023,Creamy Maycha Latte,Drinks,DRK-05,3,35000,105000,Debit Card,Take Away
7941,SUN-4582996,05-01-2023,Choco Lava Cake,Dessert,DST-04,1,35000,35000,Cash,Dine in
7942,SUN-4019563,29-11-2023,Choco Lava Cake,Dessert,DST-04,3,35000,105000,Digital Wallet,Online Order
7943,SUN-9404082,29-01-2023,Nasi Goreng Kampung,Food,FOD-03,2,38000,76000,Debit Card,Dine in
7944,SUN-4694090,05-03-2023,Nasi Goreng Kampung,Food,FOD-03,3,38000,114000,Debit Card,Take Away
7945,SUN-6764997,01-08-2023,Club Sandwich,Food,FOD-05,2,45000,90000,Cash,Dine in
7946,SUN-8595516,18-04-2023,Espreso Single,Drinks,DRK-01,4,22000,88000,Cash,Dine in
7947,SUN-1219124,15-08-2023,Choco Lava Cake,Dessert,DST-04,3,35000,105000,Debit Card,Dine in
7948,SUN-1962725,30-03-2023,Creamy Maycha Latte,Drinks,DRK-05,1,35000,35000,Debit Card,Dine in
7949,SUN-7354768,04-03-2023,Espreso Single,Drinks,DRK-01,4,22000,88000,Digital Wallet,Dine in
7950,SUN-6339417,22-10-2023,Choco Lava Cake,Dessert,DST-04,4,35000,140000,Digital Wallet,Dine in
7951,SUN-6399742,28-05-2023,Club Sandwich,Food,FOD-05,4,45000,180000,Debit Card,Dine in
7952,SUN-4676745,30-10-2023,Choco Lava Cake,Dessert,DST-04,4,35000,140000,Digital Wallet,Dine in
7953,SUN-4104662,12-05-2023,Choco Lava Cake,Dessert,DST-04,3,35000,105000,Debit Card,Online Order
7954,SUN-3286486,17-06-2023,Iced Americano,Drinks,DRK-02,3,28000,84000,Debit Card,Online Order
7955,SUN-2122861,14-09-2023,Club Sandwich,Food,FOD-05,3,45000,135000,Debit Card,Online Order
7956,SUN-1730937,07-11-2023,Cinnamon Roll,Dessert,DST-05,3,28000,84000,Debit Card,Online Order
7957,SUN-6035348,03-06-2023,Cinnamon Roll,Dessert,DST-05,2,28000,56000,Debit Card,Dine in
7958,SUN-8726418,01-01-2023,Iced Americano,Drinks,DRK-02,3,28000,84000,Cash,Dine in
7959,SUN-4736370,21-05-2023,New York Cheesecake,Dessert,DST-03,2,42000,84000,Digital Wallet,Dine in
7960,SUN-3397510,08-11-2023,Classic Tirmaisu,Dessert,DST-01,3,38000,114000,Debit Card,Dine in
7961,SUN-7426686,29-10-2023,Buttermilk Fried Chicken,Food,FOD-01,4,48000,192000,Debit Card,Dine in
7962,SUN-2716033,08-03-2023,Cinnamon Roll,Dessert,DST-05,2,28000,56000,Debit Card,Online Order
7963,SUN-9794818,02-09-2023,Iced Americano,Drinks,DRK-02,3,28000,84000,Debit Card,Take Away
7964,SUN-3501210,25-12-2023,Fudgy Brownies,Dessert,DST-02,2,25000,50000,Debit Card,Dine in
7965,SUN-4004064,10-02-2023,Classic Tirmaisu,Dessert,DST-01,2,38000,76000,Debit Card,Online Order
7966,SUN-2503437,05-07-2023,Creamy Maycha Latte,Drinks,DRK-05,3,35000,105000,Cash,Dine in
7967,SUN-1312883,17-07-2023,Fudgy Brownies,Dessert,DST-02,1,25000,25000,Digital Wallet,Dine in
7968,SUN-3680642,13-03-2023,Classic Tirmaisu,Dessert,DST-01,4,38000,152000,Debit Card,Take Away
7969,SUN-4611013,24-03-2023,Grill Chicken Caesar Salad,Food,FOD-04,1,42000,42000,Cash,Dine in
7970,SUN-9112765,07-10-2023,Fudgy Brownies,Dessert,DST-02,1,25000,25000,Digital Wallet,Dine in
7971,SUN-5266136,09-04-2023,Club Sandwich,Food,FOD-05,4,45000,180000,Debit Card,Online Order
7972,SUN-5005581,03-04-2023,Choco Lava Cake,Dessert,DST-04,2,35000,70000,Digital Wallet,Dine in
7973,SUN-7529790,12-08-2023,Beef Carbonara Pasta,Food,FOD-02,1,52000,52000,Debit Card,Dine in
7974,SUN-9218140,21-12-2023,Iced Americano,Drinks,DRK-02,2,28000,56000,Cash,Take Away
7975,SUN-3976631,12-11-2023,Creamy Maycha Latte,Drinks,DRK-05,1,35000,35000,Debit Card,Online Order
7976,SUN-8457231,22-03-2023,Espreso Single,Drinks,DRK-01,3,22000,66000,Digital Wallet,Online Order
7977,SUN-9238443,11-05-2023,Iced Americano,Drinks,DRK-02,4,28000,112000,Cash,Take Away
7978,SUN-4837143,15-12-2023,Beef Carbonara Pasta,Food,FOD-02,4,52000,208000,Cash,Dine in
7979,SUN-7043632,10-07-2023,Classic Tirmaisu,Dessert,DST-01,4,38000,152000,Cash,Dine in
7980,SUN-6426220,04-04-2023,Beef Carbonara Pasta,Food,FOD-02,4,52000,208000,Cash,Dine in
7981,SUN-4819548,29-01-2023,Buttermilk Fried Chicken,Food,FOD-01,2,48000,96000,Debit Card,Dine in
7982,SUN-9729709,23-03-2023,Fudgy Brownies,Dessert,DST-02,1,25000,25000,Digital Wallet,Dine in
7983,SUN-9979631,10-10-2023,Cafe Latte,Drinks,DRK-03,3,32000,96000,Cash,Take Away
7984,SUN-6995342,15-08-2023,Creamy Maycha Latte,Drinks,DRK-05,4,35000,140000,Debit Card,Online Order
7985,SUN-8567662,05-03-2023,Caramel Machiato,Drinks,DRK-04,1,38000,38000,Cash,Dine in
7986,SUN-9219051,25-10-2023,Classic Tirmaisu,Dessert,DST-01,1,38000,38000,Cash,Dine in
7987,SUN-8268801,26-05-2023,Iced Americano,Drinks,DRK-02,3,28000,84000,Debit Card,Take Away
7988,SUN-7681338,26-06-2023,Grill Chicken Caesar Salad,Food,FOD-04,2,42000,84000,Cash,Dine in
7989,SUN-6524723,11-04-2023,Cinnamon Roll,Dessert,DST-05,2,28000,56000,Debit Card,Online Order
7990,SUN-5373068,02-09-2023,Club Sandwich,Food,FOD-05,2,45000,90000,Debit Card,Online Order
7991,SUN-7198535,09-07-2023,Nasi Goreng Kampung,Food,FOD-03,3,38000,114000,Debit Card,Take Away
7992,SUN-8503109,11-08-2023,Caramel Machiato,Drinks,DRK-04,3,38000,114000,Digital Wallet,Online Order
7993,SUN-4422636,20-04-2023,Fudgy Brownies,Dessert,DST-02,4,25000,100000,Debit Card,Dine in
7994,SUN-5494953,10-05-2023,Beef Carbonara Pasta,Food,FOD-02,4,52000,208000,Debit Card,Online Order
7995,SUN-3291490,20-06-2023,Nasi Goreng Kampung,Food,FOD-03,1,38000,38000,Debit Card,Dine in
7996,SUN-1358137,20-04-2023,Espreso Single,Drinks,DRK-01,2,22000,44000,Digital Wallet,Online Order
7997,SUN-4294164,10-06-2023,Creamy Maycha Latte,Drinks,DRK-05,4,35000,140000,Debit Card,Online Order
7998,SUN-9731521,26-11-2023,Buttermilk Fried Chicken,Food,FOD-01,2,48000,96000,Debit Card,Online Order
7999,SUN-5670122,12-08-2023,New York Cheesecake,Dessert,DST-03,4,42000,168000,Cash,Dine in
8000,SUN-9512940,19-10-2023,Espreso Single,Drinks,DRK-01,1,22000,22000,Debit Card,Dine in
8001,SUN-1633731,15-08-2023,Buttermilk Fried Chicken,Food,FOD-01,2,48000,96000,Digital Wallet,Take Away
8002,SUN-6423507,03-08-2023,Club Sandwich,Food,FOD-05,3,45000,135000,Digital Wallet,Online Order
8003,SUN-3766143,14-07-2023,Club Sandwich,Food,FOD-05,4,45000,180000,Digital Wallet,Take Away
8004,SUN-7045577,10-12-2023,Iced Americano,Drinks,DRK-02,4,28000,112000,Cash,Take Away
8005,SUN-3964068,29-09-2023,Cinnamon Roll,Dessert,DST-05,2,28000,56000,Cash,Take Away
8006,SUN-6165664,11-02-2023,Caramel Machiato,Drinks,DRK-04,1,38000,38000,Cash,Take Away
8007,SUN-1314891,24-11-2023,Nasi Goreng Kampung,Food,FOD-03,3,38000,114000,Cash,Dine in
8008,SUN-9799436,26-03-2023,Nasi Goreng Kampung,Food,FOD-03,4,38000,152000,Digital Wallet,Take Away
8009,SUN-5922958,17-06-2023,Caramel Machiato,Drinks,DRK-04,1,38000,38000,Debit Card,Online Order
8010,SUN-9589137,13-01-2023,Club Sandwich,Food,FOD-05,1,45000,45000,Cash,Dine in
8011,SUN-4430748,12-01-2023,New York Cheesecake,Dessert,DST-03,4,42000,168000,Digital Wallet,Dine in
8012,SUN-8876502,24-04-2023,New York Cheesecake,Dessert,DST-03,2,42000,84000,Debit Card,Take Away
8013,SUN-7246413,07-10-2023,Club Sandwich,Food,FOD-05,4,45000,180000,Debit Card,Dine in
8014,SUN-9871601,01-08-2023,Buttermilk Fried Chicken,Food,FOD-01,1,48000,48000,Digital Wallet,Online Order
8015,SUN-6022672,17-06-2023,Caramel Machiato,Drinks,DRK-04,4,38000,152000,Cash,Take Away
8016,SUN-4033396,17-03-2023,Nasi Goreng Kampung,Food,FOD-03,1,38000,38000,Cash,Dine in
8017,SUN-3745856,13-10-2023,Choco Lava Cake,Dessert,DST-04,4,35000,140000,Cash,Dine in
8018,SUN-4448612,27-11-2023,Cafe Latte,Drinks,DRK-03,3,32000,96000,Digital Wallet,Take Away
8019,SUN-8989242,08-11-2023,Buttermilk Fried Chicken,Food,FOD-01,1,48000,48000,Digital Wallet,Online Order
8020,SUN-5291385,15-06-2023,Creamy Maycha Latte,Drinks,DRK-05,1,35000,35000,Digital Wallet,Take Away
8021,SUN-6253616,29-01-2023,Espreso Single,Drinks,DRK-01,2,22000,44000,Debit Card,Take Away
8022,SUN-5666906,24-11-2023,Cafe Latte,Drinks,DRK-03,4,32000,128000,Debit Card,Online Order
8023,SUN-9350234,26-05-2023,Buttermilk Fried Chicken,Food,FOD-01,1,48000,48000,Digital Wallet,Take Away
8024,SUN-1840751,16-08-2023,Grill Chicken Caesar Salad,Food,FOD-04,2,42000,84000,Debit Card,Dine in
8025,SUN-6269346,28-09-2023,Caramel Machiato,Drinks,DRK-04,2,38000,76000,Debit Card,Dine in
8026,SUN-4292433,25-12-2023,Nasi Goreng Kampung,Food,FOD-03,2,38000,76000,Debit Card,Dine in
8027,SUN-6487585,14-06-2023,Club Sandwich,Food,FOD-05,3,45000,135000,Digital Wallet,Online Order
8028,SUN-3680164,08-04-2023,Creamy Maycha Latte,Drinks,DRK-05,4,35000,140000,Debit Card,Dine in
8029,SUN-4561242,14-06-2023,Espreso Single,Drinks,DRK-01,4,22000,88000,Debit Card,Dine in
8030,SUN-9190058,26-08-2023,Classic Tirmaisu,Dessert,DST-01,1,38000,38000,Debit Card,Online Order
8031,SUN-8646745,24-06-2023,Choco Lava Cake,Dessert,DST-04,2,35000,70000,Cash,Take Away
8032,SUN-6940472,02-06-2023,Nasi Goreng Kampung,Food,FOD-03,1,38000,38000,Cash,Dine in
8033,SUN-3021799,27-12-2023,New York Cheesecake,Dessert,DST-03,3,42000,126000,Debit Card,Take Away
8034,SUN-2289967,13-08-2023,Classic Tirmaisu,Dessert,DST-01,2,38000,76000,Cash,Dine in
8035,SUN-6197621,29-03-2023,Fudgy Brownies,Dessert,DST-02,4,25000,100000,Cash,Dine in
8036,SUN-7342478,20-12-2023,Choco Lava Cake,Dessert,DST-04,4,35000,140000,Digital Wallet,Take Away
8037,SUN-4394908,01-03-2023,Buttermilk Fried Chicken,Food,FOD-01,3,48000,144000,Digital Wallet,Online Order
8038,SUN-1367996,08-05-2023,Beef Carbonara Pasta,Food,FOD-02,4,52000,208000,Debit Card,Dine in
8039,SUN-5609843,08-10-2023,Fudgy Brownies,Dessert,DST-02,4,25000,100000,Cash,Dine in
8040,SUN-6816635,18-03-2023,Beef Carbonara Pasta,Food,FOD-02,1,52000,52000,Debit Card,Online Order
8041,SUN-9573143,03-11-2023,Cafe Latte,Drinks,DRK-03,4,32000,128000,Digital Wallet,Take Away
8042,SUN-2584761,11-03-2023,Grill Chicken Caesar Salad,Food,FOD-04,4,42000,168000,Digital Wallet,Take Away
8043,SUN-6158935,17-01-2023,Fudgy Brownies,Dessert,DST-02,1,25000,25000,Debit Card,Take Away
8044,SUN-6336888,16-01-2023,Caramel Machiato,Drinks,DRK-04,4,38000,152000,Debit Card,Dine in
8045,SUN-7683087,12-08-2023,Iced Americano,Drinks,DRK-02,3,28000,84000,Cash,Take Away
8046,SUN-2794432,18-10-2023,Fudgy Brownies,Dessert,DST-02,2,25000,50000,Digital Wallet,Online Order
8047,SUN-4539889,09-11-2023,Grill Chicken Caesar Salad,Food,FOD-04,3,42000,126000,Debit Card,Dine in
8048,SUN-6467736,26-08-2023,Grill Chicken Caesar Salad,Food,FOD-04,3,42000,126000,Cash,Online Order
8049,SUN-6285043,20-09-2023,Grill Chicken Caesar Salad,Food,FOD-04,3,42000,126000,Digital Wallet,Online Order
8050,SUN-9430136,22-06-2023,Caramel Machiato,Drinks,DRK-04,4,38000,152000,Cash,Dine in
8051,SUN-9219336,23-02-2023,Caramel Machiato,Drinks,DRK-04,3,38000,114000,Cash,Take Away
8052,SUN-1217939,31-12-2023,Grill Chicken Caesar Salad,Food,FOD-04,4,42000,168000,Cash,Dine in
8053,SUN-3425383,03-03-2023,Beef Carbonara Pasta,Food,FOD-02,1,52000,52000,Cash,Dine in
8054,SUN-7579146,05-11-2023,Fudgy Brownies,Dessert,DST-02,4,25000,100000,Debit Card,Take Away
8055,SUN-5841729,12-06-2023,Club Sandwich,Food,FOD-05,3,45000,135000,Debit Card,Dine in
8056,SUN-8629387,10-06-2023,New York Cheesecake,Dessert,DST-03,4,42000,168000,Digital Wallet,Online Order
8057,SUN-3539188,17-05-2023,Espreso Single,Drinks,DRK-01,1,22000,22000,Debit Card,Online Order
8058,SUN-7516783,11-04-2023,Choco Lava Cake,Dessert,DST-04,4,35000,140000,Debit Card,Dine in
8059,SUN-7212122,03-03-2023,Buttermilk Fried Chicken,Food,FOD-01,2,48000,96000,Cash,Dine in
8060,SUN-1195846,06-08-2023,Nasi Goreng Kampung,Food,FOD-03,2,38000,76000,Digital Wallet,Take Away
8061,SUN-6589073,09-07-2023,Buttermilk Fried Chicken,Food,FOD-01,3,48000,144000,Digital Wallet,Dine in
8062,SUN-5268348,25-07-2023,Buttermilk Fried Chicken,Food,FOD-01,3,48000,144000,Debit Card,Online Order
8063,SUN-3774147,11-03-2023,Beef Carbonara Pasta,Food,FOD-02,4,52000,208000,Debit Card,Online Order
8064,SUN-2592897,30-01-2023,Iced Americano,Drinks,DRK-02,2,28000,56000,Digital Wallet,Take Away
8065,SUN-2113632,29-01-2023,Creamy Maycha Latte,Drinks,DRK-05,1,35000,35000,Digital Wallet,Dine in
8066,SUN-4990466,19-04-2023,Caramel Machiato,Drinks,DRK-04,2,38000,76000,Debit Card,Dine in
8067,SUN-9114001,28-06-2023,Fudgy Brownies,Dessert,DST-02,4,25000,100000,Debit Card,Online Order
8068,SUN-6466221,06-03-2023,Choco Lava Cake,Dessert,DST-04,2,35000,70000,Debit Card,Dine in
8069,SUN-4914679,09-12-2023,Club Sandwich,Food,FOD-05,4,45000,180000,Debit Card,Take Away
8070,SUN-6743055,20-08-2023,Fudgy Brownies,Dessert,DST-02,2,25000,50000,Debit Card,Dine in
8071,SUN-8400859,25-02-2023,Club Sandwich,Food,FOD-05,1,45000,45000,Digital Wallet,Online Order
8072,SUN-3320013,02-04-2023,Choco Lava Cake,Dessert,DST-04,1,35000,35000,Digital Wallet,Dine in
8073,SUN-8249525,14-03-2023,Beef Carbonara Pasta,Food,FOD-02,2,52000,104000,Debit Card,Take Away
8074,SUN-2496219,04-02-2023,Buttermilk Fried Chicken,Food,FOD-01,4,48000,192000,Digital Wallet,Dine in
8075,SUN-2429904,06-07-2023,Caramel Machiato,Drinks,DRK-04,3,38000,114000,Digital Wallet,Take Away
8076,SUN-8402998,12-06-2023,Creamy Maycha Latte,Drinks,DRK-05,1,35000,35000,Digital Wallet,Online Order
8077,SUN-7052338,13-12-2023,Cafe Latte,Drinks,DRK-03,4,32000,128000,Digital Wallet,Take Away
8078,SUN-3435079,18-09-2023,Fudgy Brownies,Dessert,DST-02,2,25000,50000,Debit Card,Online Order
8079,SUN-5535781,14-06-2023,Grill Chicken Caesar Salad,Food,FOD-04,2,42000,84000,Debit Card,Dine in
8080,SUN-9919942,18-12-2023,Club Sandwich,Food,FOD-05,3,45000,135000,Cash,Take Away
8081,SUN-3355209,18-03-2023,Cinnamon Roll,Dessert,DST-05,1,28000,28000,Cash,Dine in
8082,SUN-3251600,20-01-2023,Cinnamon Roll,Dessert,DST-05,1,28000,28000,Debit Card,Online Order
8083,SUN-1556998,29-07-2023,Club Sandwich,Food,FOD-05,4,45000,180000,Debit Card,Take Away
8084,SUN-6735847,18-03-2023,Classic Tirmaisu,Dessert,DST-01,2,38000,76000,Digital Wallet,Online Order
8085,SUN-5832259,28-04-2023,Cinnamon Roll,Dessert,DST-05,2,28000,56000,Debit Card,Dine in
8086,SUN-5789063,09-08-2023,Caramel Machiato,Drinks,DRK-04,3,38000,114000,Debit Card,Dine in
8087,SUN-2769827,11-02-2023,Fudgy Brownies,Dessert,DST-02,1,25000,25000,Debit Card,Online Order
8088,SUN-4012806,30-05-2023,Caramel Machiato,Drinks,DRK-04,4,38000,152000,Digital Wallet,Take Away
8089,SUN-8573789,18-08-2023,Espreso Single,Drinks,DRK-01,1,22000,22000,Digital Wallet,Take Away
8090,SUN-4749880,25-07-2023,Iced Americano,Drinks,DRK-02,4,28000,112000,Cash,Take Away
8091,SUN-5978167,08-06-2023,Nasi Goreng Kampung,Food,FOD-03,3,38000,114000,Digital Wallet,Dine in
8092,SUN-6292273,11-06-2023,Fudgy Brownies,Dessert,DST-02,2,25000,50000,Debit Card,Dine in
8093,SUN-3872676,15-12-2023,Creamy Maycha Latte,Drinks,DRK-05,3,35000,105000,Digital Wallet,Dine in
8094,SUN-6298710,02-01-2023,Espreso Single,Drinks,DRK-01,3,22000,66000,Digital Wallet,Dine in
8095,SUN-7833219,21-05-2023,Choco Lava Cake,Dessert,DST-04,1,35000,35000,Cash,Dine in
8096,SUN-4298176,28-03-2023,Creamy Maycha Latte,Drinks,DRK-05,4,35000,140000,Debit Card,Online Order
8097,SUN-3994230,25-02-2023,Caramel Machiato,Drinks,DRK-04,2,38000,76000,Digital Wallet,Take Away
8098,SUN-6075810,03-06-2023,Classic Tirmaisu,Dessert,DST-01,3,38000,114000,Digital Wallet,Dine in
8099,SUN-8505003,29-04-2023,Classic Tirmaisu,Dessert,DST-01,1,38000,38000,Digital Wallet,Online Order
8100,SUN-3785644,02-01-2023,Nasi Goreng Kampung,Food,FOD-03,4,38000,152000,Digital Wallet,Online Order
8101,SUN-4979185,24-06-2023,Buttermilk Fried Chicken,Food,FOD-01,1,48000,48000,Digital Wallet,Take Away
8102,SUN-7311366,07-04-2023,Buttermilk Fried Chicken,Food,FOD-01,2,48000,96000,Debit Card,Dine in
8103,SUN-7834830,16-04-2023,Buttermilk Fried Chicken,Food,FOD-01,2,48000,96000,Cash,Take Away
8104,SUN-5311287,30-05-2023,Classic Tirmaisu,Dessert,DST-01,2,38000,76000,Cash,Take Away
8105,SUN-2577305,04-06-2023,Iced Americano,Drinks,DRK-02,3,28000,84000,Digital Wallet,Online Order
8106,SUN-9633126,06-11-2023,Iced Americano,Drinks,DRK-02,1,28000,28000,Cash,Take Away
8107,SUN-4745992,15-09-2023,Classic Tirmaisu,Dessert,DST-01,1,38000,38000,Debit Card,Online Order
8108,SUN-7989451,15-12-2023,Espreso Single,Drinks,DRK-01,4,22000,88000,Cash,Take Away
8109,SUN-6526585,07-10-2023,Espreso Single,Drinks,DRK-01,2,22000,44000,Debit Card,Online Order
8110,SUN-3898444,17-09-2023,Choco Lava Cake,Dessert,DST-04,2,35000,70000,Debit Card,Dine in
8111,SUN-4445776,04-08-2023,New York Cheesecake,Dessert,DST-03,4,42000,168000,Debit Card,Online Order
8112,SUN-1259317,21-09-2023,Grill Chicken Caesar Salad,Food,FOD-04,2,42000,84000,Digital Wallet,Take Away
8113,SUN-9559688,25-06-2023,Iced Americano,Drinks,DRK-02,2,28000,56000,Digital Wallet,Take Away
8114,SUN-7604890,10-12-2023,Buttermilk Fried Chicken,Food,FOD-01,2,48000,96000,Digital Wallet,Online Order
8115,SUN-6624871,11-02-2023,Buttermilk Fried Chicken,Food,FOD-01,1,48000,48000,Cash,Take Away
8116,SUN-7630047,01-08-2023,Beef Carbonara Pasta,Food,FOD-02,3,52000,156000,Digital Wallet,Take Away
8117,SUN-5215416,01-09-2023,New York Cheesecake,Dessert,DST-03,4,42000,168000,Cash,Take Away
8118,SUN-2990241,18-12-2023,Nasi Goreng Kampung,Food,FOD-03,4,38000,152000,Digital Wallet,Online Order
8119,SUN-5088202,26-03-2023,Caramel Machiato,Drinks,DRK-04,1,38000,38000,Digital Wallet,Dine in
8120,SUN-8235390,14-12-2023,Caramel Machiato,Drinks,DRK-04,1,38000,38000,Debit Card,Online Order
8121,SUN-2656188,27-09-2023,New York Cheesecake,Dessert,DST-03,3,42000,126000,Cash,Dine in
8122,SUN-1291271,17-03-2023,Beef Carbonara Pasta,Food,FOD-02,4,52000,208000,Cash,Dine in
8123,SUN-9541364,15-12-2023,Creamy Maycha Latte,Drinks,DRK-05,4,35000,140000,Debit Card,Dine in
8124,SUN-1603937,15-04-2023,Cinnamon Roll,Dessert,DST-05,3,28000,84000,Cash,Online Order
8125,SUN-4964186,08-11-2023,Caramel Machiato,Drinks,DRK-04,1,38000,38000,Debit Card,Online Order
8126,SUN-4470305,19-01-2023,Grill Chicken Caesar Salad,Food,FOD-04,3,42000,126000,Debit Card,Dine in
8127,SUN-4669020,11-04-2023,Club Sandwich,Food,FOD-05,1,45000,45000,Digital Wallet,Take Away
8128,SUN-2345040,11-10-2023,Beef Carbonara Pasta,Food,FOD-02,1,52000,52000,Debit Card,Take Away
8129,SUN-3375493,19-06-2023,Cafe Latte,Drinks,DRK-03,1,32000,32000,Cash,Dine in
8130,SUN-3284167,14-02-2023,Nasi Goreng Kampung,Food,FOD-03,3,38000,114000,Digital Wallet,Dine in
8131,SUN-3413697,12-06-2023,Buttermilk Fried Chicken,Food,FOD-01,1,48000,48000,Debit Card,Online Order
8132,SUN-3231613,30-01-2023,Grill Chicken Caesar Salad,Food,FOD-04,4,42000,168000,Debit Card,Dine in
8133,SUN-8374223,08-10-2023,Club Sandwich,Food,FOD-05,1,45000,45000,Digital Wallet,Online Order
8134,SUN-9837860,29-11-2023,Caramel Machiato,Drinks,DRK-04,1,38000,38000,Digital Wallet,Dine in
8135,SUN-8174934,02-06-2023,Fudgy Brownies,Dessert,DST-02,4,25000,100000,Digital Wallet,Take Away
8136,SUN-1651988,22-10-2023,Caramel Machiato,Drinks,DRK-04,1,38000,38000,Debit Card,Take Away
8137,SUN-5987778,09-05-2023,Classic Tirmaisu,Dessert,DST-01,3,38000,114000,Cash,Dine in
8138,SUN-8614281,15-09-2023,Iced Americano,Drinks,DRK-02,4,28000,112000,Debit Card,Take Away
8139,SUN-8619394,03-08-2023,Iced Americano,Drinks,DRK-02,1,28000,28000,Debit Card,Dine in
8140,SUN-3974919,25-01-2023,Espreso Single,Drinks,DRK-01,2,22000,44000,Cash,Online Order
8141,SUN-4582563,28-07-2023,Choco Lava Cake,Dessert,DST-04,1,35000,35000,Digital Wallet,Dine in
8142,SUN-2033925,23-03-2023,Iced Americano,Drinks,DRK-02,1,28000,28000,Cash,Take Away
8143,SUN-4156801,04-11-2023,Fudgy Brownies,Dessert,DST-02,4,25000,100000,Cash,Take Away
8144,SUN-4432758,11-03-2023,Iced Americano,Drinks,DRK-02,2,28000,56000,Debit Card,Online Order
8145,SUN-3691602,05-12-2023,Cinnamon Roll,Dessert,DST-05,2,28000,56000,Digital Wallet,Online Order
8146,SUN-2859738,04-07-2023,Creamy Maycha Latte,Drinks,DRK-05,3,35000,105000,Debit Card,Dine in
8147,SUN-9413971,10-11-2023,Fudgy Brownies,Dessert,DST-02,1,25000,25000,Cash,Dine in
8148,SUN-5795546,06-10-2023,Espreso Single,Drinks,DRK-01,2,22000,44000,Cash,Online Order
8149,SUN-2603716,28-12-2023,Classic Tirmaisu,Dessert,DST-01,2,38000,76000,Debit Card,Dine in
8150,SUN-7154297,07-07-2023,New York Cheesecake,Dessert,DST-03,1,42000,42000,Digital Wallet,Online Order
8151,SUN-9166928,29-07-2023,Beef Carbonara Pasta,Food,FOD-02,3,52000,156000,Digital Wallet,Online Order
8152,SUN-4683782,07-08-2023,Beef Carbonara Pasta,Food,FOD-02,4,52000,208000,Digital Wallet,Dine in
8153,SUN-1669194,31-05-2023,New York Cheesecake,Dessert,DST-03,2,42000,84000,Digital Wallet,Online Order
8154,SUN-4317340,15-05-2023,Choco Lava Cake,Dessert,DST-04,2,35000,70000,Digital Wallet,Dine in
8155,SUN-7998463,16-09-2023,Classic Tirmaisu,Dessert,DST-01,1,38000,38000,Debit Card,Dine in
8156,SUN-5122479,06-12-2023,Buttermilk Fried Chicken,Food,FOD-01,2,48000,96000,Debit Card,Online Order
8157,SUN-6452365,14-11-2023,Club Sandwich,Food,FOD-05,1,45000,45000,Digital Wallet,Dine in
8158,SUN-6211272,12-08-2023,Espreso Single,Drinks,DRK-01,2,22000,44000,Digital Wallet,Dine in
8159,SUN-2584939,18-09-2023,Grill Chicken Caesar Salad,Food,FOD-04,4,42000,168000,Debit Card,Dine in
8160,SUN-1852357,10-06-2023,Caramel Machiato,Drinks,DRK-04,1,38000,38000,Debit Card,Take Away
8161,SUN-6824540,30-07-2023,Grill Chicken Caesar Salad,Food,FOD-04,2,42000,84000,Cash,Take Away
8162,SUN-7512055,15-04-2023,Choco Lava Cake,Dessert,DST-04,2,35000,70000,Debit Card,Dine in
8163,SUN-3715883,01-03-2023,Choco Lava Cake,Dessert,DST-04,2,35000,70000,Digital Wallet,Take Away
8164,SUN-5215199,22-02-2023,Cafe Latte,Drinks,DRK-03,2,32000,64000,Digital Wallet,Dine in
8165,SUN-5542354,22-09-2023,Choco Lava Cake,Dessert,DST-04,1,35000,35000,Debit Card,Online Order
8166,SUN-1523601,05-03-2023,Club Sandwich,Food,FOD-05,4,45000,180000,Digital Wallet,Online Order
8167,SUN-6728500,28-11-2023,Creamy Maycha Latte,Drinks,DRK-05,1,35000,35000,Cash,Dine in
8168,SUN-8213003,14-03-2023,Grill Chicken Caesar Salad,Food,FOD-04,1,42000,42000,Digital Wallet,Dine in
8169,SUN-6256467,17-06-2023,Grill Chicken Caesar Salad,Food,FOD-04,4,42000,168000,Cash,Take Away
8170,SUN-1821936,23-02-2023,Creamy Maycha Latte,Drinks,DRK-05,2,35000,70000,Debit Card,Take Away
8171,SUN-5465144,13-11-2023,New York Cheesecake,Dessert,DST-03,1,42000,42000,Debit Card,Online Order
8172,SUN-4479106,14-10-2023,Espreso Single,Drinks,DRK-01,2,22000,44000,Debit Card,Dine in
8173,SUN-4079421,05-08-2023,New York Cheesecake,Dessert,DST-03,1,42000,42000,Debit Card,Dine in
8174,SUN-1279851,11-06-2023,Caramel Machiato,Drinks,DRK-04,4,38000,152000,Digital Wallet,Online Order
8175,SUN-5130647,07-04-2023,Choco Lava Cake,Dessert,DST-04,2,35000,70000,Debit Card,Online Order
8176,SUN-9265741,05-03-2023,Espreso Single,Drinks,DRK-01,1,22000,22000,Debit Card,Online Order
8177,SUN-2208939,24-12-2023,Espreso Single,Drinks,DRK-01,1,22000,22000,Digital Wallet,Dine in
8178,SUN-2553344,24-01-2023,New York Cheesecake,Dessert,DST-03,4,42000,168000,Digital Wallet,Take Away
8179,SUN-3781794,29-09-2023,Cinnamon Roll,Dessert,DST-05,2,28000,56000,Digital Wallet,Take Away
8180,SUN-9219890,11-09-2023,Classic Tirmaisu,Dessert,DST-01,2,38000,76000,Debit Card,Online Order
8181,SUN-1938248,24-12-2023,Cinnamon Roll,Dessert,DST-05,3,28000,84000,Debit Card,Dine in
8182,SUN-9444424,18-08-2023,Cinnamon Roll,Dessert,DST-05,1,28000,28000,Cash,Take Away
8183,SUN-1247150,11-08-2023,Beef Carbonara Pasta,Food,FOD-02,1,52000,52000,Digital Wallet,Dine in
8184,SUN-9262196,22-09-2023,New York Cheesecake,Dessert,DST-03,2,42000,84000,Debit Card,Dine in
8185,SUN-8027184,29-09-2023,Espreso Single,Drinks,DRK-01,3,22000,66000,Debit Card,Take Away
8186,SUN-6128890,14-01-2023,Nasi Goreng Kampung,Food,FOD-03,4,38000,152000,Debit Card,Take Away
8187,SUN-5780190,11-04-2023,Buttermilk Fried Chicken,Food,FOD-01,3,48000,144000,Digital Wallet,Take Away
8188,SUN-3682663,05-07-2023,Creamy Maycha Latte,Drinks,DRK-05,2,35000,70000,Cash,Dine in
8189,SUN-9643851,13-07-2023,Grill Chicken Caesar Salad,Food,FOD-04,2,42000,84000,Digital Wallet,Dine in
8190,SUN-9543737,24-09-2023,Iced Americano,Drinks,DRK-02,1,28000,28000,Digital Wallet,Online Order
8191,SUN-1529617,21-05-2023,New York Cheesecake,Dessert,DST-03,2,42000,84000,Digital Wallet,Online Order
8192,SUN-9779312,27-05-2023,Beef Carbonara Pasta,Food,FOD-02,3,52000,156000,Cash,Dine in
8193,SUN-7957935,08-09-2023,Espreso Single,Drinks,DRK-01,3,22000,66000,Digital Wallet,Dine in
8194,SUN-9006005,08-09-2023,Cinnamon Roll,Dessert,DST-04,1,28000,28000,Digital Wallet,Online Order
8195,SUN-9158422,11-12-2023,Nasi Goreng Kampung,Food,FOD-03,4,38000,152000,Debit Card,Take Away
8196,SUN-3233922,11-12-2023,Choco Lava Cake,Dessert,DST-04,1,35000,35000,Digital Wallet,Online Order
8197,SUN-3100733,23-07-2023,Caramel Machiato,Drinks,DRK-04,2,38000,76000,Debit Card,Dine in
8198,SUN-7664970,25-07-2023,Fudgy Brownies,Dessert,DST-02,2,25000,50000,Digital Wallet,Dine in
8199,SUN-7787675,03-01-2023,Grill Chicken Caesar Salad,Food,FOD-04,1,42000,42000,Digital Wallet,Online Order
8200,SUN-3774537,02-10-2023,Cafe Latte,Drinks,DRK-03,2,32000,64000,Digital Wallet,Online Order
8201,SUN-7844891,26-04-2023,Grill Chicken Caesar Salad,Food,FOD-04,4,42000,168000,Cash,Take Away
8202,SUN-3471994,02-09-2023,Club Sandwich,Food,FOD-05,3,45000,135000,Debit Card,Dine in
8203,SUN-4849944,16-07-2023,Nasi Goreng Kampung,Food,FOD-03,4,38000,152000,Digital Wallet,Dine in
8204,SUN-7499741,14-12-2023,Cafe Latte,Drinks,DRK-03,1,32000,32000,Digital Wallet,Dine in
8205,SUN-6524556,17-10-2023,Buttermilk Fried Chicken,Food,FOD-01,4,48000,192000,Debit Card,Dine in
8206,SUN-5260302,25-12-2023,Espreso Single,Drinks,DRK-01,2,22000,44000,Debit Card,Online Order
8207,SUN-5958666,02-08-2023,Nasi Goreng Kampung,Food,FOD-03,3,38000,114000,Debit Card,Dine in
8208,SUN-8936304,22-03-2023,Caramel Machiato,Drinks,DRK-04,2,38000,76000,Digital Wallet,Online Order
8209,SUN-7310127,15-03-2023,Cafe Latte,Drinks,DRK-03,1,32000,32000,Digital Wallet,Take Away
8210,SUN-5358989,04-02-2023,Grill Chicken Caesar Salad,Food,FOD-04,4,42000,168000,Cash,Take Away
8211,SUN-9794055,11-08-2023,Beef Carbonara Pasta,Food,FOD-02,2,52000,104000,Cash,Dine in
8212,SUN-7616674,23-11-2023,Nasi Goreng Kampung,Food,FOD-03,4,38000,152000,Debit Card,Online Order
8213,SUN-5369975,17-11-2023,New York Cheesecake,Dessert,DST-03,1,42000,42000,Debit Card,Dine in
8214,SUN-3330305,30-05-2023,New York Cheesecake,Dessert,DST-03,1,42000,42000,Digital Wallet,Dine in
8215,SUN-9572738,09-07-2023,Creamy Maycha Latte,Drinks,DRK-05,1,35000,35000,Debit Card,Online Order
8216,SUN-6281695,26-02-2023,Beef Carbonara Pasta,Food,FOD-02,2,52000,104000,Cash,Take Away
8217,SUN-8457680,05-11-2023,Caramel Machiato,Drinks,DRK-04,1,38000,38000,Digital Wallet,Take Away
8218,SUN-6143940,13-10-2023,Fudgy Brownies,Dessert,DST-02,1,25000,25000,Debit Card,Online Order
8219,SUN-7830805,15-07-2023,Buttermilk Fried Chicken,Food,FOD-01,2,48000,96000,Cash,Dine in
8220,SUN-7204169,26-12-2023,Beef Carbonara Pasta,Food,FOD-02,2,52000,104000,Digital Wallet,Take Away
8221,SUN-3749172,23-01-2023,Iced Americano,Drinks,DRK-02,2,28000,56000,Debit Card,Take Away
8222,SUN-5364032,16-01-2023,Cafe Latte,Drinks,DRK-03,1,32000,32000,Debit Card,Dine in
8223,SUN-4218575,22-12-2023,Creamy Maycha Latte,Drinks,DRK-05,1,35000,35000,Cash,Take Away
8224,SUN-3854400,05-10-2023,Choco Lava Cake,Dessert,DST-04,2,35000,70000,Debit Card,Take Away
8225,SUN-8304934,17-01-2023,Cafe Latte,Drinks,DRK-03,2,32000,64000,Digital Wallet,Dine in
8226,SUN-8339785,18-11-2023,New York Cheesecake,Dessert,DST-03,2,42000,84000,Cash,Dine in
8227,SUN-8946415,23-01-2023,Classic Tirmaisu,Dessert,DST-01,2,38000,76000,Debit Card,Dine in
8228,SUN-4977705,27-07-2023,Nasi Goreng Kampung,Food,FOD-03,3,38000,114000,Cash,Take Away
8229,SUN-1532916,26-08-2023,Espreso Single,Drinks,DRK-01,4,22000,88000,Cash,Dine in
8230,SUN-6984654,12-01-2023,Choco Lava Cake,Dessert,DST-04,1,35000,35000,Debit Card,Online Order
8231,SUN-9327228,25-10-2023,Fudgy Brownies,Dessert,DST-02,2,25000,50000,Debit Card,Online Order
8232,SUN-2113101,20-03-2023,Espreso Single,Drinks,DRK-01,3,22000,66000,Cash,Take Away
8233,SUN-3880373,20-03-2023,Cafe Latte,Drinks,DRK-03,4,32000,128000,Cash,Take Away
8234,SUN-1642535,02-11-2023,Buttermilk Fried Chicken,Food,FOD-01,2,48000,96000,Cash,Dine in
8235,SUN-2508479,14-11-2023,Cafe Latte,Drinks,DRK-03,1,32000,32000,Cash,Dine in
8236,SUN-7865482,26-11-2023,Choco Lava Cake,Dessert,DST-04,2,35000,70000,Debit Card,Dine in
8237,SUN-6611391,15-09-2023,Creamy Maycha Latte,Drinks,DRK-05,3,35000,105000,Cash,Dine in
8238,SUN-7184996,30-07-2023,Fudgy Brownies,Dessert,DST-02,3,25000,75000,Cash,Dine in
8239,SUN-7293661,02-02-2023,Creamy Maycha Latte,Drinks,DRK-05,4,35000,140000,Digital Wallet,Take Away
8240,SUN-3664828,09-06-2023,Cafe Latte,Drinks,DRK-03,3,32000,96000,Cash,Take Away
8241,SUN-3466256,11-06-2023,Nasi Goreng Kampung,Food,FOD-03,3,38000,114000,Cash,Dine in
8242,SUN-2919907,21-08-2023,Creamy Maycha Latte,Drinks,DRK-05,4,35000,140000,Debit Card,Dine in
8243,SUN-5625821,21-11-2023,Caramel Machiato,Drinks,DRK-04,3,38000,114000,Cash,Online Order
8244,SUN-6829732,19-11-2023,Buttermilk Fried Chicken,Food,FOD-01,1,48000,48000,Digital Wallet,Dine in
8245,SUN-1611776,13-06-2023,Beef Carbonara Pasta,Food,FOD-02,4,52000,208000,Digital Wallet,Online Order
8246,SUN-2537921,21-03-2023,Creamy Maycha Latte,Drinks,DRK-05,3,35000,105000,Digital Wallet,Dine in
8247,SUN-6420376,12-11-2023,Cinnamon Roll,Dessert,DST-04,1,28000,28000,Digital Wallet,Dine in
8248,SUN-7253618,15-12-2023,Iced Americano,Drinks,DRK-02,1,28000,28000,Digital Wallet,Take Away
8249,SUN-4564517,17-03-2023,Iced Americano,Drinks,DRK-02,1,28000,28000,Debit Card,Take Away
8250,SUN-9348234,08-09-2023,New York Cheesecake,Dessert,DST-03,4,42000,168000,Debit Card,Dine in
8251,SUN-3610110,15-11-2023,Grill Chicken Caesar Salad,Food,FOD-04,2,42000,84000,Cash,Dine in
8252,SUN-1258313,28-06-2023,New York Cheesecake,Dessert,DST-03,1,42000,42000,Debit Card,Take Away
8253,SUN-5941135,12-09-2023,Buttermilk Fried Chicken,Food,FOD-01,4,48000,192000,Debit Card,Take Away
8254,SUN-1217477,02-03-2023,Choco Lava Cake,Dessert,DST-04,3,35000,105000,Debit Card,Dine in
8255,SUN-2502957,10-01-2023,Cafe Latte,Drinks,DRK-03,2,32000,64000,Debit Card,Online Order
8256,SUN-1733367,11-03-2023,Espreso Single,Drinks,DRK-01,1,22000,22000,Digital Wallet,Dine in
8257,SUN-9154595,08-02-2023,Buttermilk Fried Chicken,Food,FOD-01,3,48000,144000,Debit Card,Online Order
8258,SUN-7374524,26-01-2023,Classic Tirmaisu,Dessert,DST-01,2,38000,76000,Cash,Take Away
8259,SUN-5268507,27-09-2023,Fudgy Brownies,Dessert,DST-02,3,25000,75000,Debit Card,Dine in
8260,SUN-9298711,16-03-2023,Classic Tirmaisu,Dessert,DST-01,1,38000,38000,Cash,Dine in
8261,SUN-8826383,03-11-2023,Cinnamon Roll,Dessert,DST-04,3,28000,84000,Digital Wallet,Dine in
8262,SUN-1426436,23-07-2023,Club Sandwich,Food,FOD-05,2,45000,90000,Digital Wallet,Online Order
8263,SUN-7152204,16-05-2023,Caramel Machiato,Drinks,DRK-04,1,38000,38000,Digital Wallet,Dine in
8264,SUN-7482847,14-01-2023,Classic Tirmaisu,Dessert,DST-01,1,38000,38000,Debit Card,Dine in
8265,SUN-2211724,08-04-2023,Classic Tirmaisu,Dessert,DST-01,1,38000,38000,Digital Wallet,Online Order
8266,SUN-4948640,27-08-2023,Creamy Maycha Latte,Drinks,DRK-05,4,35000,140000,Debit Card,Take Away
8267,SUN-3959990,22-12-2023,Cinnamon Roll,Dessert,DST-05,4,28000,112000,Debit Card,Dine in
8268,SUN-7838491,10-05-2023,Grill Chicken Caesar Salad,Food,FOD-04,3,42000,126000,Cash,Dine in
8269,SUN-5842188,06-11-2023,Espreso Single,Drinks,DRK-01,1,22000,22000,Cash,Dine in
8270,SUN-2911758,01-05-2023,Classic Tirmaisu,Dessert,DST-01,1,38000,38000,Cash,Take Away
8271,SUN-5193528,30-12-2023,Classic Tirmaisu,Dessert,DST-01,2,38000,76000,Digital Wallet,Dine in
8272,SUN-2157097,11-06-2023,Fudgy Brownies,Dessert,DST-02,2,25000,50000,Debit Card,Take Away
8273,SUN-4013750,06-03-2023,Iced Americano,Drinks,DRK-02,1,28000,28000,Digital Wallet,Online Order
8274,SUN-1000521,08-09-2023,New York Cheesecake,Dessert,DST-03,4,42000,168000,Debit Card,Online Order
8275,SUN-7738932,05-07-2023,Caramel Machiato,Drinks,DRK-04,2,38000,76000,Debit Card,Dine in
8276,SUN-3269434,20-11-2023,Caramel Machiato,Drinks,DRK-04,1,38000,38000,Debit Card,Dine in
8277,SUN-7592786,05-02-2023,Club Sandwich,Food,FOD-05,1,45000,45000,Digital Wallet,Dine in
8278,SUN-7756907,13-08-2023,Choco Lava Cake,Dessert,DST-04,2,35000,70000,Digital Wallet,Dine in
8279,SUN-2496038,05-09-2023,Espreso Single,Drinks,DRK-01,2,22000,44000,Digital Wallet,Dine in
8280,SUN-3743034,29-11-2023,Beef Carbonara Pasta,Food,FOD-02,2,52000,104000,Debit Card,Dine in
8281,SUN-2590379,29-05-2023,Choco Lava Cake,Dessert,DST-04,4,35000,140000,Cash,Dine in
8282,SUN-7421476,29-04-2023,Club Sandwich,Food,FOD-05,1,45000,45000,Debit Card,Online Order
8283,SUN-7639725,01-02-2023,Club Sandwich,Food,FOD-05,3,45000,135000,Digital Wallet,Dine in
8284,SUN-6390352,25-09-2023,Fudgy Brownies,Dessert,DST-02,4,25000,100000,Debit Card,Online Order
8285,SUN-3073893,25-02-2023,New York Cheesecake,Dessert,DST-03,4,42000,168000,Digital Wallet,Take Away
8286,SUN-9726376,29-10-2023,Creamy Maycha Latte,Drinks,DRK-05,1,35000,35000,Debit Card,Dine in
8287,SUN-8727152,29-11-2023,Cinnamon Roll,Dessert,DST-05,1,28000,28000,Debit Card,Dine in
8288,SUN-4910073,28-10-2023,Cinnamon Roll,Dessert,DST-05,2,28000,56000,Cash,Take Away
8289,SUN-4522701,17-11-2023,Creamy Maycha Latte,Drinks,DRK-05,3,35000,105000,Debit Card,Online Order
8290,SUN-5217724,25-03-2023,New York Cheesecake,Dessert,DST-03,2,42000,84000,Debit Card,Online Order
8291,SUN-9008431,15-12-2023,Club Sandwich,Food,FOD-05,4,45000,180000,Digital Wallet,Online Order
8292,SUN-3965339,20-02-2023,Club Sandwich,Food,FOD-05,1,45000,45000,Cash,Dine in
8293,SUN-6499819,24-11-2023,Buttermilk Fried Chicken,Food,FOD-01,3,48000,144000,Digital Wallet,Dine in
8294,SUN-7139973,28-04-2023,Iced Americano,Drinks,DRK-02,3,28000,84000,Debit Card,Take Away
8295,SUN-4978812,15-07-2023,Espreso Single,Drinks,DRK-01,3,22000,66000,Digital Wallet,Dine in
8296,SUN-5475701,14-06-2023,New York Cheesecake,Dessert,DST-03,4,42000,168000,Digital Wallet,Online Order
8297,SUN-2212076,08-07-2023,Grill Chicken Caesar Salad,Food,FOD-04,1,42000,42000,Digital Wallet,Online Order
8298,SUN-7746680,19-11-2023,Club Sandwich,Food,FOD-05,4,45000,180000,Debit Card,Take Away
8299,SUN-3449946,03-08-2023,Nasi Goreng Kampung,Food,FOD-03,2,38000,76000,Digital Wallet,Dine in
8300,SUN-3030767,19-01-2023,Cinnamon Roll,Dessert,DST-05,4,28000,112000,Debit Card,Online Order
8301,SUN-2010105,07-10-2023,Grill Chicken Caesar Salad,Food,FOD-04,4,42000,168000,Debit Card,Take Away
8302,SUN-3301969,09-09-2023,Grill Chicken Caesar Salad,Food,FOD-04,4,42000,168000,Debit Card,Take Away
8303,SUN-5615668,14-03-2023,Buttermilk Fried Chicken,Food,FOD-01,2,48000,96000,Debit Card,Dine in
8304,SUN-1523902,20-10-2023,Espreso Single,Drinks,DRK-01,1,22000,22000,Cash,Dine in
8305,SUN-9134694,12-06-2023,New York Cheesecake,Dessert,DST-03,1,42000,42000,Digital Wallet,Online Order
8306,SUN-2218244,07-10-2023,New York Cheesecake,Dessert,DST-03,4,42000,168000,Digital Wallet,Online Order
8307,SUN-2746051,26-05-2023,Club Sandwich,Food,FOD-05,3,45000,135000,Debit Card,Dine in
8308,SUN-7439764,15-10-2023,Iced Americano,Drinks,DRK-02,1,28000,28000,Digital Wallet,Online Order
8309,SUN-3195960,16-10-2023,Espreso Single,Drinks,DRK-01,1,22000,22000,Digital Wallet,Dine in
8310,SUN-2920985,14-05-2023,Grill Chicken Caesar Salad,Food,FOD-04,4,42000,168000,Cash,Dine in
8311,SUN-9616663,17-01-2023,Iced Americano,Drinks,DRK-02,1,28000,28000,Digital Wallet,Online Order
8312,SUN-6694626,16-06-2023,Nasi Goreng Kampung,Food,FOD-03,3,38000,114000,Digital Wallet,Online Order
8313,SUN-1880910,22-08-2023,Grill Chicken Caesar Salad,Food,FOD-04,3,42000,126000,Cash,Take Away
8314,SUN-7605879,18-02-2023,Grill Chicken Caesar Salad,Food,FOD-04,1,42000,42000,Digital Wallet,Take Away
8315,SUN-5295437,02-02-2023,New York Cheesecake,Dessert,DST-03,1,42000,42000,Debit Card,Online Order
8316,SUN-2819631,20-07-2023,Nasi Goreng Kampung,Food,FOD-03,3,38000,114000,Digital Wallet,Take Away
8317,SUN-4291233,17-07-2023,Classic Tirmaisu,Dessert,DST-01,1,38000,38000,Debit Card,Dine in
8318,SUN-6296667,09-04-2023,Grill Chicken Caesar Salad,Food,FOD-04,1,42000,42000,Debit Card,Online Order
8319,SUN-2046873,23-03-2023,Classic Tirmaisu,Dessert,DST-01,1,38000,38000,Digital Wallet,Dine in
8320,SUN-2575755,30-11-2023,Cafe Latte,Drinks,DRK-03,1,32000,32000,Debit Card,Dine in
8321,SUN-1693381,23-12-2023,Classic Tirmaisu,Dessert,DST-01,2,38000,76000,Digital Wallet,Take Away
8322,SUN-1358107,04-02-2023,Cafe Latte,Drinks,DRK-03,3,32000,96000,Digital Wallet,Online Order
8323,SUN-7017348,18-02-2023,Classic Tirmaisu,Dessert,DST-01,2,38000,76000,Debit Card,Dine in
8324,SUN-2255925,10-07-2023,Caramel Machiato,Drinks,DRK-04,4,38000,152000,Cash,Dine in
8325,SUN-6974155,28-04-2023,Choco Lava Cake,Dessert,DST-04,4,35000,140000,Debit Card,Dine in
8326,SUN-8806545,21-06-2023,Classic Tirmaisu,Dessert,DST-01,3,38000,114000,Digital Wallet,Take Away
8327,SUN-3671492,18-03-2023,Nasi Goreng Kampung,Food,FOD-03,2,38000,76000,Debit Card,Online Order
8328,SUN-3760632,12-02-2023,Cafe Latte,Drinks,DRK-03,2,32000,64000,Debit Card,Take Away
8329,SUN-9471473,05-04-2023,Choco Lava Cake,Dessert,DST-04,2,35000,70000,Digital Wallet,Dine in
8330,SUN-5972992,07-09-2023,Nasi Goreng Kampung,Food,FOD-03,1,38000,38000,Debit Card,Dine in
8331,SUN-2528444,06-09-2023,Caramel Machiato,Drinks,DRK-04,3,38000,114000,Cash,Dine in
8332,SUN-9970214,24-01-2023,Grill Chicken Caesar Salad,Food,FOD-04,4,42000,168000,Cash,Take Away
8333,SUN-7910218,26-01-2023,Iced Americano,Drinks,DRK-02,2,28000,56000,Digital Wallet,Online Order
8334,SUN-9472279,07-03-2023,Cafe Latte,Drinks,DRK-03,4,32000,128000,Digital Wallet,Take Away
8335,SUN-8825800,15-08-2023,Cafe Latte,Drinks,DRK-03,4,32000,128000,Debit Card,Dine in
8336,SUN-7262147,31-01-2023,New York Cheesecake,Dessert,DST-03,4,42000,168000,Digital Wallet,Take Away
8337,SUN-4902558,10-07-2023,Classic Tirmaisu,Dessert,DST-01,2,38000,76000,Digital Wallet,Online Order
8338,SUN-1829444,10-12-2023,Caramel Machiato,Drinks,DRK-04,1,38000,38000,Digital Wallet,Online Order
8339,SUN-5699304,18-01-2023,Caramel Machiato,Drinks,DRK-04,1,38000,38000,Debit Card,Take Away
8340,SUN-7895522,29-04-2023,Fudgy Brownies,Dessert,DST-02,1,25000,25000,Debit Card,Take Away
8341,SUN-4752200,12-12-2023,Choco Lava Cake,Dessert,DST-04,2,35000,70000,Cash,Dine in
8342,SUN-3998398,07-11-2023,Buttermilk Fried Chicken,Food,FOD-01,3,48000,144000,Debit Card,Online Order
8343,SUN-9583693,26-06-2023,New York Cheesecake,Dessert,DST-03,3,42000,126000,Cash,Take Away
8344,SUN-8032615,14-04-2023,Creamy Maycha Latte,Drinks,DRK-05,3,35000,105000,Debit Card,Dine in
8345,SUN-8341611,21-01-2023,Creamy Maycha Latte,Drinks,DRK-05,4,35000,140000,Digital Wallet,Online Order
8346,SUN-1262941,08-04-2023,Buttermilk Fried Chicken,Food,FOD-01,2,48000,96000,Cash,Dine in
8347,SUN-2095361,18-07-2023,Beef Carbonara Pasta,Food,FOD-02,3,52000,156000,Digital Wallet,Dine in
8348,SUN-4932597,21-11-2023,New York Cheesecake,Dessert,DST-03,4,42000,168000,Digital Wallet,Take Away
8349,SUN-2421647,21-05-2023,New York Cheesecake,Dessert,DST-03,4,42000,168000,Digital Wallet,Take Away
8350,SUN-8441421,18-12-2023,Choco Lava Cake,Dessert,DST-04,4,35000,140000,Debit Card,Dine in
8351,SUN-8704533,08-02-2023,New York Cheesecake,Dessert,DST-03,2,42000,84000,Digital Wallet,Dine in
8352,SUN-5653931,07-10-2023,Caramel Machiato,Drinks,DRK-04,3,38000,114000,Debit Card,Dine in
8353,SUN-2848518,11-10-2023,Classic Tirmaisu,Dessert,DST-01,2,38000,76000,Digital Wallet,Dine in
8354,SUN-2937258,01-04-2023,Beef Carbonara Pasta,Food,FOD-02,1,52000,52000,Digital Wallet,Online Order
8355,SUN-2133127,20-11-2023,Creamy Maycha Latte,Drinks,DRK-05,3,35000,105000,Cash,Dine in
8356,SUN-5748184,08-03-2023,Buttermilk Fried Chicken,Food,FOD-01,4,48000,192000,Debit Card,Take Away
8357,SUN-1942037,13-09-2023,Club Sandwich,Food,FOD-05,1,45000,45000,Digital Wallet,Online Order
8358,SUN-6846176,08-01-2023,Espreso Single,Drinks,DRK-01,2,22000,44000,Debit Card,Take Away
8359,SUN-5200203,17-06-2023,Beef Carbonara Pasta,Food,FOD-02,1,52000,52000,Debit Card,Online Order
8360,SUN-1865500,27-05-2023,Buttermilk Fried Chicken,Food,FOD-01,1,48000,48000,Debit Card,Take Away
8361,SUN-2280149,30-10-2023,Club Sandwich,Food,FOD-05,2,45000,90000,Digital Wallet,Take Away
8362,SUN-5084371,14-09-2023,Club Sandwich,Food,FOD-05,4,45000,180000,Debit Card,Online Order
8363,SUN-2436266,09-01-2023,Buttermilk Fried Chicken,Food,FOD-01,1,48000,48000,Cash,Take Away
8364,SUN-3529000,20-05-2023,Espreso Single,Drinks,DRK-01,4,22000,88000,Debit Card,Take Away
8365,SUN-6564720,21-03-2023,Grill Chicken Caesar Salad,Food,FOD-04,2,42000,84000,Cash,Dine in
8366,SUN-4435704,13-02-2023,Caramel Machiato,Drinks,DRK-04,1,38000,38000,Debit Card,Take Away
8367,SUN-5253015,01-08-2023,Fudgy Brownies,Dessert,DST-02,3,25000,75000,Debit Card,Online Order
8368,SUN-2968951,11-11-2023,Espreso Single,Drinks,DRK-01,2,22000,44000,Digital Wallet,Online Order
8369,SUN-7417627,12-03-2023,Nasi Goreng Kampung,Food,FOD-03,1,38000,38000,Digital Wallet,Online Order
8370,SUN-8172137,14-12-2023,Club Sandwich,Food,FOD-05,1,45000,45000,Cash,Take Away
8371,SUN-5141294,29-08-2023,Choco Lava Cake,Dessert,DST-04,1,35000,35000,Digital Wallet,Online Order
8372,SUN-8066274,24-02-2023,Cafe Latte,Drinks,DRK-03,2,32000,64000,Debit Card,Online Order
8373,SUN-2556915,26-06-2023,Grill Chicken Caesar Salad,Food,FOD-04,3,42000,126000,Cash,Dine in
8374,SUN-8450243,25-08-2023,Beef Carbonara Pasta,Food,FOD-02,3,52000,156000,Cash,Dine in
8375,SUN-5266867,26-10-2023,New York Cheesecake,Dessert,DST-03,4,42000,168000,Cash,Take Away
8376,SUN-1615826,27-06-2023,Espreso Single,Drinks,DRK-01,3,22000,66000,Debit Card,Dine in
8377,SUN-2305225,25-12-2023,Grill Chicken Caesar Salad,Food,FOD-04,3,42000,126000,Cash,Take Away
8378,SUN-2953148,11-04-2023,Iced Americano,Drinks,DRK-02,2,28000,56000,Digital Wallet,Dine in
8379,SUN-3716640,21-01-2023,Classic Tirmaisu,Dessert,DST-01,4,38000,152000,Digital Wallet,Take Away
8380,SUN-9199879,31-01-2023,Choco Lava Cake,Dessert,DST-04,1,35000,35000,Debit Card,Online Order
8381,SUN-6405371,27-09-2023,Caramel Machiato,Drinks,DRK-04,4,38000,152000,Debit Card,Dine in
8382,SUN-5657785,04-04-2023,Beef Carbonara Pasta,Food,FOD-02,2,52000,104000,Digital Wallet,Online Order
8383,SUN-3257302,23-01-2023,Grill Chicken Caesar Salad,Food,FOD-04,2,42000,84000,Debit Card,Take Away
8384,SUN-3522026,15-03-2023,Fudgy Brownies,Dessert,DST-02,2,25000,50000,Digital Wallet,Online Order
8385,SUN-8265683,15-07-2023,Cafe Latte,Drinks,DRK-03,4,32000,128000,Digital Wallet,Dine in
8386,SUN-1274874,07-12-2023,Caramel Machiato,Drinks,DRK-04,4,38000,152000,Digital Wallet,Take Away
8387,SUN-8083922,11-05-2023,Cafe Latte,Drinks,DRK-03,2,32000,64000,Debit Card,Online Order
8388,SUN-1479098,10-09-2023,Buttermilk Fried Chicken,Food,FOD-01,3,48000,144000,Digital Wallet,Online Order
8389,SUN-9693004,24-06-2023,Club Sandwich,Food,FOD-05,4,45000,180000,Debit Card,Online Order
8390,SUN-7793604,12-02-2023,Caramel Machiato,Drinks,DRK-04,1,38000,38000,Digital Wallet,Online Order
8391,SUN-3232236,29-09-2023,Creamy Maycha Latte,Drinks,DRK-05,1,35000,35000,Digital Wallet,Dine in
8392,SUN-3241576,12-02-2023,Classic Tirmaisu,Dessert,DST-01,4,38000,152000,Digital Wallet,Online Order
8393,SUN-1858801,03-01-2023,Classic Tirmaisu,Dessert,DST-01,1,38000,38000,Digital Wallet,Online Order
8394,SUN-1007432,01-05-2023,Buttermilk Fried Chicken,Food,FOD-01,2,48000,96000,Debit Card,Take Away
8395,SUN-1666274,19-08-2023,Creamy Maycha Latte,Drinks,DRK-05,2,35000,70000,Debit Card,Dine in
8396,SUN-1110982,06-10-2023,Grill Chicken Caesar Salad,Food,FOD-04,4,42000,168000,Debit Card,Online Order
8397,SUN-3047830,17-11-2023,Choco Lava Cake,Dessert,DST-04,3,35000,105000,Cash,Take Away
8398,SUN-3760706,11-09-2023,Nasi Goreng Kampung,Food,FOD-03,3,38000,114000,Debit Card,Online Order
8399,SUN-3933359,21-11-2023,Club Sandwich,Food,FOD-05,4,45000,180000,Digital Wallet,Take Away
8400,SUN-7900692,17-09-2023,Classic Tirmaisu,Dessert,DST-01,2,38000,76000,Debit Card,Take Away
8401,SUN-3642250,05-07-2023,Classic Tirmaisu,Dessert,DST-01,3,38000,114000,Debit Card,Dine in
8402,SUN-5662375,27-09-2023,Buttermilk Fried Chicken,Food,FOD-01,3,48000,144000,Digital Wallet,Dine in
8403,SUN-3755826,25-08-2023,Grill Chicken Caesar Salad,Food,FOD-04,3,42000,126000,Debit Card,Take Away
8404,SUN-9343560,28-07-2023,Fudgy Brownies,Dessert,DST-02,2,25000,50000,Cash,Dine in
8405,SUN-9404305,26-02-2023,Caramel Machiato,Drinks,DRK-04,3,38000,114000,Debit Card,Dine in
8406,SUN-3074764,01-02-2023,Fudgy Brownies,Dessert,DST-02,3,25000,75000,Debit Card,Online Order
8407,SUN-1014954,17-03-2023,Club Sandwich,Food,FOD-05,1,45000,45000,Debit Card,Online Order
8408,SUN-9782539,21-02-2023,Caramel Machiato,Drinks,DRK-04,4,38000,152000,Debit Card,Online Order
8409,SUN-6132203,24-12-2023,Nasi Goreng Kampung,Food,FOD-03,4,38000,152000,Digital Wallet,Take Away
8410,SUN-6018042,23-01-2023,Buttermilk Fried Chicken,Food,FOD-01,2,48000,96000,Debit Card,Online Order
8411,SUN-2113895,14-01-2023,New York Cheesecake,Dessert,DST-03,2,42000,84000,Debit Card,Dine in
8412,SUN-8743686,24-08-2023,Iced Americano,Drinks,DRK-02,4,28000,112000,Debit Card,Online Order
8413,SUN-8209059,28-11-2023,Beef Carbonara Pasta,Food,FOD-02,2,52000,104000,Cash,Dine in
8414,SUN-7505002,07-11-2023,Grill Chicken Caesar Salad,Food,FOD-04,2,42000,84000,Digital Wallet,Take Away
8415,SUN-5683783,08-04-2023,Cafe Latte,Drinks,DRK-03,4,32000,128000,Debit Card,Take Away
8416,SUN-2136147,29-10-2023,Caramel Machiato,Drinks,DRK-04,3,38000,114000,Digital Wallet,Dine in
8417,SUN-9752833,13-07-2023,Iced Americano,Drinks,DRK-02,4,28000,112000,Digital Wallet,Take Away
8418,SUN-8959138,21-04-2023,Choco Lava Cake,Dessert,DST-04,3,35000,105000,Digital Wallet,Take Away
8419,SUN-4240307,27-03-2023,New York Cheesecake,Dessert,DST-03,1,42000,42000,Debit Card,Dine in
8420,SUN-6152134,29-05-2023,Choco Lava Cake,Dessert,DST-04,1,35000,35000,Debit Card,Dine in
8421,SUN-2998568,02-02-2023,Cinnamon Roll,Dessert,DST-05,1,28000,28000,Debit Card,Take Away
8422,SUN-5783951,20-07-2023,Iced Americano,Drinks,DRK-02,2,28000,56000,Digital Wallet,Online Order
8423,SUN-2313522,12-11-2023,Buttermilk Fried Chicken,Food,FOD-01,3,48000,144000,Debit Card,Online Order
8424,SUN-3196060,04-05-2023,Creamy Maycha Latte,Drinks,DRK-05,1,35000,35000,Debit Card,Online Order
8425,SUN-7514492,19-08-2023,Choco Lava Cake,Dessert,DST-04,4,35000,140000,Debit Card,Take Away
8426,SUN-7051765,24-09-2023,Beef Carbonara Pasta,Food,FOD-02,4,52000,208000,Debit Card,Dine in
8427,SUN-3542054,16-11-2023,Buttermilk Fried Chicken,Food,FOD-01,1,48000,48000,Cash,Dine in
8428,SUN-1475782,06-03-2023,Cafe Latte,Drinks,DRK-03,2,32000,64000,Digital Wallet,Dine in
8429,SUN-6163033,19-08-2023,Choco Lava Cake,Dessert,DST-04,1,35000,35000,Cash,Dine in
8430,SUN-5793455,31-05-2023,Iced Americano,Drinks,DRK-02,3,28000,84000,Digital Wallet,Online Order
8431,SUN-1725519,20-09-2023,Buttermilk Fried Chicken,Food,FOD-01,3,48000,144000,Digital Wallet,Online Order
8432,SUN-6803959,16-05-2023,Iced Americano,Drinks,DRK-02,1,28000,28000,Debit Card,Online Order
8433,SUN-7728319,13-02-2023,Choco Lava Cake,Dessert,DST-04,3,35000,105000,Cash,Dine in
8434,SUN-4384578,20-07-2023,Iced Americano,Drinks,DRK-02,1,28000,28000,Debit Card,Dine in
8435,SUN-8641309,03-01-2023,New York Cheesecake,Dessert,DST-03,1,42000,42000,Digital Wallet,Online Order
8436,SUN-9149539,05-12-2023,Classic Tirmaisu,Dessert,DST-01,3,38000,114000,Digital Wallet,Dine in
8437,SUN-8460408,01-02-2023,Classic Tirmaisu,Dessert,DST-01,4,38000,152000,Debit Card,Take Away
8438,SUN-9544496,20-06-2023,Creamy Maycha Latte,Drinks,DRK-05,4,35000,140000,Digital Wallet,Dine in
8439,SUN-6338767,07-11-2023,Club Sandwich,Food,FOD-05,2,45000,90000,Digital Wallet,Dine in
8440,SUN-5118619,20-03-2023,Creamy Maycha Latte,Drinks,DRK-05,1,35000,35000,Debit Card,Take Away
8441,SUN-5090434,13-01-2023,Espreso Single,Drinks,DRK-01,2,22000,44000,Digital Wallet,Dine in
8442,SUN-2528862,17-04-2023,Buttermilk Fried Chicken,Food,FOD-01,4,48000,192000,Debit Card,Dine in
8443,SUN-4454890,05-02-2023,New York Cheesecake,Dessert,DST-03,2,42000,84000,Debit Card,Take Away
8444,SUN-2838303,29-10-2023,Nasi Goreng Kampung,Food,FOD-03,4,38000,152000,Debit Card,Dine in
8445,SUN-9748321,07-02-2023,Club Sandwich,Food,FOD-05,3,45000,135000,Debit Card,Take Away
8446,SUN-7350241,06-04-2023,Caramel Machiato,Drinks,DRK-04,2,38000,76000,Digital Wallet,Dine in
8447,SUN-1768268,24-01-2023,Club Sandwich,Food,FOD-05,3,45000,135000,Debit Card,Dine in
8448,SUN-1503396,27-12-2023,Club Sandwich,Food,FOD-05,4,45000,180000,Debit Card,Dine in
8449,SUN-8680386,01-05-2023,Espreso Single,Drinks,DRK-01,3,22000,66000,Debit Card,Dine in
8450,SUN-8553995,18-03-2023,Creamy Maycha Latte,Drinks,DRK-05,2,35000,70000,Cash,Take Away
8451,SUN-3708853,07-08-2023,Grill Chicken Caesar Salad,Food,FOD-04,3,42000,126000,Cash,Take Away
8452,SUN-5803547,10-07-2023,Classic Tirmaisu,Dessert,DST-01,1,38000,38000,Digital Wallet,Dine in
8453,SUN-3647844,01-12-2023,New York Cheesecake,Dessert,DST-03,1,42000,42000,Cash,Dine in
8454,SUN-9190487,23-05-2023,Classic Tirmaisu,Dessert,DST-01,4,38000,152000,Debit Card,Online Order
8455,SUN-3505816,04-03-2023,Choco Lava Cake,Dessert,DST-04,3,35000,105000,Debit Card,Dine in
8456,SUN-1387112,25-03-2023,Cafe Latte,Drinks,DRK-03,1,32000,32000,Cash,Online Order
8457,SUN-8391680,19-01-2023,Cafe Latte,Drinks,DRK-03,1,32000,32000,Debit Card,Online Order
8458,SUN-5594918,25-12-2023,Club Sandwich,Food,FOD-05,1,45000,45000,Debit Card,Take Away
8459,SUN-1518028,19-12-2023,Grill Chicken Caesar Salad,Food,FOD-04,1,42000,42000,Digital Wallet,Take Away
8460,SUN-3435623,16-08-2023,Fudgy Brownies,Dessert,DST-02,4,25000,100000,Digital Wallet,Dine in
8461,SUN-8486289,21-02-2023,Choco Lava Cake,Dessert,DST-04,3,35000,105000,Digital Wallet,Take Away
8462,SUN-3774457,25-05-2023,Grill Chicken Caesar Salad,Food,FOD-04,4,42000,168000,Debit Card,Take Away
8463,SUN-8249993,27-09-2023,Classic Tirmaisu,Dessert,DST-01,3,38000,114000,Digital Wallet,Dine in
8464,SUN-5693102,19-03-2023,Espreso Single,Drinks,DRK-01,2,22000,44000,Digital Wallet,Take Away
8465,SUN-9109730,06-12-2023,Espreso Single,Drinks,DRK-01,2,22000,44000,Digital Wallet,Online Order
8466,SUN-5514989,05-11-2023,Caramel Machiato,Drinks,DRK-04,2,38000,76000,Cash,Take Away
8467,SUN-3989468,30-05-2023,Caramel Machiato,Drinks,DRK-04,3,38000,114000,Cash,Take Away
8468,SUN-2519090,25-02-2023,Fudgy Brownies,Dessert,DST-02,4,25000,100000,Digital Wallet,Online Order
8469,SUN-4038668,26-12-2023,Fudgy Brownies,Dessert,DST-02,2,25000,50000,Cash,Take Away
8470,SUN-8450081,07-07-2023,Espreso Single,Drinks,DRK-01,2,22000,44000,Cash,Dine in
8471,SUN-1352191,25-04-2023,New York Cheesecake,Dessert,DST-03,1,42000,42000,Digital Wallet,Online Order
8472,SUN-5555559,23-08-2023,New York Cheesecake,Dessert,DST-03,2,42000,84000,Debit Card,Dine in
8473,SUN-5889036,02-03-2023,Iced Americano,Drinks,DRK-02,2,28000,56000,Debit Card,Online Order
8474,SUN-3925058,18-01-2023,Beef Carbonara Pasta,Food,FOD-02,4,52000,208000,Digital Wallet,Take Away
8475,SUN-1512196,11-11-2023,Cafe Latte,Drinks,DRK-03,2,32000,64000,Digital Wallet,Take Away
8476,SUN-7251905,08-07-2023,Iced Americano,Drinks,DRK-02,2,28000,56000,Debit Card,Online Order
8477,SUN-5794711,28-08-2023,Grill Chicken Caesar Salad,Food,FOD-04,3,42000,126000,Cash,Dine in
8478,SUN-7566455,31-12-2023,Fudgy Brownies,Dessert,DST-02,4,25000,100000,Debit Card,Online Order
8479,SUN-2298766,21-04-2023,Club Sandwich,Food,FOD-05,1,45000,45000,Digital Wallet,Take Away
8480,SUN-5832293,31-03-2023,Club Sandwich,Food,FOD-05,3,45000,135000,Debit Card,Dine in
8481,SUN-5193428,15-01-2023,Fudgy Brownies,Dessert,DST-02,4,25000,100000,Debit Card,Take Away
8482,SUN-3204555,01-12-2023,Club Sandwich,Food,FOD-05,4,45000,180000,Cash,Dine in
8483,SUN-5407389,19-04-2023,Grill Chicken Caesar Salad,Food,FOD-04,4,42000,168000,Digital Wallet,Take Away
8484,SUN-6038304,20-10-2023,Creamy Maycha Latte,Drinks,DRK-05,4,35000,140000,Cash,Take Away
8485,SUN-1312376,16-08-2023,Nasi Goreng Kampung,Food,FOD-03,1,38000,38000,Cash,Dine in
8486,SUN-3738385,05-02-2023,Creamy Maycha Latte,Drinks,DRK-05,4,35000,140000,Debit Card,Take Away
8487,SUN-3012275,28-07-2023,Choco Lava Cake,Dessert,DST-04,4,35000,140000,Digital Wallet,Dine in
8488,SUN-2862649,16-12-2023,Club Sandwich,Food,FOD-05,2,45000,90000,Digital Wallet,Online Order
8489,SUN-2137016,11-04-2023,Iced Americano,Drinks,DRK-02,2,28000,56000,Cash,Dine in
8490,SUN-6392519,15-07-2023,Club Sandwich,Food,FOD-05,4,45000,180000,Debit Card,Online Order
8491,SUN-2183389,02-06-2023,Cafe Latte,Drinks,DRK-03,2,32000,64000,Cash,Take Away
8492,SUN-2159866,24-10-2023,Cinnamon Roll,Dessert,DST-05,2,28000,56000,Cash,Dine in
8493,SUN-1858554,04-05-2023,Creamy Maycha Latte,Drinks,DRK-05,3,35000,105000,Debit Card,Online Order
8494,SUN-6090432,19-04-2023,Fudgy Brownies,Dessert,DST-02,1,25000,25000,Digital Wallet,Dine in
8495,SUN-5096647,28-01-2023,Creamy Maycha Latte,Drinks,DRK-05,2,35000,70000,Debit Card,Online Order
8496,SUN-3786028,30-04-2023,Cafe Latte,Drinks,DRK-03,4,32000,128000,Cash,Take Away
8497,SUN-3779023,23-08-2023,Espreso Single,Drinks,DRK-01,2,22000,44000,Digital Wallet,Online Order
8498,SUN-4678755,01-06-2023,Cafe Latte,Drinks,DRK-03,2,32000,64000,Cash,Take Away
8499,SUN-3322486,17-07-2023,Nasi Goreng Kampung,Food,FOD-03,1,38000,38000,Cash,Dine in
8500,SUN-2673438,20-12-2023,Buttermilk Fried Chicken,Food,FOD-01,3,48000,144000,Cash,Take Away
8501,SUN-4795282,13-11-2023,Nasi Goreng Kampung,Food,FOD-03,3,38000,114000,Digital Wallet,Online Order
8502,SUN-6719113,05-11-2023,Classic Tirmaisu,Dessert,DST-01,4,38000,152000,Digital Wallet,Dine in
8503,SUN-3374039,21-10-2023,Nasi Goreng Kampung,Food,FOD-03,2,38000,76000,Cash,Take Away
8504,SUN-6533113,01-10-2023,Classic Tirmaisu,Dessert,DST-01,1,38000,38000,Cash,Dine in
8505,SUN-3808815,28-05-2023,New York Cheesecake,Dessert,DST-03,4,42000,168000,Cash,Take Away
8506,SUN-8950267,04-07-2023,Club Sandwich,Food,FOD-05,2,45000,90000,Digital Wallet,Online Order
8507,SUN-4261015,08-10-2023,Buttermilk Fried Chicken,Food,FOD-01,4,48000,192000,Digital Wallet,Dine in
8508,SUN-7520442,28-02-2023,Iced Americano,Drinks,DRK-02,2,28000,56000,Debit Card,Take Away
8509,SUN-8979474,16-08-2023,Caramel Machiato,Drinks,DRK-04,4,38000,152000,Digital Wallet,Dine in
8510,SUN-9515782,23-04-2023,Classic Tirmaisu,Dessert,DST-01,3,38000,114000,Cash,Take Away
8511,SUN-7431099,01-12-2023,Cafe Latte,Drinks,DRK-03,2,32000,64000,Debit Card,Online Order
8512,SUN-2535793,17-10-2023,Fudgy Brownies,Dessert,DST-02,3,25000,75000,Digital Wallet,Online Order
8513,SUN-7030987,24-03-2023,Espreso Single,Drinks,DRK-01,4,22000,88000,Cash,Take Away
8514,SUN-7074397,17-08-2023,Creamy Maycha Latte,Drinks,DRK-05,1,35000,35000,Debit Card,Dine in
8515,SUN-9882577,21-04-2023,Nasi Goreng Kampung,Food,FOD-03,2,38000,76000,Digital Wallet,Dine in
8516,SUN-9358312,07-01-2023,Fudgy Brownies,Dessert,DST-02,3,25000,75000,Digital Wallet,Dine in
8517,SUN-7950646,25-06-2023,Iced Americano,Drinks,DRK-02,4,28000,112000,Digital Wallet,Online Order
8518,SUN-9819740,12-07-2023,Espreso Single,Drinks,DRK-01,1,22000,22000,Debit Card,Dine in
8519,SUN-8448605,19-02-2023,Classic Tirmaisu,Dessert,DST-01,1,38000,38000,Cash,Dine in
8520,SUN-4002414,30-07-2023,Espreso Single,Drinks,DRK-01,4,22000,88000,Cash,Dine in
8521,SUN-2489639,31-07-2023,Cinnamon Roll,Dessert,DST-05,3,28000,84000,Debit Card,Online Order
8522,SUN-7885198,18-01-2023,Cinnamon Roll,Dessert,DST-05,3,28000,84000,Debit Card,Online Order
8523,SUN-9337787,25-05-2023,Cinnamon Roll,Dessert,DST-05,3,28000,84000,Cash,Dine in
8524,SUN-2756629,27-05-2023,Creamy Maycha Latte,Drinks,DRK-05,3,35000,105000,Debit Card,Dine in
8525,SUN-7455459,27-09-2023,Espreso Single,Drinks,DRK-01,4,22000,88000,Debit Card,Dine in
8526,SUN-9448121,12-10-2023,Grill Chicken Caesar Salad,Food,FOD-04,1,42000,42000,Debit Card,Dine in
8527,SUN-6968810,21-10-2023,Espreso Single,Drinks,DRK-01,4,22000,88000,Digital Wallet,Online Order
8528,SUN-5294356,06-08-2023,Grill Chicken Caesar Salad,Food,FOD-04,1,42000,42000,Debit Card,Take Away
8529,SUN-9757242,05-02-2023,Nasi Goreng Kampung,Food,FOD-03,4,38000,152000,Debit Card,Dine in
8530,SUN-6589270,05-07-2023,Nasi Goreng Kampung,Food,FOD-03,1,38000,38000,Cash,Dine in
8531,SUN-9260446,30-12-2023,Classic Tirmaisu,Dessert,DST-01,4,38000,152000,Digital Wallet,Dine in
8532,SUN-2516434,13-12-2023,Espreso Single,Drinks,DRK-01,3,22000,66000,Digital Wallet,Dine in
8533,SUN-7545780,13-10-2023,Choco Lava Cake,Dessert,DST-04,4,35000,140000,Cash,Take Away
8534,SUN-7509463,26-08-2023,Club Sandwich,Food,FOD-05,1,45000,45000,Debit Card,Dine in
8535,SUN-5719996,03-10-2023,Choco Lava Cake,Dessert,DST-04,2,35000,70000,Cash,Take Away
8536,SUN-5732515,13-04-2023,Cinnamon Roll,Dessert,DST-05,2,28000,56000,Digital Wallet,Dine in
8537,SUN-1440204,30-03-2023,Club Sandwich,Food,FOD-05,1,45000,45000,Debit Card,Dine in
8538,SUN-8526456,25-06-2023,Buttermilk Fried Chicken,Food,FOD-01,4,48000,192000,Debit Card,Dine in
8539,SUN-6256082,04-04-2023,Fudgy Brownies,Dessert,DST-02,1,25000,25000,Debit Card,Online Order
8540,SUN-4241285,20-10-2023,Creamy Maycha Latte,Drinks,DRK-05,3,35000,105000,Debit Card,Online Order
8541,SUN-7623444,17-11-2023,Buttermilk Fried Chicken,Food,FOD-01,2,48000,96000,Debit Card,Take Away
8542,SUN-5320837,17-06-2023,Buttermilk Fried Chicken,Food,FOD-01,2,48000,96000,Cash,Dine in
8543,SUN-4565380,18-01-2023,Creamy Maycha Latte,Drinks,DRK-05,3,35000,105000,Debit Card,Take Away
8544,SUN-2003729,16-04-2023,Grill Chicken Caesar Salad,Food,FOD-04,2,42000,84000,Debit Card,Online Order
8545,SUN-1129745,14-02-2023,Fudgy Brownies,Dessert,DST-02,4,25000,100000,Cash,Dine in
8546,SUN-5655139,02-02-2023,Grill Chicken Caesar Salad,Food,FOD-04,2,42000,84000,Cash,Dine in
8547,SUN-2103213,09-08-2023,Creamy Maycha Latte,Drinks,DRK-05,1,35000,35000,Digital Wallet,Take Away
8548,SUN-3678790,26-08-2023,Grill Chicken Caesar Salad,Food,FOD-04,2,42000,84000,Digital Wallet,Dine in
8549,SUN-4772613,28-03-2023,Espreso Single,Drinks,DRK-01,4,22000,88000,Cash,Dine in
8550,SUN-4012422,17-02-2023,Beef Carbonara Pasta,Food,FOD-02,1,52000,52000,Debit Card,Online Order
8551,SUN-3554097,09-07-2023,Buttermilk Fried Chicken,Food,FOD-01,2,48000,96000,Debit Card,Dine in
8552,SUN-3921884,17-07-2023,Cinnamon Roll,Dessert,DST-05,1,28000,28000,Cash,Online Order
8553,SUN-9557217,13-07-2023,Iced Americano,Drinks,DRK-02,3,28000,84000,Debit Card,Take Away
8554,SUN-8572406,22-11-2023,Caramel Machiato,Drinks,DRK-04,1,38000,38000,Debit Card,Dine in
8555,SUN-4446803,27-05-2023,Nasi Goreng Kampung,Food,FOD-03,3,38000,114000,Cash,Dine in
8556,SUN-4675432,10-01-2023,Cafe Latte,Drinks,DRK-03,3,32000,96000,Debit Card,Take Away
8557,SUN-5636775,19-10-2023,Beef Carbonara Pasta,Food,FOD-02,1,52000,52000,Cash,Take Away
8558,SUN-6261124,21-11-2023,Cafe Latte,Drinks,DRK-03,1,32000,32000,Debit Card,Take Away
8559,SUN-6714475,15-03-2023,Club Sandwich,Food,FOD-05,2,45000,90000,Digital Wallet,Online Order
8560,SUN-2132477,25-11-2023,Buttermilk Fried Chicken,Food,FOD-01,1,48000,48000,Cash,Dine in
8561,SUN-4068094,03-10-2023,Espreso Single,Drinks,DRK-01,3,22000,66000,Cash,Dine in
8562,SUN-8786376,18-05-2023,Cinnamon Roll,Dessert,DST-05,2,28000,56000,Debit Card,Take Away
8563,SUN-5663992,01-06-2023,Caramel Machiato,Drinks,DRK-04,1,38000,38000,Cash,Take Away
8564,SUN-1649321,25-10-2023,Grill Chicken Caesar Salad,Food,FOD-04,3,42000,126000,Digital Wallet,Dine in
8565,SUN-8167375,26-11-2023,New York Cheesecake,Dessert,DST-03,1,42000,42000,Digital Wallet,Take Away
8566,SUN-9556140,05-12-2023,Nasi Goreng Kampung,Food,FOD-03,2,38000,76000,Debit Card,Dine in
8567,SUN-5972512,26-02-2023,Fudgy Brownies,Dessert,DST-02,1,25000,25000,Debit Card,Dine in
8568,SUN-9257866,16-08-2023,New York Cheesecake,Dessert,DST-03,2,42000,84000,Digital Wallet,Take Away
8569,SUN-4690129,25-03-2023,Iced Americano,Drinks,DRK-02,1,28000,28000,Digital Wallet,Take Away
8570,SUN-3707964,13-01-2023,Caramel Machiato,Drinks,DRK-04,2,38000,76000,Debit Card,Dine in
8571,SUN-5001129,30-04-2023,Beef Carbonara Pasta,Food,FOD-02,4,52000,208000,Debit Card,Take Away
8572,SUN-4246439,03-05-2023,Nasi Goreng Kampung,Food,FOD-03,4,38000,152000,Debit Card,Online Order
8573,SUN-7086486,17-03-2023,Classic Tirmaisu,Dessert,DST-01,3,38000,114000,Debit Card,Online Order
8574,SUN-7183816,30-08-2023,Caramel Machiato,Drinks,DRK-04,3,38000,114000,Digital Wallet,Take Away
8575,SUN-7272169,22-04-2023,Creamy Maycha Latte,Drinks,DRK-05,3,35000,105000,Debit Card,Dine in
8576,SUN-1152893,08-07-2023,Buttermilk Fried Chicken,Food,FOD-01,1,48000,48000,Digital Wallet,Take Away
8577,SUN-7668176,21-05-2023,Club Sandwich,Food,FOD-05,1,45000,45000,Cash,Take Away
8578,SUN-2867152,09-08-2023,Fudgy Brownies,Dessert,DST-02,2,25000,50000,Digital Wallet,Dine in
8579,SUN-4099225,11-10-2023,Buttermilk Fried Chicken,Food,FOD-01,4,48000,192000,Debit Card,Take Away
8580,SUN-9144896,31-12-2023,Cinnamon Roll,Dessert,DST-05,3,28000,84000,Cash,Dine in
8581,SUN-6749842,11-09-2023,Club Sandwich,Food,FOD-05,2,45000,90000,Digital Wallet,Dine in
8582,SUN-6025037,18-04-2023,Cinnamon Roll,Dessert,DST-05,4,28000,112000,Digital Wallet,Dine in
8583,SUN-1541687,13-10-2023,Classic Tirmaisu,Dessert,DST-01,1,38000,38000,Digital Wallet,Dine in
8584,SUN-3360291,24-09-2023,Cinnamon Roll,Dessert,DST-05,3,28000,84000,Cash,Dine in
8585,SUN-6495760,20-07-2023,Nasi Goreng Kampung,Food,FOD-03,4,38000,152000,Digital Wallet,Online Order
8586,SUN-6423976,28-12-2023,Beef Carbonara Pasta,Food,FOD-02,1,52000,52000,Digital Wallet,Dine in
8587,SUN-7280043,17-04-2023,Nasi Goreng Kampung,Food,FOD-03,2,38000,76000,Digital Wallet,Take Away
8588,SUN-7733434,29-09-2023,Cinnamon Roll,Dessert,DST-05,3,28000,84000,Digital Wallet,Dine in
8589,SUN-6985313,22-02-2023,Creamy Maycha Latte,Drinks,DRK-05,1,35000,35000,Digital Wallet,Online Order
8590,SUN-9412650,22-09-2023,Fudgy Brownies,Dessert,DST-02,4,25000,100000,Debit Card,Online Order
8591,SUN-4086487,14-12-2023,Grill Chicken Caesar Salad,Food,FOD-04,1,42000,42000,Debit Card,Take Away
8592,SUN-2858673,31-01-2023,Cinnamon Roll,Dessert,DST-05,4,28000,112000,Debit Card,Online Order
8593,SUN-3028658,17-08-2023,Caramel Machiato,Drinks,DRK-04,1,38000,38000,Cash,Take Away
8594,SUN-7433104,16-10-2023,Fudgy Brownies,Dessert,DST-02,4,25000,100000,Cash,Dine in
8595,SUN-3588244,18-03-2023,Choco Lava Cake,Dessert,DST-04,2,35000,70000,Debit Card,Online Order
8596,SUN-1699756,22-02-2023,Club Sandwich,Food,FOD-05,1,45000,45000,Debit Card,Online Order
8597,SUN-2962896,23-04-2023,Creamy Maycha Latte,Drinks,DRK-05,2,35000,70000,Cash,Dine in
8598,SUN-8984167,08-09-2023,New York Cheesecake,Dessert,DST-03,3,42000,126000,Digital Wallet,Take Away
8599,SUN-2966892,28-07-2023,Iced Americano,Drinks,DRK-02,1,28000,28000,Digital Wallet,Dine in
8600,SUN-3043454,12-11-2023,Creamy Maycha Latte,Drinks,DRK-05,3,35000,105000,Debit Card,Take Away
8601,SUN-8012228,19-06-2023,Cafe Latte,Drinks,DRK-03,1,32000,32000,Cash,Dine in
8602,SUN-6960823,14-10-2023,Creamy Maycha Latte,Drinks,DRK-05,2,35000,70000,Debit Card,Dine in
8603,SUN-9455060,17-01-2023,Cinnamon Roll,Dessert,DST-05,4,28000,112000,Debit Card,Online Order
8604,SUN-5535443,13-07-2023,Nasi Goreng Kampung,Food,FOD-03,3,38000,114000,Debit Card,Dine in
8605,SUN-8968152,23-04-2023,Beef Carbonara Pasta,Food,FOD-02,4,52000,208000,Digital Wallet,Online Order
8606,SUN-6280302,13-07-2023,New York Cheesecake,Dessert,DST-03,2,42000,84000,Debit Card,Dine in
8607,SUN-5995710,28-07-2023,Caramel Machiato,Drinks,DRK-04,4,38000,152000,Digital Wallet,Take Away
8608,SUN-9818783,27-12-2023,Caramel Machiato,Drinks,DRK-04,1,38000,38000,Digital Wallet,Dine in
8609,SUN-2110274,24-10-2023,Grill Chicken Caesar Salad,Food,FOD-04,4,42000,168000,Debit Card,Online Order
8610,SUN-6724776,26-08-2023,Club Sandwich,Food,FOD-05,2,45000,90000,Debit Card,Online Order
8611,SUN-2678517,12-03-2023,Iced Americano,Drinks,DRK-02,1,28000,28000,Debit Card,Take Away
8612,SUN-5315688,08-11-2023,Cafe Latte,Drinks,DRK-03,2,32000,64000,Digital Wallet,Dine in
8613,SUN-4560426,28-03-2023,Espreso Single,Drinks,DRK-01,3,22000,66000,Digital Wallet,Dine in
8614,SUN-3824347,17-05-2023,Espreso Single,Drinks,DRK-01,1,22000,22000,Cash,Take Away
8615,SUN-7360278,03-06-2023,Caramel Machiato,Drinks,DRK-04,2,38000,76000,Digital Wallet,Online Order
8616,SUN-9118112,21-05-2023,Beef Carbonara Pasta,Food,FOD-02,3,52000,156000,Digital Wallet,Dine in
8617,SUN-3633998,17-04-2023,Cafe Latte,Drinks,DRK-03,1,32000,32000,Cash,Take Away
8618,SUN-4226851,14-11-2023,Creamy Maycha Latte,Drinks,DRK-05,3,35000,105000,Debit Card,Take Away
8619,SUN-7992909,31-10-2023,Classic Tirmaisu,Dessert,DST-01,1,38000,38000,Digital Wallet,Online Order
8620,SUN-8522123,04-07-2023,Espreso Single,Drinks,DRK-01,1,22000,22000,Debit Card,Online Order
8621,SUN-3013767,22-07-2023,Classic Tirmaisu,Dessert,DST-01,1,38000,38000,Digital Wallet,Dine in
8622,SUN-6696769,04-05-2023,Classic Tirmaisu,Dessert,DST-01,3,38000,114000,Cash,Dine in
8623,SUN-5150336,21-03-2023,Grill Chicken Caesar Salad,Food,FOD-04,3,42000,126000,Cash,Dine in
8624,SUN-7476112,03-04-2023,Choco Lava Cake,Dessert,DST-04,3,35000,105000,Digital Wallet,Dine in
8625,SUN-1219609,29-06-2023,Cinnamon Roll,Dessert,DST-05,1,28000,28000,Cash,Take Away
8626,SUN-6280553,01-02-2023,Fudgy Brownies,Dessert,DST-02,1,25000,25000,Debit Card,Online Order
8627,SUN-4706166,09-07-2023,Cinnamon Roll,Dessert,DST-05,3,28000,84000,Debit Card,Online Order
8628,SUN-3779815,05-09-2023,Classic Tirmaisu,Dessert,DST-01,3,38000,114000,Cash,Dine in
8629,SUN-9097454,08-04-2023,Grill Chicken Caesar Salad,Food,FOD-04,4,42000,168000,Digital Wallet,Dine in
8630,SUN-8004756,16-09-2023,Cafe Latte,Drinks,DRK-03,2,32000,64000,Debit Card,Online Order
8631,SUN-5608148,07-08-2023,Caramel Machiato,Drinks,DRK-04,2,38000,76000,Debit Card,Online Order
8632,SUN-1228389,14-07-2023,Cinnamon Roll,Dessert,DST-05,2,28000,56000,Digital Wallet,Online Order
8633,SUN-4724161,09-10-2023,Choco Lava Cake,Dessert,DST-04,3,35000,105000,Digital Wallet,Take Away
8634,SUN-3845039,24-07-2023,Grill Chicken Caesar Salad,Food,FOD-04,2,42000,84000,Debit Card,Dine in
8635,SUN-5842493,21-03-2023,Cafe Latte,Drinks,DRK-03,4,32000,128000,Debit Card,Dine in
8636,SUN-5925143,14-09-2023,Club Sandwich,Food,FOD-05,2,45000,90000,Digital Wallet,Online Order
8637,SUN-3644064,20-04-2023,Cafe Latte,Drinks,DRK-03,2,32000,64000,Digital Wallet,Dine in
8638,SUN-6864178,09-12-2023,Fudgy Brownies,Dessert,DST-02,1,25000,25000,Debit Card,Dine in
8639,SUN-5756913,25-02-2023,Classic Tirmaisu,Dessert,DST-01,4,38000,152000,Digital Wallet,Online Order
8640,SUN-5285352,30-08-2023,Nasi Goreng Kampung,Food,FOD-03,1,38000,38000,Digital Wallet,Dine in
8641,SUN-6215371,27-04-2023,Club Sandwich,Food,FOD-05,3,45000,135000,Digital Wallet,Dine in
8642,SUN-5627596,21-06-2023,Buttermilk Fried Chicken,Food,FOD-01,3,48000,144000,Debit Card,Online Order
8643,SUN-7367603,13-10-2023,Choco Lava Cake,Dessert,DST-04,2,35000,70000,Digital Wallet,Dine in
8644,SUN-2236230,03-12-2023,Fudgy Brownies,Dessert,DST-02,2,25000,50000,Digital Wallet,Dine in
8645,SUN-3641359,29-09-2023,Grill Chicken Caesar Salad,Food,FOD-04,3,42000,126000,Debit Card,Take Away
8646,SUN-9468753,19-10-2023,Club Sandwich,Food,FOD-05,4,45000,180000,Cash,Dine in
8647,SUN-1920079,04-12-2023,Buttermilk Fried Chicken,Food,FOD-01,1,48000,48000,Digital Wallet,Take Away
8648,SUN-2479288,09-09-2023,Grill Chicken Caesar Salad,Food,FOD-04,4,42000,168000,Debit Card,Online Order
8649,SUN-6650818,22-05-2023,Buttermilk Fried Chicken,Food,FOD-01,3,48000,144000,Debit Card,Online Order
8650,SUN-5057647,22-05-2023,Creamy Maycha Latte,Drinks,DRK-05,4,35000,140000,Cash,Dine in
8651,SUN-5050819,05-02-2023,Beef Carbonara Pasta,Food,FOD-02,4,52000,208000,Digital Wallet,Take Away
8652,SUN-5329651,08-07-2023,Buttermilk Fried Chicken,Food,FOD-01,3,48000,144000,Digital Wallet,Take Away
8653,SUN-6822834,03-03-2023,Grill Chicken Caesar Salad,Food,FOD-04,3,42000,126000,Digital Wallet,Take Away
8654,SUN-4578613,19-09-2023,Fudgy Brownies,Dessert,DST-02,3,25000,75000,Cash,Dine in
8655,SUN-5326409,07-07-2023,Creamy Maycha Latte,Drinks,DRK-05,2,35000,70000,Cash,Take Away
8656,SUN-3438605,05-11-2023,New York Cheesecake,Dessert,DST-03,1,42000,42000,Digital Wallet,Dine in
8657,SUN-9398195,10-02-2023,Cinnamon Roll,Dessert,DST-05,2,28000,56000,Digital Wallet,Online Order
8658,SUN-5214531,05-03-2023,Buttermilk Fried Chicken,Food,FOD-01,1,48000,48000,Debit Card,Online Order
8659,SUN-5540214,14-09-2023,Iced Americano,Drinks,DRK-02,1,28000,28000,Cash,Take Away
8660,SUN-6263508,31-07-2023,Beef Carbonara Pasta,Food,FOD-02,3,52000,156000,Digital Wallet,Dine in
8661,SUN-3049079,21-04-2023,Caramel Machiato,Drinks,DRK-04,4,38000,152000,Debit Card,Take Away
8662,SUN-8733982,08-08-2023,Espreso Single,Drinks,DRK-01,4,22000,88000,Debit Card,Take Away
8663,SUN-9882568,23-06-2023,Club Sandwich,Food,FOD-05,2,45000,90000,Cash,Take Away
8664,SUN-7816375,21-10-2023,Espreso Single,Drinks,DRK-01,2,22000,44000,Debit Card,Online Order
8665,SUN-8551174,31-05-2023,Iced Americano,Drinks,DRK-02,1,28000,28000,Digital Wallet,Take Away
8666,SUN-1940828,28-08-2023,Cinnamon Roll,Dessert,DST-05,4,28000,112000,Digital Wallet,Dine in
8667,SUN-8903116,17-05-2023,Iced Americano,Drinks,DRK-02,4,28000,112000,Digital Wallet,Take Away
8668,SUN-3484829,02-10-2023,Iced Americano,Drinks,DRK-02,4,28000,112000,Debit Card,Online Order
8669,SUN-3756269,03-11-2023,Buttermilk Fried Chicken,Food,FOD-01,1,48000,48000,Digital Wallet,Dine in
8670,SUN-1448962,06-04-2023,Espreso Single,Drinks,DRK-01,1,22000,22000,Digital Wallet,Take Away
8671,SUN-4136297,15-01-2023,Choco Lava Cake,Dessert,DST-04,4,35000,140000,Digital Wallet,Online Order
8672,SUN-7680953,26-04-2023,Choco Lava Cake,Dessert,DST-04,1,35000,35000,Digital Wallet,Dine in
8673,SUN-3473696,17-11-2023,Iced Americano,Drinks,DRK-02,1,28000,28000,Cash,Take Away
8674,SUN-8575892,08-03-2023,Fudgy Brownies,Dessert,DST-02,3,25000,75000,Digital Wallet,Dine in
8675,SUN-5210944,03-02-2023,Nasi Goreng Kampung,Food,FOD-03,4,38000,152000,Debit Card,Online Order
8676,SUN-9324802,09-10-2023,Cafe Latte,Drinks,DRK-03,2,32000,64000,Debit Card,Take Away
8677,SUN-7789505,15-02-2023,Cinnamon Roll,Dessert,DST-05,4,28000,112000,Debit Card,Online Order
8678,SUN-3610969,21-03-2023,Cinnamon Roll,Dessert,DST-05,4,28000,112000,Debit Card,Online Order
8679,SUN-5585046,13-03-2023,Cinnamon Roll,Dessert,DST-05,4,28000,112000,Digital Wallet,Dine in
8680,SUN-3633098,26-04-2023,Club Sandwich,Food,FOD-05,2,45000,90000,Debit Card,Dine in
8681,SUN-6939531,10-11-2023,Iced Americano,Drinks,DRK-02,3,28000,84000,Digital Wallet,Dine in
8682,SUN-4514820,19-03-2023,Buttermilk Fried Chicken,Food,FOD-01,2,48000,96000,Debit Card,Dine in
8683,SUN-4802491,24-12-2023,Caramel Machiato,Drinks,DRK-04,3,38000,114000,Digital Wallet,Dine in
8684,SUN-4156161,23-12-2023,Beef Carbonara Pasta,Food,FOD-02,1,52000,52000,Digital Wallet,Online Order
8685,SUN-1181375,28-02-2023,Grill Chicken Caesar Salad,Food,FOD-04,2,42000,84000,Digital Wallet,Take Away
8686,SUN-3312744,17-10-2023,Club Sandwich,Food,FOD-05,1,45000,45000,Digital Wallet,Dine in
8687,SUN-9256969,19-07-2023,Grill Chicken Caesar Salad,Food,FOD-04,4,42000,168000,Debit Card,Online Order
8688,SUN-9568419,16-09-2023,New York Cheesecake,Dessert,DST-03,2,42000,84000,Digital Wallet,Online Order
8689,SUN-2629237,05-08-2023,New York Cheesecake,Dessert,DST-03,1,42000,42000,Digital Wallet,Online Order
8690,SUN-5548408,13-10-2023,Fudgy Brownies,Dessert,DST-02,4,25000,100000,Debit Card,Online Order
8691,SUN-2759884,13-03-2023,Grill Chicken Caesar Salad,Food,FOD-04,2,42000,84000,Debit Card,Dine in
8692,SUN-3011492,06-10-2023,Creamy Maycha Latte,Drinks,DRK-05,4,35000,140000,Digital Wallet,Dine in
8693,SUN-7456248,22-09-2023,New York Cheesecake,Dessert,DST-03,1,42000,42000,Debit Card,Dine in
8694,SUN-6767770,07-11-2023,Grill Chicken Caesar Salad,Food,FOD-04,4,42000,168000,Cash,Dine in
8695,SUN-3483124,17-06-2023,Classic Tirmaisu,Dessert,DST-01,2,38000,76000,Digital Wallet,Take Away
8696,SUN-1414359,26-03-2023,Nasi Goreng Kampung,Food,FOD-03,3,38000,114000,Debit Card,Online Order
8697,SUN-8291947,30-03-2023,New York Cheesecake,Dessert,DST-03,4,42000,168000,Digital Wallet,Take Away
8698,SUN-4800138,29-05-2023,Classic Tirmaisu,Dessert,DST-01,1,38000,38000,Cash,Dine in
8699,SUN-7025820,30-03-2023,Club Sandwich,Food,FOD-05,3,45000,135000,Digital Wallet,Dine in
8700,SUN-9759800,20-04-2023,Nasi Goreng Kampung,Food,FOD-03,4,38000,152000,Digital Wallet,Dine in
8701,SUN-5982083,17-08-2023,Nasi Goreng Kampung,Food,FOD-03,4,38000,152000,Digital Wallet,Take Away
8702,SUN-8280407,31-07-2023,Espreso Single,Drinks,DRK-01,4,22000,88000,Digital Wallet,Online Order
8703,SUN-2151899,13-01-2023,Classic Tirmaisu,Dessert,DST-01,4,38000,152000,Debit Card,Online Order
8704,SUN-6025455,01-12-2023,Fudgy Brownies,Dessert,DST-02,1,25000,25000,Debit Card,Take Away
8705,SUN-5446907,25-10-2023,Choco Lava Cake,Dessert,DST-04,4,35000,140000,Digital Wallet,Dine in
8706,SUN-6401625,04-02-2023,Classic Tirmaisu,Dessert,DST-01,1,38000,38000,Debit Card,Online Order
8707,SUN-2526408,20-10-2023,Cafe Latte,Drinks,DRK-03,3,32000,96000,Debit Card,Take Away
8708,SUN-4589809,22-08-2023,Beef Carbonara Pasta,Food,FOD-02,4,52000,208000,Cash,Dine in
8709,SUN-2113634,19-07-2023,Fudgy Brownies,Dessert,DST-02,1,25000,25000,Debit Card,Take Away
8710,SUN-4824320,01-09-2023,Iced Americano,Drinks,DRK-02,4,28000,112000,Cash,Take Away
8711,SUN-8777575,10-01-2023,Club Sandwich,Food,FOD-05,2,45000,90000,Cash,Take Away
8712,SUN-9056256,15-06-2023,Choco Lava Cake,Dessert,DST-04,2,35000,70000,Digital Wallet,Online Order
8713,SUN-2489973,12-09-2023,Espreso Single,Drinks,DRK-01,4,22000,88000,Cash,Take Away
8714,SUN-3434245,22-10-2023,New York Cheesecake,Dessert,DST-03,1,42000,42000,Digital Wallet,Online Order
8715,SUN-1137972,18-05-2023,Cinnamon Roll,Dessert,DST-05,3,28000,84000,Debit Card,Take Away
8716,SUN-3058916,23-12-2023,Cafe Latte,Drinks,DRK-03,4,32000,128000,Debit Card,Take Away
8717,SUN-2167612,25-01-2023,Fudgy Brownies,Dessert,DST-02,1,25000,25000,Digital Wallet,Dine in
8718,SUN-5980958,06-07-2023,Nasi Goreng Kampung,Food,FOD-03,3,38000,114000,Digital Wallet,Take Away
8719,SUN-2170154,24-04-2023,Nasi Goreng Kampung,Food,FOD-03,2,38000,76000,Cash,Take Away
8720,SUN-3803113,02-09-2023,Cafe Latte,Drinks,DRK-03,1,32000,32000,Digital Wallet,Online Order
8721,SUN-8798542,24-05-2023,Cafe Latte,Drinks,DRK-03,3,32000,96000,Debit Card,Dine in
8722,SUN-9164447,06-07-2023,Choco Lava Cake,Dessert,DST-04,1,35000,35000,Debit Card,Online Order
8723,SUN-4349382,14-02-2023,Buttermilk Fried Chicken,Food,FOD-01,2,48000,96000,Debit Card,Take Away
8724,SUN-1983752,05-08-2023,Nasi Goreng Kampung,Food,FOD-03,1,38000,38000,Debit Card,Take Away
8725,SUN-2331586,12-12-2023,Beef Carbonara Pasta,Food,FOD-02,1,52000,52000,Cash,Dine in
8726,SUN-4488892,29-10-2023,Cafe Latte,Drinks,DRK-03,4,32000,128000,Debit Card,Dine in
8727,SUN-1504107,05-06-2023,Beef Carbonara Pasta,Food,FOD-02,2,52000,104000,Cash,Dine in
8728,SUN-4802973,06-01-2023,Caramel Machiato,Drinks,DRK-04,3,38000,114000,Digital Wallet,Dine in
8729,SUN-4145776,23-10-2023,Classic Tirmaisu,Dessert,DST-01,4,38000,152000,Digital Wallet,Online Order
8730,SUN-6075094,30-08-2023,New York Cheesecake,Dessert,DST-03,1,42000,42000,Digital Wallet,Take Away
8731,SUN-6159736,07-08-2023,Cafe Latte,Drinks,DRK-03,4,32000,128000,Cash,Take Away
8732,SUN-6586888,28-01-2023,Grill Chicken Caesar Salad,Food,FOD-04,1,42000,42000,Digital Wallet,Online Order
8733,SUN-9639512,20-05-2023,Cafe Latte,Drinks,DRK-03,3,32000,96000,Debit Card,Dine in
8734,SUN-8685835,01-03-2023,Club Sandwich,Food,FOD-05,2,45000,90000,Debit Card,Take Away
8735,SUN-8420131,07-07-2023,Creamy Maycha Latte,Drinks,DRK-05,4,35000,140000,Digital Wallet,Online Order
8736,SUN-2691817,09-04-2023,Creamy Maycha Latte,Drinks,DRK-05,4,35000,140000,Cash,Online Order
8737,SUN-7517154,04-07-2023,Creamy Maycha Latte,Drinks,DRK-05,1,35000,35000,Cash,Dine in
8738,SUN-5724600,06-12-2023,Grill Chicken Caesar Salad,Food,FOD-04,4,42000,168000,Digital Wallet,Dine in
8739,SUN-7050434,19-05-2023,New York Cheesecake,Dessert,DST-03,1,42000,42000,Digital Wallet,Online Order
8740,SUN-4150287,26-05-2023,Espreso Single,Drinks,DRK-01,4,22000,88000,Debit Card,Dine in
8741,SUN-3487116,11-02-2023,Cinnamon Roll,Dessert,DST-05,3,28000,84000,Digital Wallet,Take Away
8742,SUN-8735508,21-09-2023,Club Sandwich,Food,FOD-05,1,45000,45000,Cash,Dine in
8743,SUN-7759247,02-11-2023,New York Cheesecake,Dessert,DST-03,1,42000,42000,Debit Card,Take Away
8744,SUN-5192059,02-10-2023,Nasi Goreng Kampung,Food,FOD-03,2,38000,76000,Debit Card,Dine in
8745,SUN-4903840,03-07-2023,Beef Carbonara Pasta,Food,FOD-02,2,52000,104000,Debit Card,Dine in
8746,SUN-1141397,03-05-2023,Caramel Machiato,Drinks,DRK-04,1,38000,38000,Debit Card,Take Away
8747,SUN-8471870,04-07-2023,Buttermilk Fried Chicken,Food,FOD-01,4,48000,192000,Digital Wallet,Take Away
8748,SUN-2602218,08-11-2023,Classic Tirmaisu,Dessert,DST-01,1,38000,38000,Digital Wallet,Online Order
8749,SUN-4099311,14-06-2023,Creamy Maycha Latte,Drinks,DRK-05,1,35000,35000,Cash,Take Away
8750,SUN-1996477,21-01-2023,Cinnamon Roll,Dessert,DST-05,1,28000,28000,Cash,Take Away
8751,SUN-1670357,03-06-2023,New York Cheesecake,Dessert,DST-03,1,42000,42000,Debit Card,Take Away
8752,SUN-8251712,02-11-2023,Creamy Maycha Latte,Drinks,DRK-05,3,35000,105000,Digital Wallet,Online Order
8753,SUN-6318942,01-12-2023,Cafe Latte,Drinks,DRK-03,3,32000,96000,Debit Card,Dine in
8754,SUN-1600060,19-01-2023,Espreso Single,Drinks,DRK-01,2,22000,44000,Debit Card,Dine in
8755,SUN-5498051,04-12-2023,New York Cheesecake,Dessert,DST-03,4,42000,168000,Debit Card,Online Order
8756,SUN-6637488,16-04-2023,Iced Americano,Drinks,DRK-02,3,28000,84000,Debit Card,Dine in
8757,SUN-1753525,27-09-2023,Cinnamon Roll,Dessert,DST-05,1,28000,28000,Cash,Dine in
8758,SUN-9272561,18-07-2023,Choco Lava Cake,Dessert,DST-04,3,35000,105000,Debit Card,Dine in
8759,SUN-7099420,18-01-2023,Choco Lava Cake,Dessert,DST-04,1,35000,35000,Debit Card,Dine in
8760,SUN-6079148,16-11-2023,Classic Tirmaisu,Dessert,DST-01,4,38000,152000,Digital Wallet,Online Order
8761,SUN-5534391,21-05-2023,Iced Americano,Drinks,DRK-02,2,28000,56000,Cash,Dine in
8762,SUN-9739860,17-01-2023,Caramel Machiato,Drinks,DRK-04,2,38000,76000,Digital Wallet,Dine in
8763,SUN-1576645,08-09-2023,Cinnamon Roll,Dessert,DST-05,1,28000,28000,Debit Card,Take Away
8764,SUN-5014472,10-11-2023,Fudgy Brownies,Dessert,DST-02,2,25000,50000,Debit Card,Dine in
8765,SUN-2392389,21-07-2023,Espreso Single,Drinks,DRK-01,2,22000,44000,Debit Card,Dine in
8766,SUN-2554515,20-02-2023,Grill Chicken Caesar Salad,Food,FOD-04,3,42000,126000,Cash,Take Away
8767,SUN-8804901,24-10-2023,Grill Chicken Caesar Salad,Food,FOD-04,2,42000,84000,Debit Card,Online Order
8768,SUN-7700942,16-08-2023,Cinnamon Roll,Dessert,DST-05,1,28000,28000,Debit Card,Dine in
8769,SUN-8585401,15-04-2023,Caramel Machiato,Drinks,DRK-04,3,38000,114000,Debit Card,Take Away
8770,SUN-8753144,17-12-2023,Cafe Latte,Drinks,DRK-03,3,32000,96000,Cash,Dine in
8771,SUN-7515965,11-11-2023,Beef Carbonara Pasta,Food,FOD-02,2,52000,104000,Digital Wallet,Dine in
8772,SUN-8825440,15-07-2023,Creamy Maycha Latte,Drinks,DRK-05,3,35000,105000,Digital Wallet,Dine in
8773,SUN-9425952,22-04-2023,Iced Americano,Drinks,DRK-02,4,28000,112000,Debit Card,Take Away
8774,SUN-8646414,23-02-2023,Club Sandwich,Food,FOD-05,4,45000,180000,Debit Card,Online Order
8775,SUN-4189348,18-06-2023,Nasi Goreng Kampung,Food,FOD-03,1,38000,38000,Digital Wallet,Dine in
8776,SUN-8642862,26-09-2023,Cinnamon Roll,Dessert,DST-04,3,28000,84000,Digital Wallet,Dine in
8777,SUN-4903821,04-04-2023,Cinnamon Roll,Dessert,DST-05,1,28000,28000,Debit Card,Online Order
8778,SUN-9168541,27-05-2023,Buttermilk Fried Chicken,Food,FOD-01,1,48000,48000,Digital Wallet,Take Away
8779,SUN-8347243,26-09-2023,Espreso Single,Drinks,DRK-01,1,22000,22000,Debit Card,Online Order
8780,SUN-7741623,10-12-2023,Choco Lava Cake,Dessert,DST-04,4,35000,140000,Debit Card,Take Away
8781,SUN-4793428,26-02-2023,Classic Tirmaisu,Dessert,DST-01,3,38000,114000,Cash,Take Away
8782,SUN-4883848,09-11-2023,Club Sandwich,Food,FOD-05,1,45000,45000,Debit Card,Dine in
8783,SUN-5571668,18-10-2023,Cafe Latte,Drinks,DRK-03,2,32000,64000,Digital Wallet,Online Order
8784,SUN-2919173,15-09-2023,Beef Carbonara Pasta,Food,FOD-02,1,52000,52000,Digital Wallet,Take Away
8785,SUN-8245592,10-09-2023,New York Cheesecake,Dessert,DST-03,1,42000,42000,Cash,Online Order
8786,SUN-3457607,06-11-2023,Iced Americano,Drinks,DRK-02,3,28000,84000,Debit Card,Dine in
8787,SUN-3660155,11-03-2023,Beef Carbonara Pasta,Food,FOD-02,2,52000,104000,Digital Wallet,Online Order
8788,SUN-7939641,02-09-2023,Choco Lava Cake,Dessert,DST-04,3,35000,105000,Debit Card,Dine in
8789,SUN-1911423,05-10-2023,Fudgy Brownies,Dessert,DST-02,1,25000,25000,Debit Card,Take Away
8790,SUN-3733438,29-08-2023,Choco Lava Cake,Dessert,DST-04,2,35000,70000,Digital Wallet,Online Order
8791,SUN-2505990,28-01-2023,Cafe Latte,Drinks,DRK-03,3,32000,96000,Digital Wallet,Take Away
8792,SUN-5819389,17-03-2023,Fudgy Brownies,Dessert,DST-02,1,25000,25000,Debit Card,Dine in
8793,SUN-9219262,07-06-2023,New York Cheesecake,Dessert,DST-03,2,42000,84000,Debit Card,Take Away
8794,SUN-3088435,23-04-2023,Club Sandwich,Food,FOD-05,4,45000,180000,Debit Card,Take Away
8795,SUN-4430303,25-10-2023,Iced Americano,Drinks,DRK-02,1,28000,28000,Debit Card,Online Order
8796,SUN-4016178,27-12-2023,Caramel Machiato,Drinks,DRK-04,4,38000,152000,Debit Card,Take Away
8797,SUN-9065877,05-04-2023,Club Sandwich,Food,FOD-05,1,45000,45000,Digital Wallet,Dine in
8798,SUN-5926219,01-02-2023,Iced Americano,Drinks,DRK-02,4,28000,112000,Cash,Dine in
8799,SUN-2652129,10-08-2023,Cinnamon Roll,Dessert,DST-05,1,28000,28000,Debit Card,Dine in
8800,SUN-2299992,11-04-2023,Buttermilk Fried Chicken,Food,FOD-01,1,48000,48000,Debit Card,Dine in
8801,SUN-1347046,15-01-2023,Iced Americano,Drinks,DRK-02,3,28000,84000,Digital Wallet,Dine in
8802,SUN-5400421,21-09-2023,Nasi Goreng Kampung,Food,FOD-03,1,38000,38000,Digital Wallet,Dine in
8803,SUN-4852055,01-01-2023,Classic Tirmaisu,Dessert,DST-01,4,38000,152000,Cash,Dine in
8804,SUN-9181458,09-09-2023,Creamy Maycha Latte,Drinks,DRK-05,1,35000,35000,Debit Card,Dine in
8805,SUN-1622109,04-06-2023,Creamy Maycha Latte,Drinks,DRK-05,1,35000,35000,Debit Card,Dine in
8806,SUN-8092744,15-03-2023,Fudgy Brownies,Dessert,DST-02,1,25000,25000,Debit Card,Online Order
8807,SUN-9635168,30-12-2023,Espreso Single,Drinks,DRK-01,2,22000,44000,Digital Wallet,Dine in
8808,SUN-8437417,06-05-2023,Iced Americano,Drinks,DRK-02,3,28000,84000,Digital Wallet,Online Order
8809,SUN-1613558,20-01-2023,Classic Tirmaisu,Dessert,DST-01,2,38000,76000,Digital Wallet,Dine in
8810,SUN-4917589,12-03-2023,Espreso Single,Drinks,DRK-01,4,22000,88000,Cash,Dine in
8811,SUN-4074116,04-03-2023,Buttermilk Fried Chicken,Food,FOD-01,3,48000,144000,Debit Card,Online Order
8812,SUN-7009717,14-06-2023,Classic Tirmaisu,Dessert,DST-01,2,38000,76000,Digital Wallet,Online Order
8813,SUN-1147686,07-01-2023,Caramel Machiato,Drinks,DRK-04,2,38000,76000,Cash,Dine in
8814,SUN-2137615,14-03-2023,Club Sandwich,Food,FOD-05,2,45000,90000,Cash,Dine in
8815,SUN-7127693,13-07-2023,Caramel Machiato,Drinks,DRK-04,2,38000,76000,Debit Card,Online Order
8816,SUN-3043107,17-07-2023,Caramel Machiato,Drinks,DRK-04,4,38000,152000,Debit Card,Dine in
8817,SUN-7877235,08-04-2023,Espreso Single,Drinks,DRK-01,3,22000,66000,Digital Wallet,Online Order
8818,SUN-3624268,09-05-2023,Cafe Latte,Drinks,DRK-03,4,32000,128000,Digital Wallet,Dine in
8819,SUN-6445099,18-01-2023,Fudgy Brownies,Dessert,DST-02,4,25000,100000,Digital Wallet,Dine in
8820,SUN-3855019,11-09-2023,Choco Lava Cake,Dessert,DST-04,1,35000,35000,Digital Wallet,Take Away
8821,SUN-7186091,04-02-2023,Espreso Single,Drinks,DRK-01,4,22000,88000,Digital Wallet,Dine in
8822,SUN-6782848,14-05-2023,Iced Americano,Drinks,DRK-02,3,28000,84000,Debit Card,Online Order
8823,SUN-1249279,29-01-2023,Cafe Latte,Drinks,DRK-03,3,32000,96000,Digital Wallet,Online Order
8824,SUN-6951005,01-05-2023,Club Sandwich,Food,FOD-05,1,45000,45000,Digital Wallet,Take Away
8825,SUN-2026028,03-09-2023,Fudgy Brownies,Dessert,DST-02,4,25000,100000,Debit Card,Take Away
8826,SUN-2706302,02-08-2023,Creamy Maycha Latte,Drinks,DRK-05,2,35000,70000,Cash,Dine in
8827,SUN-7187873,15-02-2023,Grill Chicken Caesar Salad,Food,FOD-04,2,42000,84000,Digital Wallet,Dine in
8828,SUN-8689954,18-12-2023,New York Cheesecake,Dessert,DST-03,3,42000,126000,Cash,Take Away
8829,SUN-2675924,16-12-2023,Cafe Latte,Drinks,DRK-03,1,32000,32000,Digital Wallet,Dine in
8830,SUN-6066361,13-12-2023,Iced Americano,Drinks,DRK-02,1,28000,28000,Digital Wallet,Dine in
8831,SUN-3409799,03-07-2023,Espreso Single,Drinks,DRK-01,4,22000,88000,Digital Wallet,Online Order
8832,SUN-1064569,16-09-2023,Creamy Maycha Latte,Drinks,DRK-05,3,35000,105000,Debit Card,Dine in
8833,SUN-6804074,22-04-2023,Beef Carbonara Pasta,Food,FOD-02,3,52000,156000,Debit Card,Online Order
8834,SUN-7752381,09-06-2023,Creamy Maycha Latte,Drinks,DRK-05,2,35000,70000,Digital Wallet,Online Order
8835,SUN-7793722,27-11-2023,Beef Carbonara Pasta,Food,FOD-02,2,52000,104000,Digital Wallet,Dine in
8836,SUN-1157769,13-03-2023,New York Cheesecake,Dessert,DST-03,1,42000,42000,Debit Card,Online Order
8837,SUN-7486109,13-10-2023,Nasi Goreng Kampung,Food,FOD-03,2,38000,76000,Digital Wallet,Dine in
8838,SUN-8833719,28-02-2023,Nasi Goreng Kampung,Food,FOD-03,2,38000,76000,Digital Wallet,Dine in
8839,SUN-2437018,07-05-2023,Fudgy Brownies,Dessert,DST-02,3,25000,75000,Debit Card,Dine in
8840,SUN-8544200,27-03-2023,Nasi Goreng Kampung,Food,FOD-03,3,38000,114000,Digital Wallet,Dine in
8841,SUN-9839925,02-08-2023,Creamy Maycha Latte,Drinks,DRK-05,1,35000,35000,Digital Wallet,Take Away
8842,SUN-5303719,29-12-2023,Buttermilk Fried Chicken,Food,FOD-01,4,48000,192000,Cash,Take Away
8843,SUN-2353786,18-08-2023,Iced Americano,Drinks,DRK-02,1,28000,28000,Digital Wallet,Dine in
8844,SUN-4769775,07-06-2023,Beef Carbonara Pasta,Food,FOD-02,2,52000,104000,Debit Card,Dine in
8845,SUN-3165292,08-12-2023,Beef Carbonara Pasta,Food,FOD-02,3,52000,156000,Digital Wallet,Take Away
8846,SUN-3224163,21-04-2023,Creamy Maycha Latte,Drinks,DRK-05,3,35000,105000,Cash,Dine in
8847,SUN-2499750,18-12-2023,Club Sandwich,Food,FOD-05,2,45000,90000,Digital Wallet,Dine in
8848,SUN-1314282,26-02-2023,Choco Lava Cake,Dessert,DST-04,1,35000,35000,Debit Card,Dine in
8849,SUN-8536623,25-09-2023,Espreso Single,Drinks,DRK-01,3,22000,66000,Cash,Dine in
8850,SUN-9078629,23-06-2023,Iced Americano,Drinks,DRK-02,3,28000,84000,Digital Wallet,Dine in
8851,SUN-3534221,27-02-2023,New York Cheesecake,Dessert,DST-03,1,42000,42000,Debit Card,Take Away
8852,SUN-3063607,11-09-2023,Creamy Maycha Latte,Drinks,DRK-05,1,35000,35000,Digital Wallet,Take Away
8853,SUN-1781360,06-08-2023,Beef Carbonara Pasta,Food,FOD-02,4,52000,208000,Cash,Take Away
8854,SUN-2517297,04-06-2023,Beef Carbonara Pasta,Food,FOD-02,1,52000,52000,Debit Card,Dine in
8855,SUN-8384229,30-01-2023,Nasi Goreng Kampung,Food,FOD-03,1,38000,38000,Debit Card,Dine in
8856,SUN-1916637,05-05-2023,New York Cheesecake,Dessert,DST-03,1,42000,42000,Cash,Take Away
8857,SUN-4860252,07-06-2023,Buttermilk Fried Chicken,Food,FOD-01,1,48000,48000,Cash,Dine in
8858,SUN-5841605,20-05-2023,Cinnamon Roll,Dessert,DST-05,2,28000,56000,Cash,Take Away
8859,SUN-7748363,04-10-2023,Espreso Single,Drinks,DRK-01,2,22000,44000,Digital Wallet,Dine in
8860,SUN-9185176,16-07-2023,Nasi Goreng Kampung,Food,FOD-03,3,38000,114000,Debit Card,Take Away
8861,SUN-4034453,27-10-2023,Cinnamon Roll,Dessert,DST-05,2,28000,56000,Debit Card,Dine in
8862,SUN-3572334,18-04-2023,New York Cheesecake,Dessert,DST-03,2,42000,84000,Cash,Take Away
8863,SUN-3325825,12-05-2023,Espreso Single,Drinks,DRK-01,3,22000,66000,Digital Wallet,Online Order
8864,SUN-6256600,24-04-2023,Classic Tirmaisu,Dessert,DST-01,1,38000,38000,Digital Wallet,Online Order
8865,SUN-5575947,14-04-2023,Grill Chicken Caesar Salad,Food,FOD-04,3,42000,126000,Cash,Dine in
8866,SUN-9013922,11-08-2023,Espreso Single,Drinks,DRK-01,4,22000,88000,Debit Card,Dine in
8867,SUN-3633913,22-09-2023,Buttermilk Fried Chicken,Food,FOD-01,4,48000,192000,Digital Wallet,Dine in
8868,SUN-5293190,05-07-2023,Grill Chicken Caesar Salad,Food,FOD-04,1,42000,42000,Debit Card,Online Order
8869,SUN-2422167,29-11-2023,Classic Tirmaisu,Dessert,DST-01,4,38000,152000,Digital Wallet,Take Away
8870,SUN-1128701,14-08-2023,Iced Americano,Drinks,DRK-02,1,28000,28000,Cash,Dine in
8871,SUN-1285284,30-10-2023,Buttermilk Fried Chicken,Food,FOD-01,2,48000,96000,Debit Card,Take Away
8872,SUN-6023174,26-10-2023,New York Cheesecake,Dessert,DST-03,4,42000,168000,Cash,Dine in
8873,SUN-2605848,08-09-2023,New York Cheesecake,Dessert,DST-03,2,42000,84000,Debit Card,Online Order
8874,SUN-4656381,18-10-2023,Beef Carbonara Pasta,Food,FOD-02,1,52000,52000,Debit Card,Online Order
8875,SUN-8922353,14-05-2023,New York Cheesecake,Dessert,DST-03,1,42000,42000,Debit Card,Dine in
8876,SUN-6397353,04-10-2023,Buttermilk Fried Chicken,Food,FOD-01,3,48000,144000,Digital Wallet,Dine in
8877,SUN-9806731,27-04-2023,Beef Carbonara Pasta,Food,FOD-02,3,52000,156000,Digital Wallet,Online Order
8878,SUN-3304966,17-03-2023,Classic Tirmaisu,Dessert,DST-01,3,38000,114000,Digital Wallet,Take Away
8879,SUN-7470368,01-10-2023,New York Cheesecake,Dessert,DST-03,3,42000,126000,Debit Card,Take Away
8880,SUN-3330539,17-04-2023,Choco Lava Cake,Dessert,DST-04,2,35000,70000,Debit Card,Dine in
8881,SUN-1574346,29-08-2023,Espreso Single,Drinks,DRK-01,2,22000,44000,Debit Card,Dine in
8882,SUN-2453953,28-02-2023,Iced Americano,Drinks,DRK-02,4,28000,112000,Debit Card,Online Order
8883,SUN-1603710,06-01-2023,Caramel Machiato,Drinks,DRK-04,2,38000,76000,Debit Card,Take Away
8884,SUN-3937248,28-11-2023,Iced Americano,Drinks,DRK-02,4,28000,112000,Digital Wallet,Dine in
8885,SUN-5824120,05-07-2023,Creamy Maycha Latte,Drinks,DRK-05,2,35000,70000,Digital Wallet,Online Order
8886,SUN-6620457,24-07-2023,Classic Tirmaisu,Dessert,DST-01,3,38000,114000,Debit Card,Dine in
8887,SUN-4302958,23-12-2023,Club Sandwich,Food,FOD-05,3,45000,135000,Debit Card,Take Away
8888,SUN-6677841,04-02-2023,Cafe Latte,Drinks,DRK-03,3,32000,96000,Digital Wallet,Take Away
8889,SUN-7479104,18-04-2023,Grill Chicken Caesar Salad,Food,FOD-04,4,42000,168000,Cash,Dine in
8890,SUN-8267375,13-08-2023,Buttermilk Fried Chicken,Food,FOD-01,4,48000,192000,Cash,Dine in
8891,SUN-3540786,18-12-2023,Grill Chicken Caesar Salad,Food,FOD-04,3,42000,126000,Debit Card,Take Away
8892,SUN-9737444,08-07-2023,Cinnamon Roll,Dessert,DST-05,1,28000,28000,Digital Wallet,Dine in
8893,SUN-9158965,23-10-2023,Espreso Single,Drinks,DRK-01,3,22000,66000,Cash,Dine in
8894,SUN-8322503,27-07-2023,Cafe Latte,Drinks,DRK-03,4,32000,128000,Digital Wallet,Dine in
8895,SUN-9877919,21-07-2023,Buttermilk Fried Chicken,Food,FOD-01,2,48000,96000,Digital Wallet,Dine in
8896,SUN-1779096,03-01-2023,Cafe Latte,Drinks,DRK-03,2,32000,64000,Digital Wallet,Take Away
8897,SUN-2189647,28-02-2023,Cinnamon Roll,Dessert,DST-05,3,28000,84000,Digital Wallet,Online Order
8898,SUN-9587395,19-03-2023,Iced Americano,Drinks,DRK-02,1,28000,28000,Debit Card,Online Order
8899,SUN-4673277,28-06-2023,Caramel Machiato,Drinks,DRK-04,4,38000,152000,Debit Card,Online Order
8900,SUN-9656719,31-08-2023,Nasi Goreng Kampung,Food,FOD-03,2,38000,76000,Cash,Online Order
8901,SUN-3492738,14-12-2023,Creamy Maycha Latte,Drinks,DRK-05,2,35000,70000,Digital Wallet,Take Away
8902,SUN-8801480,02-11-2023,New York Cheesecake,Dessert,DST-03,2,42000,84000,Debit Card,Take Away
8903,SUN-5358648,01-01-2023,Grill Chicken Caesar Salad,Food,FOD-04,1,42000,42000,Cash,Dine in
8904,SUN-9518203,04-06-2023,Beef Carbonara Pasta,Food,FOD-02,4,52000,208000,Cash,Dine in
8905,SUN-6165156,09-05-2023,Buttermilk Fried Chicken,Food,FOD-01,4,48000,192000,Cash,Online Order
8906,SUN-6831000,23-12-2023,Choco Lava Cake,Dessert,DST-04,4,35000,140000,Debit Card,Take Away
8907,SUN-9633487,07-05-2023,Espreso Single,Drinks,DRK-01,3,22000,66000,Debit Card,Take Away
8908,SUN-8363986,08-07-2023,Club Sandwich,Food,FOD-05,3,45000,135000,Digital Wallet,Online Order
8909,SUN-5461946,22-10-2023,Buttermilk Fried Chicken,Food,FOD-01,2,48000,96000,Cash,Dine in
8910,SUN-8210105,04-05-2023,Cinnamon Roll,Dessert,DST-05,3,28000,84000,Digital Wallet,Dine in
8911,SUN-9607673,18-01-2023,Club Sandwich,Food,FOD-05,1,45000,45000,Cash,Take Away
8912,SUN-2969056,13-07-2023,Cafe Latte,Drinks,DRK-03,3,32000,96000,Debit Card,Take Away
8913,SUN-9188882,01-04-2023,Beef Carbonara Pasta,Food,FOD-02,2,52000,104000,Cash,Take Away
8914,SUN-6331089,11-05-2023,Fudgy Brownies,Dessert,DST-02,2,25000,50000,Debit Card,Take Away
8915,SUN-5165427,28-11-2023,Creamy Maycha Latte,Drinks,DRK-05,4,35000,140000,Digital Wallet,Dine in
8916,SUN-4266990,13-07-2023,Espreso Single,Drinks,DRK-01,4,22000,88000,Digital Wallet,Dine in
8917,SUN-8703576,06-10-2023,Nasi Goreng Kampung,Food,FOD-03,3,38000,114000,Cash,Take Away
8918,SUN-9418079,27-07-2023,Club Sandwich,Food,FOD-05,4,45000,180000,Cash,Dine in
8919,SUN-1090960,13-04-2023,New York Cheesecake,Dessert,DST-03,3,42000,126000,Cash,Dine in
8920,SUN-8159837,09-05-2023,Buttermilk Fried Chicken,Food,FOD-01,1,48000,48000,Debit Card,Take Away
8921,SUN-2570027,12-10-2023,Classic Tirmaisu,Dessert,DST-01,1,38000,38000,Debit Card,Dine in
8922,SUN-6021143,09-09-2023,Beef Carbonara Pasta,Food,FOD-02,2,52000,104000,Debit Card,Dine in
8923,SUN-5270122,03-12-2023,Cafe Latte,Drinks,DRK-03,4,32000,128000,Debit Card,Online Order
8924,SUN-1573232,25-10-2023,Nasi Goreng Kampung,Food,FOD-03,4,38000,152000,Digital Wallet,Take Away
8925,SUN-9143650,22-12-2023,Cinnamon Roll,Dessert,DST-05,2,28000,56000,Debit Card,Take Away
8926,SUN-4515727,31-12-2023,Caramel Machiato,Drinks,DRK-04,4,38000,152000,Cash,Online Order
8927,SUN-3794564,24-12-2023,Classic Tirmaisu,Dessert,DST-01,2,38000,76000,Cash,Dine in
8928,SUN-8729394,15-08-2023,Choco Lava Cake,Dessert,DST-04,2,35000,70000,Debit Card,Dine in
8929,SUN-9957476,16-07-2023,Fudgy Brownies,Dessert,DST-02,3,25000,75000,Digital Wallet,Online Order
8930,SUN-5722837,08-06-2023,Buttermilk Fried Chicken,Food,FOD-01,3,48000,144000,Digital Wallet,Dine in
8931,SUN-6300675,10-02-2023,Cinnamon Roll,Dessert,DST-05,3,28000,84000,Cash,Take Away
8932,SUN-6378233,06-10-2023,Beef Carbonara Pasta,Food,FOD-02,3,52000,156000,Debit Card,Online Order
8933,SUN-8934161,10-07-2023,Cafe Latte,Drinks,DRK-03,1,32000,32000,Cash,Dine in
8934,SUN-6845119,14-05-2023,Beef Carbonara Pasta,Food,FOD-02,3,52000,156000,Digital Wallet,Take Away
8935,SUN-4376699,01-03-2023,Nasi Goreng Kampung,Food,FOD-03,4,38000,152000,Digital Wallet,Dine in
8936,SUN-6034505,11-12-2023,Iced Americano,Drinks,DRK-02,1,28000,28000,Cash,Take Away
8937,SUN-6775736,17-07-2023,Choco Lava Cake,Dessert,DST-04,2,35000,70000,Cash,Take Away
8938,SUN-5523430,12-07-2023,Club Sandwich,Food,FOD-05,1,45000,45000,Digital Wallet,Take Away
8939,SUN-7421315,29-01-2023,Choco Lava Cake,Dessert,DST-04,1,35000,35000,Debit Card,Dine in
8940,SUN-6882146,11-02-2023,Cafe Latte,Drinks,DRK-03,1,32000,32000,Cash,Dine in
8941,SUN-8869816,14-09-2023,Buttermilk Fried Chicken,Food,FOD-01,2,48000,96000,Digital Wallet,Take Away
8942,SUN-2108799,25-09-2023,Creamy Maycha Latte,Drinks,DRK-05,2,35000,70000,Digital Wallet,Online Order
8943,SUN-8319010,23-01-2023,Caramel Machiato,Drinks,DRK-04,4,38000,152000,Debit Card,Online Order
8944,SUN-2481725,22-07-2023,Nasi Goreng Kampung,Food,FOD-03,2,38000,76000,Digital Wallet,Online Order
8945,SUN-4392117,13-04-2023,Beef Carbonara Pasta,Food,FOD-02,2,52000,104000,Debit Card,Take Away
8946,SUN-8204776,30-10-2023,Cafe Latte,Drinks,DRK-03,2,32000,64000,Cash,Take Away
8947,SUN-6224497,09-11-2023,Classic Tirmaisu,Dessert,DST-01,3,38000,114000,Cash,Dine in
8948,SUN-9775031,12-03-2023,Caramel Machiato,Drinks,DRK-04,1,38000,38000,Cash,Dine in
8949,SUN-2082057,08-02-2023,Caramel Machiato,Drinks,DRK-04,3,38000,114000,Debit Card,Dine in
8950,SUN-3585013,20-02-2023,Fudgy Brownies,Dessert,DST-02,3,25000,75000,Debit Card,Take Away
8951,SUN-3065778,17-03-2023,Nasi Goreng Kampung,Food,FOD-03,4,38000,152000,Debit Card,Online Order
8952,SUN-3467448,22-11-2023,Nasi Goreng Kampung,Food,FOD-03,1,38000,38000,Debit Card,Online Order
8953,SUN-8209665,14-05-2023,Club Sandwich,Food,FOD-05,3,45000,135000,Debit Card,Take Away
8954,SUN-9286078,22-03-2023,Caramel Machiato,Drinks,DRK-04,3,38000,114000,Cash,Dine in
8955,SUN-7128278,07-05-2023,Club Sandwich,Food,FOD-05,4,45000,180000,Debit Card,Online Order
8956,SUN-1502973,26-07-2023,Cinnamon Roll,Dessert,DST-05,4,28000,112000,Debit Card,Take Away
8957,SUN-9500029,24-10-2023,New York Cheesecake,Dessert,DST-03,2,42000,84000,Digital Wallet,Online Order
8958,SUN-8286169,24-04-2023,Buttermilk Fried Chicken,Food,FOD-01,2,48000,96000,Cash,Take Away
8959,SUN-9291733,29-01-2023,Cinnamon Roll,Dessert,DST-05,4,28000,112000,Debit Card,Dine in
8960,SUN-9955413,17-11-2023,Iced Americano,Drinks,DRK-02,3,28000,84000,Debit Card,Take Away
8961,SUN-4921870,04-06-2023,Creamy Maycha Latte,Drinks,DRK-05,4,35000,140000,Debit Card,Dine in
8962,SUN-3504449,17-11-2023,Grill Chicken Caesar Salad,Food,FOD-04,2,42000,84000,Cash,Dine in
8963,SUN-9890030,24-10-2023,Nasi Goreng Kampung,Food,FOD-03,3,38000,114000,Digital Wallet,Dine in
8964,SUN-7782157,04-03-2023,Creamy Maycha Latte,Drinks,DRK-05,1,35000,35000,Debit Card,Take Away
8965,SUN-5527131,15-10-2023,Classic Tirmaisu,Dessert,DST-01,4,38000,152000,Debit Card,Take Away
8966,SUN-3582420,24-01-2023,Creamy Maycha Latte,Drinks,DRK-05,2,35000,70000,Digital Wallet,Dine in
8967,SUN-4194165,30-11-2023,Creamy Maycha Latte,Drinks,DRK-05,2,35000,70000,Cash,Take Away
8968,SUN-1948941,10-05-2023,Grill Chicken Caesar Salad,Food,FOD-04,1,42000,42000,Digital Wallet,Online Order
8969,SUN-5045037,10-01-2023,Beef Carbonara Pasta,Food,FOD-02,3,52000,156000,Digital Wallet,Online Order
8970,SUN-4817031,27-02-2023,Espreso Single,Drinks,DRK-01,4,22000,88000,Debit Card,Online Order
8971,SUN-6071028,29-12-2023,Creamy Maycha Latte,Drinks,DRK-05,4,35000,140000,Digital Wallet,Take Away
8972,SUN-9550582,14-06-2023,Buttermilk Fried Chicken,Food,FOD-01,3,48000,144000,Cash,Dine in
8973,SUN-4130925,28-05-2023,Classic Tirmaisu,Dessert,DST-01,2,38000,76000,Cash,Dine in
8974,SUN-8123116,23-05-2023,Classic Tirmaisu,Dessert,DST-01,3,38000,114000,Digital Wallet,Online Order
8975,SUN-3638135,27-11-2023,Cafe Latte,Drinks,DRK-03,4,32000,128000,Cash,Dine in
8976,SUN-9264595,11-01-2023,Iced Americano,Drinks,DRK-02,1,28000,28000,Debit Card,Online Order
8977,SUN-6960998,28-12-2023,Cafe Latte,Drinks,DRK-03,4,32000,128000,Digital Wallet,Online Order
8978,SUN-4831943,29-04-2023,Grill Chicken Caesar Salad,Food,FOD-04,3,42000,126000,Cash,Take Away
8979,SUN-6818224,09-06-2023,New York Cheesecake,Dessert,DST-03,4,42000,168000,Debit Card,Dine in
8980,SUN-9903192,01-11-2023,Nasi Goreng Kampung,Food,FOD-03,4,38000,152000,Debit Card,Dine in
8981,SUN-9787379,07-07-2023,Fudgy Brownies,Dessert,DST-02,3,25000,75000,Cash,Dine in
8982,SUN-1173286,21-07-2023,Fudgy Brownies,Dessert,DST-02,2,25000,50000,Digital Wallet,Dine in
8983,SUN-9290900,20-06-2023,Choco Lava Cake,Dessert,DST-04,2,35000,70000,Debit Card,Take Away
8984,SUN-8228376,29-12-2023,Iced Americano,Drinks,DRK-02,2,28000,56000,Cash,Take Away
8985,SUN-4139849,31-12-2023,Fudgy Brownies,Dessert,DST-02,3,25000,75000,Cash,Take Away
8986,SUN-8758180,03-08-2023,Cafe Latte,Drinks,DRK-03,3,32000,96000,Cash,Take Away
8987,SUN-9511390,02-07-2023,Fudgy Brownies,Dessert,DST-02,4,25000,100000,Debit Card,Take Away
8988,SUN-3377708,08-12-2023,Creamy Maycha Latte,Drinks,DRK-05,4,35000,140000,Digital Wallet,Take Away
8989,SUN-5314809,02-09-2023,Creamy Maycha Latte,Drinks,DRK-05,4,35000,140000,Cash,Take Away
8990,SUN-2833856,09-03-2023,Creamy Maycha Latte,Drinks,DRK-05,4,35000,140000,Cash,Dine in
8991,SUN-4228453,06-06-2023,Beef Carbonara Pasta,Food,FOD-02,3,52000,156000,Digital Wallet,Dine in
8992,SUN-5967753,01-05-2023,Cafe Latte,Drinks,DRK-03,1,32000,32000,Digital Wallet,Online Order
8993,SUN-4305599,21-09-2023,Iced Americano,Drinks,DRK-02,1,28000,28000,Digital Wallet,Dine in
8994,SUN-5959368,26-07-2023,Fudgy Brownies,Dessert,DST-02,4,25000,100000,Debit Card,Take Away
8995,SUN-3128570,13-09-2023,Buttermilk Fried Chicken,Food,FOD-01,4,48000,192000,Digital Wallet,Take Away
8996,SUN-8802528,24-02-2023,Grill Chicken Caesar Salad,Food,FOD-04,2,42000,84000,Cash,Take Away
8997,SUN-9255586,23-09-2023,Fudgy Brownies,Dessert,DST-02,3,25000,75000,Cash,Dine in
8998,SUN-3128962,22-06-2023,Fudgy Brownies,Dessert,DST-02,4,25000,100000,Digital Wallet,Take Away
8999,SUN-2736476,29-07-2023,Caramel Machiato,Drinks,DRK-04,1,38000,38000,Digital Wallet,Take Away
9000,SUN-5420565,24-10-2023,Creamy Maycha Latte,Drinks,DRK-05,4,35000,140000,Cash,Dine in
9001,SUN-3254210,20-06-2023,Iced Americano,Drinks,DRK-02,2,28000,56000,Digital Wallet,Dine in
9002,SUN-1316392,12-09-2023,Iced Americano,Drinks,DRK-02,1,28000,28000,Debit Card,Take Away
9003,SUN-1277562,26-04-2023,Classic Tirmaisu,Dessert,DST-01,2,38000,76000,Digital Wallet,Take Away
9004,SUN-1042753,15-03-2023,New York Cheesecake,Dessert,DST-03,3,42000,126000,Digital Wallet,Dine in
9005,SUN-7320340,18-07-2023,Buttermilk Fried Chicken,Food,FOD-01,3,48000,144000,Digital Wallet,Take Away
9006,SUN-6351452,20-12-2023,Beef Carbonara Pasta,Food,FOD-02,4,52000,208000,Digital Wallet,Take Away
9007,SUN-3701071,19-07-2023,Club Sandwich,Food,FOD-05,1,45000,45000,Debit Card,Dine in
9008,SUN-4545022,27-03-2023,Nasi Goreng Kampung,Food,FOD-03,2,38000,76000,Digital Wallet,Online Order
9009,SUN-3512323,11-08-2023,Beef Carbonara Pasta,Food,FOD-02,1,52000,52000,Digital Wallet,Online Order
9010,SUN-6139420,14-06-2023,Cinnamon Roll,Dessert,DST-05,4,28000,112000,Digital Wallet,Online Order
9011,SUN-3464393,21-01-2023,Fudgy Brownies,Dessert,DST-02,1,25000,25000,Debit Card,Online Order
9012,SUN-9473220,06-01-2023,Cinnamon Roll,Dessert,DST-05,4,28000,112000,Debit Card,Dine in
9013,SUN-3909411,06-02-2023,Club Sandwich,Food,FOD-05,4,45000,180000,Digital Wallet,Take Away
9014,SUN-8843303,05-05-2023,Club Sandwich,Food,FOD-05,1,45000,45000,Digital Wallet,Online Order
9015,SUN-5416293,27-09-2023,Creamy Maycha Latte,Drinks,DRK-05,2,35000,70000,Debit Card,Dine in
9016,SUN-1201419,21-08-2023,Cinnamon Roll,Dessert,DST-05,3,28000,84000,Cash,Dine in
9017,SUN-3071534,29-09-2023,Cafe Latte,Drinks,DRK-03,2,32000,64000,Cash,Dine in
9018,SUN-2492543,14-05-2023,Buttermilk Fried Chicken,Food,FOD-01,2,48000,96000,Debit Card,Dine in
9019,SUN-1292554,16-02-2023,Choco Lava Cake,Dessert,DST-04,3,35000,105000,Debit Card,Dine in
9020,SUN-9159439,30-06-2023,Iced Americano,Drinks,DRK-02,4,28000,112000,Cash,Take Away
9021,SUN-5785304,07-10-2023,Fudgy Brownies,Dessert,DST-02,3,25000,75000,Digital Wallet,Take Away
9022,SUN-1470922,27-11-2023,Cinnamon Roll,Dessert,DST-05,4,28000,112000,Debit Card,Take Away
9023,SUN-1435683,13-12-2023,Nasi Goreng Kampung,Food,FOD-03,3,38000,114000,Debit Card,Take Away
9024,SUN-1526954,17-04-2023,Fudgy Brownies,Dessert,DST-02,3,25000,75000,Cash,Dine in
9025,SUN-4136387,13-12-2023,Beef Carbonara Pasta,Food,FOD-02,3,52000,156000,Digital Wallet,Dine in
9026,SUN-3963005,13-07-2023,Fudgy Brownies,Dessert,DST-02,3,25000,75000,Debit Card,Dine in
9027,SUN-2024808,24-07-2023,Classic Tirmaisu,Dessert,DST-01,2,38000,76000,Cash,Dine in
9028,SUN-6597390,01-10-2023,Club Sandwich,Food,FOD-05,3,45000,135000,Debit Card,Take Away
9029,SUN-5257772,22-02-2023,Cinnamon Roll,Dessert,DST-05,3,28000,84000,Digital Wallet,Dine in
9030,SUN-1725758,04-06-2023,Grill Chicken Caesar Salad,Food,FOD-04,1,42000,42000,Cash,Dine in
9031,SUN-7219973,12-10-2023,Cinnamon Roll,Dessert,DST-05,2,28000,56000,Digital Wallet,Dine in
9032,SUN-9400864,17-09-2023,Beef Carbonara Pasta,Food,FOD-02,1,52000,52000,Digital Wallet,Dine in
9033,SUN-5072129,08-07-2023,Buttermilk Fried Chicken,Food,FOD-01,4,48000,192000,Digital Wallet,Online Order
9034,SUN-9491128,27-09-2023,Beef Carbonara Pasta,Food,FOD-02,4,52000,208000,Digital Wallet,Online Order
9035,SUN-4968988,27-11-2023,Nasi Goreng Kampung,Food,FOD-03,2,38000,76000,Digital Wallet,Online Order
9036,SUN-4779954,03-11-2023,Creamy Maycha Latte,Drinks,DRK-05,3,35000,105000,Debit Card,Online Order
9037,SUN-6878027,16-07-2023,Nasi Goreng Kampung,Food,FOD-03,3,38000,114000,Digital Wallet,Take Away
9038,SUN-4357036,21-12-2023,Choco Lava Cake,Dessert,DST-04,1,35000,35000,Digital Wallet,Take Away
9039,SUN-9120722,19-03-2023,Cafe Latte,Drinks,DRK-03,1,32000,32000,Digital Wallet,Dine in
9040,SUN-9158209,25-08-2023,Espreso Single,Drinks,DRK-01,4,22000,88000,Debit Card,Take Away
9041,SUN-8309529,12-02-2023,Cafe Latte,Drinks,DRK-03,1,32000,32000,Debit Card,Online Order
9042,SUN-7001700,30-10-2023,Cafe Latte,Drinks,DRK-03,3,32000,96000,Debit Card,Dine in
9043,SUN-6529959,09-01-2023,Creamy Maycha Latte,Drinks,DRK-05,3,35000,105000,Cash,Take Away
9044,SUN-8605931,04-02-2023,Beef Carbonara Pasta,Food,FOD-02,2,52000,104000,Debit Card,Online Order
9045,SUN-7499662,22-11-2023,Iced Americano,Drinks,DRK-02,1,28000,28000,Digital Wallet,Take Away
9046,SUN-4551037,27-01-2023,Nasi Goreng Kampung,Food,FOD-03,3,38000,114000,Digital Wallet,Online Order
9047,SUN-4624934,03-12-2023,Caramel Machiato,Drinks,DRK-04,4,38000,152000,Digital Wallet,Online Order
9048,SUN-5488929,07-05-2023,Beef Carbonara Pasta,Food,FOD-02,2,52000,104000,Digital Wallet,Dine in
9049,SUN-3216078,04-02-2023,Cafe Latte,Drinks,DRK-03,1,32000,32000,Debit Card,Online Order
9050,SUN-1467401,17-05-2023,Beef Carbonara Pasta,Food,FOD-02,1,52000,52000,Cash,Dine in
9051,SUN-6231722,06-09-2023,Fudgy Brownies,Dessert,DST-02,3,25000,75000,Digital Wallet,Dine in
9052,SUN-5552843,22-12-2023,Caramel Machiato,Drinks,DRK-04,4,38000,152000,Cash,Take Away
9053,SUN-5245229,18-04-2023,Espreso Single,Drinks,DRK-01,2,22000,44000,Digital Wallet,Online Order
9054,SUN-4509612,28-08-2023,Creamy Maycha Latte,Drinks,DRK-05,4,35000,140000,Debit Card,Dine in
9055,SUN-2225806,15-11-2023,Choco Lava Cake,Dessert,DST-04,1,35000,35000,Cash,Take Away
9056,SUN-4761987,13-06-2023,Creamy Maycha Latte,Drinks,DRK-05,4,35000,140000,Cash,Dine in
9057,SUN-7094371,19-12-2023,Espreso Single,Drinks,DRK-01,4,22000,88000,Cash,Dine in
9058,SUN-4396630,27-03-2023,New York Cheesecake,Dessert,DST-03,4,42000,168000,Cash,Dine in
9059,SUN-2470997,14-06-2023,Cinnamon Roll,Dessert,DST-05,3,28000,84000,Debit Card,Take Away
9060,SUN-8163001,06-04-2023,Cafe Latte,Drinks,DRK-03,1,32000,32000,Digital Wallet,Online Order
9061,SUN-3162744,21-05-2023,Cafe Latte,Drinks,DRK-03,1,32000,32000,Digital Wallet,Dine in
9062,SUN-2711204,14-08-2023,Espreso Single,Drinks,DRK-01,3,22000,66000,Digital Wallet,Dine in
9063,SUN-6615493,25-11-2023,Fudgy Brownies,Dessert,DST-02,2,25000,50000,Digital Wallet,Take Away
9064,SUN-5878736,16-11-2023,Iced Americano,Drinks,DRK-02,1,28000,28000,Digital Wallet,Dine in
9065,SUN-5161488,13-04-2023,Choco Lava Cake,Dessert,DST-04,3,35000,105000,Digital Wallet,Dine in
9066,SUN-6881466,19-09-2023,Choco Lava Cake,Dessert,DST-04,2,35000,70000,Debit Card,Online Order
9067,SUN-7573106,22-11-2023,Choco Lava Cake,Dessert,DST-04,3,35000,105000,Debit Card,Take Away
9068,SUN-5844702,16-12-2023,Nasi Goreng Kampung,Food,FOD-03,1,38000,38000,Cash,Online Order
9069,SUN-1297236,15-12-2023,Creamy Maycha Latte,Drinks,DRK-05,3,35000,105000,Debit Card,Online Order
9070,SUN-3168149,25-03-2023,Fudgy Brownies,Dessert,DST-02,1,25000,25000,Digital Wallet,Online Order
9071,SUN-6923514,22-03-2023,Iced Americano,Drinks,DRK-02,1,28000,28000,Digital Wallet,Online Order
9072,SUN-6878718,25-09-2023,Buttermilk Fried Chicken,Food,FOD-01,4,48000,192000,Digital Wallet,Online Order
9073,SUN-5871120,25-05-2023,Grill Chicken Caesar Salad,Food,FOD-04,1,42000,42000,Cash,Dine in
9074,SUN-8345619,06-06-2023,Buttermilk Fried Chicken,Food,FOD-01,1,48000,48000,Cash,Dine in
9075,SUN-6009356,05-10-2023,Iced Americano,Drinks,DRK-02,4,28000,112000,Digital Wallet,Online Order
9076,SUN-4975397,13-07-2023,Espreso Single,Drinks,DRK-01,3,22000,66000,Digital Wallet,Online Order
9077,SUN-5031393,30-03-2023,Grill Chicken Caesar Salad,Food,FOD-04,2,42000,84000,Debit Card,Take Away
9078,SUN-4610693,27-12-2023,Classic Tirmaisu,Dessert,DST-01,2,38000,76000,Debit Card,Take Away
9079,SUN-4527020,10-09-2023,Fudgy Brownies,Dessert,DST-02,2,25000,50000,Debit Card,Online Order
9080,SUN-2781213,11-05-2023,Classic Tirmaisu,Dessert,DST-01,2,38000,76000,Debit Card,Dine in
9081,SUN-8482329,06-06-2023,Cinnamon Roll,Dessert,DST-05,2,28000,56000,Digital Wallet,Take Away
9082,SUN-9158516,28-06-2023,New York Cheesecake,Dessert,DST-03,2,42000,84000,Digital Wallet,Dine in
9083,SUN-6199685,20-12-2023,Grill Chicken Caesar Salad,Food,FOD-04,3,42000,126000,Digital Wallet,Dine in
9084,SUN-4814924,11-08-2023,Fudgy Brownies,Dessert,DST-02,1,25000,25000,Cash,Take Away
9085,SUN-6795836,10-11-2023,Cafe Latte,Drinks,DRK-03,2,32000,64000,Debit Card,Online Order
9086,SUN-3091085,05-07-2023,Grill Chicken Caesar Salad,Food,FOD-04,4,42000,168000,Cash,Take Away
9087,SUN-9793370,12-12-2023,Buttermilk Fried Chicken,Food,FOD-01,2,48000,96000,Digital Wallet,Take Away
9088,SUN-5367093,22-06-2023,Cinnamon Roll,Dessert,DST-05,2,28000,56000,Debit Card,Online Order
9089,SUN-9065871,01-08-2023,Beef Carbonara Pasta,Food,FOD-02,2,52000,104000,Cash,Dine in
9090,SUN-7971920,02-12-2023,Beef Carbonara Pasta,Food,FOD-02,4,52000,208000,Cash,Dine in
9091,SUN-2042448,03-10-2023,Cinnamon Roll,Dessert,DST-05,2,28000,56000,Debit Card,Online Order
9092,SUN-8027347,03-10-2023,Cafe Latte,Drinks,DRK-03,3,32000,96000,Debit Card,Dine in
9093,SUN-9158798,04-04-2023,Beef Carbonara Pasta,Food,FOD-02,3,52000,156000,Digital Wallet,Online Order
9094,SUN-4055927,09-06-2023,Beef Carbonara Pasta,Food,FOD-02,3,52000,156000,Digital Wallet,Dine in
9095,SUN-6602130,16-09-2023,Buttermilk Fried Chicken,Food,FOD-01,2,48000,96000,Digital Wallet,Take Away
9096,SUN-9988517,29-05-2023,Cafe Latte,Drinks,DRK-03,2,32000,64000,Digital Wallet,Dine in
9097,SUN-1470925,13-02-2023,Espreso Single,Drinks,DRK-01,3,22000,66000,Digital Wallet,Dine in
9098,SUN-6662369,25-06-2023,Espreso Single,Drinks,DRK-01,3,22000,66000,Cash,Take Away
9099,SUN-9935219,17-04-2023,Fudgy Brownies,Dessert,DST-02,3,25000,75000,Debit Card,Take Away
9100,SUN-3636598,26-06-2023,Nasi Goreng Kampung,Food,FOD-03,3,38000,114000,Debit Card,Online Order
9101,SUN-5700335,04-09-2023,Beef Carbonara Pasta,Food,FOD-02,2,52000,104000,Digital Wallet,Take Away
9102,SUN-1357901,03-03-2023,New York Cheesecake,Dessert,DST-03,1,42000,42000,Cash,Online Order
9103,SUN-5750414,15-11-2023,Creamy Maycha Latte,Drinks,DRK-05,4,35000,140000,Debit Card,Online Order
9104,SUN-4097189,03-04-2023,Espreso Single,Drinks,DRK-01,2,22000,44000,Cash,Dine in
9105,SUN-9334996,08-03-2023,Cafe Latte,Drinks,DRK-03,4,32000,128000,Debit Card,Dine in
9106,SUN-7811705,01-10-2023,Classic Tirmaisu,Dessert,DST-01,2,38000,76000,Digital Wallet,Online Order
9107,SUN-4730788,18-02-2023,Buttermilk Fried Chicken,Food,FOD-01,2,48000,96000,Digital Wallet,Dine in
9108,SUN-1693103,03-05-2023,Choco Lava Cake,Dessert,DST-04,3,35000,105000,Digital Wallet,Online Order
9109,SUN-7807081,04-02-2023,Club Sandwich,Food,FOD-05,2,45000,90000,Digital Wallet,Take Away
9110,SUN-4339373,16-05-2023,Espreso Single,Drinks,DRK-01,1,22000,22000,Digital Wallet,Dine in
9111,SUN-9226376,06-01-2023,Cinnamon Roll,Dessert,DST-05,4,28000,112000,Digital Wallet,Dine in
9112,SUN-9609574,12-09-2023,Choco Lava Cake,Dessert,DST-04,3,35000,105000,Debit Card,Dine in
9113,SUN-5910923,11-04-2023,Club Sandwich,Food,FOD-05,2,45000,90000,Digital Wallet,Dine in
9114,SUN-6731717,05-07-2023,Choco Lava Cake,Dessert,DST-04,2,35000,70000,Debit Card,Take Away
9115,SUN-7415216,14-06-2023,Cafe Latte,Drinks,DRK-03,3,32000,96000,Digital Wallet,Dine in
9116,SUN-1938815,07-02-2023,Grill Chicken Caesar Salad,Food,FOD-04,3,42000,126000,Digital Wallet,Dine in
9117,SUN-7567325,17-01-2023,Iced Americano,Drinks,DRK-02,3,28000,84000,Digital Wallet,Take Away
9118,SUN-5307143,29-08-2023,Grill Chicken Caesar Salad,Food,FOD-04,1,42000,42000,Digital Wallet,Take Away
9119,SUN-6116284,22-02-2023,Caramel Machiato,Drinks,DRK-04,1,38000,38000,Cash,Dine in
9120,SUN-8299841,11-11-2023,Beef Carbonara Pasta,Food,FOD-02,1,52000,52000,Cash,Dine in
9121,SUN-3255645,07-09-2023,Fudgy Brownies,Dessert,DST-02,3,25000,75000,Cash,Take Away
9122,SUN-9702346,14-09-2023,Espreso Single,Drinks,DRK-01,2,22000,44000,Debit Card,Dine in
9123,SUN-6120851,12-11-2023,Club Sandwich,Food,FOD-05,4,45000,180000,Digital Wallet,Take Away
9124,SUN-4440577,27-08-2023,Cinnamon Roll,Dessert,DST-04,1,28000,28000,Debit Card,Take Away
9125,SUN-5713989,15-01-2023,New York Cheesecake,Dessert,DST-03,2,42000,84000,Digital Wallet,Take Away
9126,SUN-3256951,12-05-2023,Grill Chicken Caesar Salad,Food,FOD-04,1,42000,42000,Debit Card,Online Order
9127,SUN-2772141,06-10-2023,Iced Americano,Drinks,DRK-02,3,28000,84000,Digital Wallet,Dine in
9128,SUN-8905048,09-06-2023,New York Cheesecake,Dessert,DST-03,2,42000,84000,Cash,Dine in
9129,SUN-4055331,23-04-2023,Caramel Machiato,Drinks,DRK-04,4,38000,152000,Digital Wallet,Online Order
9130,SUN-3505951,10-08-2023,New York Cheesecake,Dessert,DST-03,1,42000,42000,Digital Wallet,Online Order
9131,SUN-6692404,01-06-2023,Nasi Goreng Kampung,Food,FOD-03,2,38000,76000,Debit Card,Take Away
9132,SUN-2316048,18-10-2023,Caramel Machiato,Drinks,DRK-04,2,38000,76000,Debit Card,Take Away
9133,SUN-4360435,16-12-2023,Classic Tirmaisu,Dessert,DST-01,3,38000,114000,Digital Wallet,Online Order
9134,SUN-9822823,02-04-2023,Cinnamon Roll,Dessert,DST-05,2,28000,56000,Cash,Dine in
9135,SUN-3731961,10-05-2023,Iced Americano,Drinks,DRK-02,1,28000,28000,Debit Card,Dine in
9136,SUN-8385076,18-12-2023,Cafe Latte,Drinks,DRK-03,3,32000,96000,Digital Wallet,Dine in
9137,SUN-9264961,13-03-2023,Choco Lava Cake,Dessert,DST-04,3,35000,105000,Debit Card,Dine in
9138,SUN-6190088,06-08-2023,Fudgy Brownies,Dessert,DST-02,2,25000,50000,Cash,Dine in
9139,SUN-3639230,31-10-2023,Creamy Maycha Latte,Drinks,DRK-05,1,35000,35000,Cash,Dine in
9140,SUN-2923143,28-09-2023,Creamy Maycha Latte,Drinks,DRK-05,2,35000,70000,Cash,Online Order
9141,SUN-5396211,21-03-2023,Nasi Goreng Kampung,Food,FOD-03,3,38000,114000,Debit Card,Online Order
9142,SUN-4154224,29-05-2023,New York Cheesecake,Dessert,DST-03,2,42000,84000,Digital Wallet,Online Order
9143,SUN-4938131,16-08-2023,New York Cheesecake,Dessert,DST-03,1,42000,42000,Digital Wallet,Take Away
9144,SUN-6367695,24-10-2023,New York Cheesecake,Dessert,DST-03,3,42000,126000,Debit Card,Online Order
9145,SUN-2893033,09-08-2023,Cafe Latte,Drinks,DRK-03,1,32000,32000,Cash,Dine in
9146,SUN-2600618,11-07-2023,Caramel Machiato,Drinks,DRK-04,2,38000,76000,Cash,Take Away
9147,SUN-4986294,28-02-2023,Club Sandwich,Food,FOD-05,4,45000,180000,Debit Card,Dine in
9148,SUN-6548739,31-12-2023,Espreso Single,Drinks,DRK-01,2,22000,44000,Cash,Dine in
9149,SUN-6385033,17-10-2023,Espreso Single,Drinks,DRK-01,1,22000,22000,Cash,Take Away
9150,SUN-4328911,02-12-2023,Iced Americano,Drinks,DRK-02,4,28000,112000,Digital Wallet,Online Order
9151,SUN-6306269,23-08-2023,Club Sandwich,Food,FOD-05,3,45000,135000,Cash,Dine in
9152,SUN-4489225,17-12-2023,Choco Lava Cake,Dessert,DST-04,2,35000,70000,Debit Card,Dine in
9153,SUN-6577695,04-02-2023,Cinnamon Roll,Dessert,DST-05,3,28000,84000,Debit Card,Online Order
9154,SUN-1284549,24-01-2023,Grill Chicken Caesar Salad,Food,FOD-04,3,42000,126000,Debit Card,Dine in
9155,SUN-2929110,27-09-2023,Fudgy Brownies,Dessert,DST-02,4,25000,100000,Digital Wallet,Online Order
9156,SUN-2522301,14-07-2023,Creamy Maycha Latte,Drinks,DRK-05,1,35000,35000,Digital Wallet,Take Away
9157,SUN-3371427,15-05-2023,Cinnamon Roll,Dessert,DST-04,1,28000,28000,Cash,Take Away
9158,SUN-2366664,16-02-2023,Club Sandwich,Food,FOD-05,4,45000,180000,Debit Card,Take Away
9159,SUN-7242351,06-05-2023,Buttermilk Fried Chicken,Food,FOD-01,4,48000,192000,Debit Card,Online Order
9160,SUN-4018078,14-06-2023,Buttermilk Fried Chicken,Food,FOD-01,2,48000,96000,Debit Card,Online Order
9161,SUN-7755243,29-09-2023,Buttermilk Fried Chicken,Food,FOD-01,4,48000,192000,Digital Wallet,Online Order
9162,SUN-1234569,06-09-2023,Cinnamon Roll,Dessert,DST-05,1,28000,28000,Cash,Dine in
9163,SUN-1446276,15-01-2023,Choco Lava Cake,Dessert,DST-04,3,35000,105000,Digital Wallet,Take Away
9164,SUN-2305719,09-03-2023,Club Sandwich,Food,FOD-05,1,45000,45000,Debit Card,Dine in
9165,SUN-1240188,11-10-2023,Grill Chicken Caesar Salad,Food,FOD-04,3,42000,126000,Digital Wallet,Take Away
9166,SUN-4066636,01-07-2023,Caramel Machiato,Drinks,DRK-04,1,38000,38000,Debit Card,Online Order
9167,SUN-5515054,01-08-2023,Club Sandwich,Food,FOD-05,2,45000,90000,Digital Wallet,Dine in
9168,SUN-3774626,25-04-2023,Iced Americano,Drinks,DRK-02,1,28000,28000,Cash,Dine in
9169,SUN-6539853,17-09-2023,Beef Carbonara Pasta,Food,FOD-02,2,52000,104000,Debit Card,Online Order
9170,SUN-2072632,21-08-2023,Club Sandwich,Food,FOD-05,4,45000,180000,Digital Wallet,Take Away
9171,SUN-7041370,08-10-2023,Caramel Machiato,Drinks,DRK-04,3,38000,114000,Debit Card,Online Order
9172,SUN-3848147,30-05-2023,Classic Tirmaisu,Dessert,DST-01,2,38000,76000,Digital Wallet,Online Order
9173,SUN-6462603,11-11-2023,Cafe Latte,Drinks,DRK-03,1,32000,32000,Debit Card,Online Order
9174,SUN-3577020,14-03-2023,Club Sandwich,Food,FOD-05,1,45000,45000,Digital Wallet,Online Order
9175,SUN-4064490,09-11-2023,Iced Americano,Drinks,DRK-02,3,28000,84000,Debit Card,Take Away
9176,SUN-1910996,30-09-2023,Cinnamon Roll,Dessert,DST-05,3,28000,84000,Cash,Dine in
9177,SUN-1617977,14-04-2023,Nasi Goreng Kampung,Food,FOD-03,2,38000,76000,Debit Card,Dine in
9178,SUN-9602429,01-10-2023,Grill Chicken Caesar Salad,Food,FOD-04,3,42000,126000,Cash,Take Away
9179,SUN-4289525,22-07-2023,Cafe Latte,Drinks,DRK-03,2,32000,64000,Debit Card,Online Order
9180,SUN-5327631,28-08-2023,Beef Carbonara Pasta,Food,FOD-02,4,52000,208000,Cash,Dine in
9181,SUN-1346289,12-07-2023,Caramel Machiato,Drinks,DRK-04,1,38000,38000,Cash,Dine in
9182,SUN-5095396,04-02-2023,Buttermilk Fried Chicken,Food,FOD-01,1,48000,48000,Digital Wallet,Online Order
9183,SUN-3101910,23-09-2023,Fudgy Brownies,Dessert,DST-02,3,25000,75000,Debit Card,Take Away
9184,SUN-7722059,16-03-2023,Fudgy Brownies,Dessert,DST-02,2,25000,50000,Digital Wallet,Online Order
9185,SUN-8531927,26-10-2023,Fudgy Brownies,Dessert,DST-02,4,25000,100000,Debit Card,Dine in
9186,SUN-8608643,21-09-2023,Classic Tirmaisu,Dessert,DST-01,2,38000,76000,Digital Wallet,Take Away
9187,SUN-4847535,16-05-2023,Caramel Machiato,Drinks,DRK-04,4,38000,152000,Debit Card,Dine in
9188,SUN-3382186,22-08-2023,Classic Tirmaisu,Dessert,DST-01,2,38000,76000,Debit Card,Dine in
9189,SUN-2887189,21-07-2023,Cafe Latte,Drinks,DRK-03,1,32000,32000,Cash,Take Away
9190,SUN-2942508,04-04-2023,Grill Chicken Caesar Salad,Food,FOD-04,3,42000,126000,Digital Wallet,Take Away
9191,SUN-5144203,11-08-2023,Club Sandwich,Food,FOD-05,2,45000,90000,Debit Card,Dine in
9192,SUN-1715051,19-04-2023,Grill Chicken Caesar Salad,Food,FOD-04,1,42000,42000,Debit Card,Take Away
9193,SUN-9337539,21-02-2023,Choco Lava Cake,Dessert,DST-04,2,35000,70000,Debit Card,Online Order
9194,SUN-8246407,13-01-2023,Grill Chicken Caesar Salad,Food,FOD-04,4,42000,168000,Digital Wallet,Online Order
9195,SUN-3330602,23-11-2023,Fudgy Brownies,Dessert,DST-02,3,25000,75000,Cash,Dine in
9196,SUN-8848050,19-09-2023,Choco Lava Cake,Dessert,DST-04,2,35000,70000,Cash,Dine in
9197,SUN-9940521,27-07-2023,Beef Carbonara Pasta,Food,FOD-02,2,52000,104000,Cash,Dine in
9198,SUN-3135157,14-10-2023,Espreso Single,Drinks,DRK-01,4,22000,88000,Debit Card,Online Order
9199,SUN-7315868,17-02-2023,New York Cheesecake,Dessert,DST-03,3,42000,126000,Digital Wallet,Online Order
9200,SUN-6643023,27-05-2023,Cafe Latte,Drinks,DRK-03,1,32000,32000,Cash,Take Away
9201,SUN-4325002,08-07-2023,Iced Americano,Drinks,DRK-02,1,28000,28000,Digital Wallet,Take Away
9202,SUN-2749739,28-01-2023,New York Cheesecake,Dessert,DST-03,2,42000,84000,Debit Card,Dine in
9203,SUN-7617834,13-01-2023,Buttermilk Fried Chicken,Food,FOD-01,3,48000,144000,Debit Card,Dine in
9204,SUN-3838438,21-09-2023,Iced Americano,Drinks,DRK-02,3,28000,84000,Cash,Dine in
9205,SUN-5542708,19-04-2023,Buttermilk Fried Chicken,Food,FOD-01,3,48000,144000,Debit Card,Dine in
9206,SUN-8827792,26-02-2023,Beef Carbonara Pasta,Food,FOD-02,3,52000,156000,Cash,Dine in
9207,SUN-3717395,25-02-2023,Espreso Single,Drinks,DRK-01,4,22000,88000,Debit Card,Take Away
9208,SUN-5687173,26-11-2023,Caramel Machiato,Drinks,DRK-04,1,38000,38000,Debit Card,Take Away
9209,SUN-3669416,25-10-2023,Espreso Single,Drinks,DRK-01,1,22000,22000,Digital Wallet,Take Away
9210,SUN-2079403,11-05-2023,Caramel Machiato,Drinks,DRK-04,4,38000,152000,Debit Card,Online Order
9211,SUN-7242700,03-06-2023,Grill Chicken Caesar Salad,Food,FOD-04,1,42000,42000,Debit Card,Dine in
9212,SUN-5815168,24-03-2023,Buttermilk Fried Chicken,Food,FOD-01,3,48000,144000,Debit Card,Take Away
9213,SUN-3054181,09-04-2023,Fudgy Brownies,Dessert,DST-02,3,25000,75000,Debit Card,Online Order
9214,SUN-3668709,30-11-2023,Beef Carbonara Pasta,Food,FOD-02,2,52000,104000,Debit Card,Dine in
9215,SUN-9448547,23-07-2023,Buttermilk Fried Chicken,Food,FOD-01,3,48000,144000,Digital Wallet,Dine in
9216,SUN-7515449,18-03-2023,Cinnamon Roll,Dessert,DST-05,3,28000,84000,Cash,Take Away
9217,SUN-8958582,07-04-2023,Cinnamon Roll,Dessert,DST-05,3,28000,84000,Debit Card,Online Order
9218,SUN-8077240,08-02-2023,New York Cheesecake,Dessert,DST-03,4,42000,168000,Cash,Dine in
9219,SUN-4852590,08-01-2023,Classic Tirmaisu,Dessert,DST-01,1,38000,38000,Debit Card,Online Order
9220,SUN-9215049,23-05-2023,Fudgy Brownies,Dessert,DST-02,4,25000,100000,Digital Wallet,Dine in
9221,SUN-7824883,19-05-2023,Creamy Maycha Latte,Drinks,DRK-05,2,35000,70000,Debit Card,Dine in
9222,SUN-9492675,26-12-2023,Nasi Goreng Kampung,Food,FOD-03,4,38000,152000,Digital Wallet,Dine in
9223,SUN-9766563,02-09-2023,Fudgy Brownies,Dessert,DST-02,4,25000,100000,Digital Wallet,Take Away
9224,SUN-2941996,05-07-2023,Espreso Single,Drinks,DRK-01,1,22000,22000,Cash,Dine in
9225,SUN-5093787,03-08-2023,Espreso Single,Drinks,DRK-01,4,22000,88000,Debit Card,Online Order
9226,SUN-3212633,07-10-2023,Club Sandwich,Food,FOD-05,3,45000,135000,Debit Card,Online Order
9227,SUN-9570741,24-07-2023,New York Cheesecake,Dessert,DST-03,3,42000,126000,Debit Card,Take Away
9228,SUN-8636410,07-05-2023,Nasi Goreng Kampung,Food,FOD-03,4,38000,152000,Digital Wallet,Take Away
9229,SUN-3407814,05-06-2023,Cinnamon Roll,Dessert,DST-05,4,28000,112000,Debit Card,Dine in
9230,SUN-5677570,11-05-2023,Club Sandwich,Food,FOD-05,3,45000,135000,Debit Card,Dine in
9231,SUN-8983856,14-10-2023,Cinnamon Roll,Dessert,DST-05,2,28000,56000,Cash,Dine in
9232,SUN-2452311,29-12-2023,Nasi Goreng Kampung,Food,FOD-03,3,38000,114000,Digital Wallet,Dine in
9233,SUN-4886432,15-12-2023,Cinnamon Roll,Dessert,DST-05,4,28000,112000,Digital Wallet,Online Order
9234,SUN-6718161,19-01-2023,New York Cheesecake,Dessert,DST-03,2,42000,84000,Debit Card,Online Order
9235,SUN-6287102,29-01-2023,Creamy Maycha Latte,Drinks,DRK-05,1,35000,35000,Debit Card,Take Away
9236,SUN-3141404,04-02-2023,Cafe Latte,Drinks,DRK-03,2,32000,64000,Debit Card,Take Away
9237,SUN-8150486,11-02-2023,Cafe Latte,Drinks,DRK-03,1,32000,32000,Digital Wallet,Take Away
9238,SUN-2388703,26-03-2023,New York Cheesecake,Dessert,DST-03,1,42000,42000,Digital Wallet,Online Order
9239,SUN-3965938,17-09-2023,Cinnamon Roll,Dessert,DST-05,1,28000,28000,Debit Card,Online Order
9240,SUN-7997101,17-04-2023,Classic Tirmaisu,Dessert,DST-01,2,38000,76000,Digital Wallet,Take Away
9241,SUN-2868370,10-10-2023,Beef Carbonara Pasta,Food,FOD-02,1,52000,52000,Cash,Dine in
9242,SUN-6374877,23-01-2023,Club Sandwich,Food,FOD-05,2,45000,90000,Digital Wallet,Online Order
9243,SUN-8498046,30-06-2023,Nasi Goreng Kampung,Food,FOD-03,4,38000,152000,Cash,Dine in
9244,SUN-4873094,04-09-2023,Cafe Latte,Drinks,DRK-03,4,32000,128000,Cash,Dine in
9245,SUN-9375450,18-02-2023,Fudgy Brownies,Dessert,DST-02,4,25000,100000,Debit Card,Take Away
9246,SUN-2209576,21-08-2023,Classic Tirmaisu,Dessert,DST-01,4,38000,152000,Debit Card,Online Order
9247,SUN-7524386,02-05-2023,Nasi Goreng Kampung,Food,FOD-03,3,38000,114000,Debit Card,Online Order
9248,SUN-1309566,07-11-2023,Beef Carbonara Pasta,Food,FOD-02,3,52000,156000,Debit Card,Dine in
9249,SUN-7204593,21-06-2023,Espreso Single,Drinks,DRK-01,3,22000,66000,Debit Card,Online Order
9250,SUN-3940112,13-08-2023,Buttermilk Fried Chicken,Food,FOD-01,2,48000,96000,Digital Wallet,Dine in
9251,SUN-1803666,28-08-2023,Grill Chicken Caesar Salad,Food,FOD-04,4,42000,168000,Debit Card,Dine in
9252,SUN-2553582,01-11-2023,Fudgy Brownies,Dessert,DST-02,1,25000,25000,Debit Card,Dine in
9253,SUN-9146409,13-05-2023,Espreso Single,Drinks,DRK-01,3,22000,66000,Debit Card,Dine in
9254,SUN-5306090,06-11-2023,Classic Tirmaisu,Dessert,DST-01,2,38000,76000,Cash,Take Away
9255,SUN-4562356,05-07-2023,Grill Chicken Caesar Salad,Food,FOD-04,4,42000,168000,Cash,Dine in
9256,SUN-2992852,08-02-2023,Espreso Single,Drinks,DRK-01,1,22000,22000,Debit Card,Dine in
9257,SUN-4288685,27-09-2023,Nasi Goreng Kampung,Food,FOD-03,4,38000,152000,Digital Wallet,Online Order
9258,SUN-7622896,27-08-2023,New York Cheesecake,Dessert,DST-03,1,42000,42000,Cash,Dine in
9259,SUN-1411547,09-09-2023,Grill Chicken Caesar Salad,Food,FOD-04,1,42000,42000,Debit Card,Online Order
9260,SUN-4198596,23-08-2023,Iced Americano,Drinks,DRK-02,1,28000,28000,Cash,Take Away
9261,SUN-2878422,05-04-2023,Nasi Goreng Kampung,Food,FOD-03,3,38000,114000,Digital Wallet,Dine in
9262,SUN-7916195,15-02-2023,Classic Tirmaisu,Dessert,DST-01,4,38000,152000,Debit Card,Dine in
9263,SUN-2685646,17-03-2023,Iced Americano,Drinks,DRK-02,4,28000,112000,Debit Card,Take Away
9264,SUN-2637175,22-10-2023,Creamy Maycha Latte,Drinks,DRK-05,3,35000,105000,Digital Wallet,Take Away
9265,SUN-2885251,29-07-2023,Buttermilk Fried Chicken,Food,FOD-01,3,48000,144000,Digital Wallet,Take Away
9266,SUN-3934763,26-04-2023,Classic Tirmaisu,Dessert,DST-01,3,38000,114000,Cash,Take Away
9267,SUN-1181344,08-11-2023,Buttermilk Fried Chicken,Food,FOD-01,4,48000,192000,Digital Wallet,Dine in
9268,SUN-3564810,17-07-2023,Choco Lava Cake,Dessert,DST-04,3,35000,105000,Cash,Dine in
9269,SUN-9891665,19-12-2023,Beef Carbonara Pasta,Food,FOD-02,3,52000,156000,Debit Card,Online Order
9270,SUN-1259662,14-01-2023,Cinnamon Roll,Dessert,DST-05,4,28000,112000,Digital Wallet,Online Order
9271,SUN-5783280,13-02-2023,Fudgy Brownies,Dessert,DST-02,4,25000,100000,Cash,Take Away
9272,SUN-7066319,27-04-2023,Cafe Latte,Drinks,DRK-03,1,32000,32000,Cash,Take Away
9273,SUN-3606825,26-09-2023,Beef Carbonara Pasta,Food,FOD-02,3,52000,156000,Debit Card,Online Order
9274,SUN-5564817,01-03-2023,Espreso Single,Drinks,DRK-01,3,22000,66000,Debit Card,Take Away
9275,SUN-6875940,06-04-2023,Buttermilk Fried Chicken,Food,FOD-01,2,48000,96000,Debit Card,Dine in
9276,SUN-5217941,05-10-2023,Club Sandwich,Food,FOD-05,3,45000,135000,Cash,Take Away
9277,SUN-6632417,07-04-2023,Fudgy Brownies,Dessert,DST-02,2,25000,50000,Cash,Take Away
9278,SUN-6531725,21-09-2023,Espreso Single,Drinks,DRK-01,4,22000,88000,Debit Card,Dine in
9279,SUN-6015948,13-07-2023,Espreso Single,Drinks,DRK-01,4,22000,88000,Digital Wallet,Online Order
9280,SUN-7900067,11-07-2023,Caramel Machiato,Drinks,DRK-04,2,38000,76000,Debit Card,Online Order
9281,SUN-9465715,07-12-2023,Club Sandwich,Food,FOD-05,1,45000,45000,Debit Card,Dine in
9282,SUN-2619660,06-01-2023,New York Cheesecake,Dessert,DST-03,3,42000,126000,Digital Wallet,Online Order
9283,SUN-8720829,17-04-2023,Caramel Machiato,Drinks,DRK-04,2,38000,76000,Cash,Online Order
9284,SUN-1550270,22-08-2023,Club Sandwich,Food,FOD-05,3,45000,135000,Cash,Dine in
9285,SUN-3829364,14-02-2023,Beef Carbonara Pasta,Food,FOD-02,1,52000,52000,Digital Wallet,Take Away
9286,SUN-1385407,17-07-2023,Club Sandwich,Food,FOD-05,2,45000,90000,Debit Card,Dine in
9287,SUN-7259221,28-04-2023,Nasi Goreng Kampung,Food,FOD-03,1,38000,38000,Digital Wallet,Dine in
9288,SUN-3442738,27-11-2023,Iced Americano,Drinks,DRK-02,2,28000,56000,Cash,Dine in
9289,SUN-5761738,24-04-2023,Cinnamon Roll,Dessert,DST-05,2,28000,56000,Debit Card,Online Order
9290,SUN-3333434,01-12-2023,Creamy Maycha Latte,Drinks,DRK-05,3,35000,105000,Debit Card,Online Order
9291,SUN-8543063,22-11-2023,Beef Carbonara Pasta,Food,FOD-02,2,52000,104000,Debit Card,Take Away
9292,SUN-3712199,16-11-2023,Beef Carbonara Pasta,Food,FOD-02,3,52000,156000,Debit Card,Dine in
9293,SUN-1450324,31-08-2023,Cafe Latte,Drinks,DRK-03,4,32000,128000,Cash,Take Away
9294,SUN-8877949,30-09-2023,Club Sandwich,Food,FOD-05,3,45000,135000,Debit Card,Online Order
9295,SUN-4822859,22-09-2023,New York Cheesecake,Dessert,DST-03,3,42000,126000,Digital Wallet,Take Away
9296,SUN-8614341,21-10-2023,Iced Americano,Drinks,DRK-02,4,28000,112000,Debit Card,Take Away
9297,SUN-7331775,08-06-2023,Cafe Latte,Drinks,DRK-03,1,32000,32000,Debit Card,Online Order
9298,SUN-8021060,02-11-2023,Cafe Latte,Drinks,DRK-03,4,32000,128000,Debit Card,Take Away
9299,SUN-3743618,22-07-2023,Fudgy Brownies,Dessert,DST-02,4,25000,100000,Debit Card,Take Away
9300,SUN-1820007,10-05-2023,Beef Carbonara Pasta,Food,FOD-02,1,52000,52000,Debit Card,Dine in
9301,SUN-6238298,30-09-2023,Caramel Machiato,Drinks,DRK-04,1,38000,38000,Debit Card,Online Order
9302,SUN-1344283,02-06-2023,Espreso Single,Drinks,DRK-01,1,22000,22000,Digital Wallet,Online Order
9303,SUN-4824442,15-01-2023,Nasi Goreng Kampung,Food,FOD-03,3,38000,114000,Digital Wallet,Online Order
9304,SUN-2423884,04-05-2023,Caramel Machiato,Drinks,DRK-04,3,38000,114000,Cash,Take Away
9305,SUN-9981319,04-11-2023,Cinnamon Roll,Dessert,DST-05,3,28000,84000,Digital Wallet,Online Order
9306,SUN-7754214,06-10-2023,Beef Carbonara Pasta,Food,FOD-02,1,52000,52000,Debit Card,Take Away
9307,SUN-9805614,21-09-2023,Classic Tirmaisu,Dessert,DST-01,2,38000,76000,Digital Wallet,Dine in
9308,SUN-4896688,23-10-2023,Espreso Single,Drinks,DRK-01,1,22000,22000,Digital Wallet,Dine in
9309,SUN-9622729,16-01-2023,Nasi Goreng Kampung,Food,FOD-03,4,38000,152000,Digital Wallet,Take Away
9310,SUN-7887279,22-07-2023,Espreso Single,Drinks,DRK-01,1,22000,22000,Digital Wallet,Online Order
9311,SUN-5737988,12-09-2023,New York Cheesecake,Dessert,DST-03,3,42000,126000,Debit Card,Dine in
9312,SUN-9060671,18-05-2023,Fudgy Brownies,Dessert,DST-02,1,25000,25000,Cash,Dine in
9313,SUN-5173975,12-05-2023,Classic Tirmaisu,Dessert,DST-01,3,38000,114000,Debit Card,Online Order
9314,SUN-7582637,26-10-2023,Fudgy Brownies,Dessert,DST-02,3,25000,75000,Digital Wallet,Take Away
9315,SUN-5899461,28-01-2023,Grill Chicken Caesar Salad,Food,FOD-04,3,42000,126000,Debit Card,Dine in
9316,SUN-7072303,01-09-2023,Buttermilk Fried Chicken,Food,FOD-01,3,48000,144000,Digital Wallet,Online Order
9317,SUN-4186373,16-09-2023,Beef Carbonara Pasta,Food,FOD-02,1,52000,52000,Cash,Dine in
9318,SUN-3682581,08-08-2023,Iced Americano,Drinks,DRK-02,4,28000,112000,Debit Card,Online Order
9319,SUN-6533956,11-09-2023,New York Cheesecake,Dessert,DST-03,2,42000,84000,Debit Card,Take Away
9320,SUN-7095220,03-03-2023,Cinnamon Roll,Dessert,DST-05,4,28000,112000,Cash,Take Away
9321,SUN-3779547,16-08-2023,Buttermilk Fried Chicken,Food,FOD-01,3,48000,144000,Digital Wallet,Online Order
9322,SUN-3279922,04-06-2023,Cinnamon Roll,Dessert,DST-05,4,28000,112000,Digital Wallet,Online Order
9323,SUN-8963753,25-04-2023,Club Sandwich,Food,FOD-05,2,45000,90000,Digital Wallet,Online Order
9324,SUN-7501688,10-12-2023,Caramel Machiato,Drinks,DRK-04,1,38000,38000,Digital Wallet,Take Away
9325,SUN-7135523,16-02-2023,Classic Tirmaisu,Dessert,DST-01,1,38000,38000,Debit Card,Dine in
9326,SUN-8204308,15-02-2023,Caramel Machiato,Drinks,DRK-04,4,38000,152000,Digital Wallet,Online Order
9327,SUN-6878724,16-03-2023,Cinnamon Roll,Dessert,DST-05,3,28000,84000,Debit Card,Dine in
9328,SUN-8279841,21-01-2023,Fudgy Brownies,Dessert,DST-02,4,25000,100000,Digital Wallet,Dine in
9329,SUN-9399361,29-05-2023,Classic Tirmaisu,Dessert,DST-01,2,38000,76000,Debit Card,Online Order
9330,SUN-5416125,23-01-2023,Caramel Machiato,Drinks,DRK-04,2,38000,76000,Digital Wallet,Online Order
9331,SUN-8073200,14-04-2023,Club Sandwich,Food,FOD-05,4,45000,180000,Digital Wallet,Dine in
9332,SUN-1176089,17-10-2023,Grill Chicken Caesar Salad,Food,FOD-04,1,42000,42000,Debit Card,Take Away
9333,SUN-8389814,22-05-2023,Classic Tirmaisu,Dessert,DST-01,3,38000,114000,Debit Card,Take Away
9334,SUN-1513538,14-03-2023,Cafe Latte,Drinks,DRK-03,3,32000,96000,Debit Card,Take Away
9335,SUN-4236611,25-04-2023,Iced Americano,Drinks,DRK-02,3,28000,84000,Debit Card,Take Away
9336,SUN-2850663,22-02-2023,Cinnamon Roll,Dessert,DST-05,1,28000,28000,Digital Wallet,Take Away
9337,SUN-4526953,04-12-2023,Cafe Latte,Drinks,DRK-03,1,32000,32000,Debit Card,Take Away
9338,SUN-6206466,06-09-2023,Grill Chicken Caesar Salad,Food,FOD-04,4,42000,168000,Digital Wallet,Dine in
9339,SUN-8752241,01-07-2023,Nasi Goreng Kampung,Food,FOD-03,2,38000,76000,Debit Card,Online Order
9340,SUN-7511473,26-12-2023,Classic Tirmaisu,Dessert,DST-01,4,38000,152000,Digital Wallet,Online Order
9341,SUN-8129168,15-11-2023,New York Cheesecake,Dessert,DST-03,1,42000,42000,Debit Card,Dine in
9342,SUN-1586679,26-03-2023,Buttermilk Fried Chicken,Food,FOD-01,4,48000,192000,Digital Wallet,Dine in
9343,SUN-6727677,08-02-2023,Cafe Latte,Drinks,DRK-03,3,32000,96000,Digital Wallet,Online Order
9344,SUN-2184820,20-10-2023,Cinnamon Roll,Dessert,DST-05,1,28000,28000,Digital Wallet,Online Order
9345,SUN-8462378,18-10-2023,Beef Carbonara Pasta,Food,FOD-02,1,52000,52000,Digital Wallet,Online Order
9346,SUN-1082105,15-05-2023,Cafe Latte,Drinks,DRK-03,1,32000,32000,Digital Wallet,Dine in
9347,SUN-8144465,12-10-2023,Nasi Goreng Kampung,Food,FOD-03,4,38000,152000,Cash,Dine in
9348,SUN-8428838,09-12-2023,Cafe Latte,Drinks,DRK-03,2,32000,64000,Digital Wallet,Online Order
9349,SUN-8927360,24-08-2023,Club Sandwich,Food,FOD-05,1,45000,45000,Digital Wallet,Dine in
9350,SUN-3017731,19-03-2023,Beef Carbonara Pasta,Food,FOD-02,1,52000,52000,Digital Wallet,Take Away
9351,SUN-4219515,10-06-2023,Cafe Latte,Drinks,DRK-03,3,32000,96000,Digital Wallet,Take Away
9352,SUN-1340352,22-02-2023,Cafe Latte,Drinks,DRK-03,4,32000,128000,Cash,Take Away
9353,SUN-2266089,26-11-2023,New York Cheesecake,Dessert,DST-03,3,42000,126000,Debit Card,Take Away
9354,SUN-1840928,07-04-2023,New York Cheesecake,Dessert,DST-03,2,42000,84000,Digital Wallet,Dine in
9355,SUN-2689034,14-09-2023,Iced Americano,Drinks,DRK-02,2,28000,56000,Digital Wallet,Dine in
9356,SUN-6011401,21-10-2023,Creamy Maycha Latte,Drinks,DRK-05,1,35000,35000,Debit Card,Online Order
9357,SUN-1493722,17-06-2023,Classic Tirmaisu,Dessert,DST-01,2,38000,76000,Debit Card,Take Away
9358,SUN-7611400,28-06-2023,Nasi Goreng Kampung,Food,FOD-03,2,38000,76000,Debit Card,Dine in
9359,SUN-2735632,23-11-2023,Buttermilk Fried Chicken,Food,FOD-01,3,48000,144000,Debit Card,Dine in
9360,SUN-8523848,07-04-2023,New York Cheesecake,Dessert,DST-03,4,42000,168000,Debit Card,Take Away
9361,SUN-8826138,30-12-2023,Iced Americano,Drinks,DRK-02,3,28000,84000,Debit Card,Dine in
9362,SUN-8514719,16-09-2023,Caramel Machiato,Drinks,DRK-04,1,38000,38000,Digital Wallet,Dine in
9363,SUN-3556709,01-09-2023,Classic Tirmaisu,Dessert,DST-01,1,38000,38000,Debit Card,Online Order
9364,SUN-1856349,14-05-2023,Fudgy Brownies,Dessert,DST-02,3,25000,75000,Digital Wallet,Dine in
9365,SUN-8935297,04-05-2023,Choco Lava Cake,Dessert,DST-04,2,35000,70000,Digital Wallet,Online Order
9366,SUN-7942404,17-04-2023,Fudgy Brownies,Dessert,DST-02,4,25000,100000,Debit Card,Online Order
9367,SUN-8159829,16-02-2023,Club Sandwich,Food,FOD-05,2,45000,90000,Debit Card,Dine in
9368,SUN-4725606,01-11-2023,Beef Carbonara Pasta,Food,FOD-02,2,52000,104000,Cash,Take Away
9369,SUN-3558579,26-04-2023,Choco Lava Cake,Dessert,DST-04,2,35000,70000,Debit Card,Dine in
9370,SUN-8038131,17-01-2023,Club Sandwich,Food,FOD-05,2,45000,90000,Digital Wallet,Dine in
9371,SUN-3187355,08-12-2023,Creamy Maycha Latte,Drinks,DRK-05,4,35000,140000,Digital Wallet,Dine in
9372,SUN-3064635,08-09-2023,Fudgy Brownies,Dessert,DST-02,1,25000,25000,Digital Wallet,Dine in
9373,SUN-6509590,27-07-2023,Nasi Goreng Kampung,Food,FOD-03,3,38000,114000,Cash,Take Away
9374,SUN-5165259,28-07-2023,Fudgy Brownies,Dessert,DST-02,1,25000,25000,Digital Wallet,Online Order
9375,SUN-9772685,29-04-2023,Club Sandwich,Food,FOD-05,4,45000,180000,Debit Card,Online Order
9376,SUN-3242818,18-08-2023,Choco Lava Cake,Dessert,DST-04,3,35000,105000,Debit Card,Take Away
9377,SUN-3731967,31-10-2023,Grill Chicken Caesar Salad,Food,FOD-04,2,42000,84000,Debit Card,Online Order
9378,SUN-1868660,16-12-2023,Cinnamon Roll,Dessert,DST-05,1,28000,28000,Digital Wallet,Online Order
9379,SUN-9420672,03-06-2023,Cafe Latte,Drinks,DRK-03,2,32000,64000,Debit Card,Online Order
9380,SUN-5854853,18-12-2023,Creamy Maycha Latte,Drinks,DRK-05,1,35000,35000,Cash,Take Away
9381,SUN-7186803,12-09-2023,Caramel Machiato,Drinks,DRK-04,2,38000,76000,Debit Card,Online Order
9382,SUN-5409370,18-09-2023,Nasi Goreng Kampung,Food,FOD-03,2,38000,76000,Debit Card,Dine in
9383,SUN-1893607,29-12-2023,New York Cheesecake,Dessert,DST-03,3,42000,126000,Digital Wallet,Take Away
9384,SUN-2409536,14-01-2023,Buttermilk Fried Chicken,Food,FOD-01,1,48000,48000,Debit Card,Dine in
9385,SUN-3086750,31-08-2023,Cafe Latte,Drinks,DRK-03,1,32000,32000,Digital Wallet,Online Order
9386,SUN-2971001,07-08-2023,Grill Chicken Caesar Salad,Food,FOD-04,3,42000,126000,Digital Wallet,Take Away
9387,SUN-1165038,24-09-2023,New York Cheesecake,Dessert,DST-03,1,42000,42000,Debit Card,Take Away
9388,SUN-7323578,04-06-2023,Iced Americano,Drinks,DRK-02,3,28000,84000,Debit Card,Take Away
9389,SUN-2516020,14-04-2023,Classic Tirmaisu,Dessert,DST-01,1,38000,38000,Digital Wallet,Online Order
9390,SUN-3533936,08-07-2023,Nasi Goreng Kampung,Food,FOD-03,4,38000,152000,Debit Card,Take Away
9391,SUN-2466329,07-11-2023,Grill Chicken Caesar Salad,Food,FOD-04,3,42000,126000,Debit Card,Dine in
9392,SUN-3790950,04-04-2023,Cinnamon Roll,Dessert,DST-05,2,28000,56000,Digital Wallet,Online Order
9393,SUN-5249683,16-05-2023,Creamy Maycha Latte,Drinks,DRK-05,4,35000,140000,Cash,Dine in
9394,SUN-3627851,09-07-2023,New York Cheesecake,Dessert,DST-03,3,42000,126000,Debit Card,Take Away
9395,SUN-2895629,15-09-2023,Choco Lava Cake,Dessert,DST-04,2,35000,70000,Digital Wallet,Online Order
9396,SUN-2939404,26-08-2023,Espreso Single,Drinks,DRK-01,2,22000,44000,Digital Wallet,Take Away
9397,SUN-9669505,23-01-2023,Club Sandwich,Food,FOD-05,2,45000,90000,Digital Wallet,Dine in
9398,SUN-1113560,19-08-2023,Buttermilk Fried Chicken,Food,FOD-01,1,48000,48000,Cash,Dine in
9399,SUN-6523122,06-06-2023,Caramel Machiato,Drinks,DRK-04,1,38000,38000,Debit Card,Take Away
9400,SUN-6472341,06-08-2023,Iced Americano,Drinks,DRK-02,3,28000,84000,Digital Wallet,Take Away
9401,SUN-3486828,22-09-2023,Fudgy Brownies,Dessert,DST-02,3,25000,75000,Cash,Dine in
9402,SUN-5640234,28-07-2023,Fudgy Brownies,Dessert,DST-02,1,25000,25000,Debit Card,Online Order
9403,SUN-8336933,26-03-2023,Buttermilk Fried Chicken,Food,FOD-01,1,48000,48000,Debit Card,Dine in
9404,SUN-8075553,28-12-2023,Nasi Goreng Kampung,Food,FOD-03,1,38000,38000,Debit Card,Online Order
9405,SUN-2753563,18-07-2023,Espreso Single,Drinks,DRK-01,1,22000,22000,Debit Card,Take Away
9406,SUN-8353079,25-04-2023,Choco Lava Cake,Dessert,DST-04,4,35000,140000,Digital Wallet,Online Order
9407,SUN-6596863,02-08-2023,Choco Lava Cake,Dessert,DST-04,4,35000,140000,Debit Card,Online Order
9408,SUN-1438128,04-06-2023,Nasi Goreng Kampung,Food,FOD-03,4,38000,152000,Cash,Dine in
9409,SUN-1044808,04-09-2023,Caramel Machiato,Drinks,DRK-04,2,38000,76000,Digital Wallet,Online Order
9410,SUN-7830658,09-11-2023,Buttermilk Fried Chicken,Food,FOD-01,4,48000,192000,Debit Card,Take Away
9411,SUN-6050267,26-07-2023,New York Cheesecake,Dessert,DST-03,4,42000,168000,Cash,Dine in
9412,SUN-3231524,23-07-2023,Club Sandwich,Food,FOD-05,4,45000,180000,Digital Wallet,Take Away
9413,SUN-8586830,13-06-2023,Beef Carbonara Pasta,Food,FOD-02,3,52000,156000,Debit Card,Dine in
9414,SUN-4829131,23-09-2023,Fudgy Brownies,Dessert,DST-02,1,25000,25000,Cash,Dine in
9415,SUN-9738174,28-04-2023,Cinnamon Roll,Dessert,DST-05,2,28000,56000,Digital Wallet,Online Order
9416,SUN-4121073,27-05-2023,New York Cheesecake,Dessert,DST-03,4,42000,168000,Digital Wallet,Dine in
9417,SUN-1012495,18-07-2023,Iced Americano,Drinks,DRK-02,3,28000,84000,Cash,Take Away
9418,SUN-1321458,28-04-2023,Creamy Maycha Latte,Drinks,DRK-05,2,35000,70000,Digital Wallet,Online Order
9419,SUN-3741531,08-02-2023,Beef Carbonara Pasta,Food,FOD-02,4,52000,208000,Cash,Dine in
9420,SUN-2831961,31-12-2023,Club Sandwich,Food,FOD-05,3,45000,135000,Debit Card,Take Away
9421,SUN-1663539,10-04-2023,Choco Lava Cake,Dessert,DST-04,1,35000,35000,Digital Wallet,Take Away
9422,SUN-9849357,25-03-2023,New York Cheesecake,Dessert,DST-03,3,42000,126000,Digital Wallet,Take Away
9423,SUN-5597954,22-11-2023,Buttermilk Fried Chicken,Food,FOD-01,4,48000,192000,Digital Wallet,Online Order
9424,SUN-4552288,14-01-2023,New York Cheesecake,Dessert,DST-03,2,42000,84000,Digital Wallet,Take Away
9425,SUN-4979898,25-07-2023,Espreso Single,Drinks,DRK-01,4,22000,88000,Cash,Dine in
9426,SUN-2790615,28-03-2023,Choco Lava Cake,Dessert,DST-04,2,35000,70000,Debit Card,Take Away
9427,SUN-3760844,27-06-2023,Iced Americano,Drinks,DRK-02,4,28000,112000,Debit Card,Online Order
9428,SUN-4943118,18-09-2023,Fudgy Brownies,Dessert,DST-02,1,25000,25000,Cash,Dine in
9429,SUN-6477674,21-11-2023,Club Sandwich,Food,FOD-05,4,45000,180000,Cash,Take Away
9430,SUN-5206772,30-05-2023,Fudgy Brownies,Dessert,DST-02,4,25000,100000,Digital Wallet,Dine in
9431,SUN-8982420,22-10-2023,Club Sandwich,Food,FOD-05,4,45000,180000,Cash,Take Away
9432,SUN-8584220,05-06-2023,Caramel Machiato,Drinks,DRK-04,1,38000,38000,Debit Card,Dine in
9433,SUN-4654796,04-04-2023,Classic Tirmaisu,Dessert,DST-01,1,38000,38000,Digital Wallet,Take Away
9434,SUN-8548433,09-09-2023,Beef Carbonara Pasta,Food,FOD-02,4,52000,208000,Debit Card,Take Away
9435,SUN-8850745,07-06-2023,New York Cheesecake,Dessert,DST-03,3,42000,126000,Debit Card,Dine in
9436,SUN-8084072,22-01-2023,Buttermilk Fried Chicken,Food,FOD-01,1,48000,48000,Debit Card,Online Order
9437,SUN-8557544,24-04-2023,Nasi Goreng Kampung,Food,FOD-03,1,38000,38000,Debit Card,Dine in
9438,SUN-7015011,04-10-2023,Fudgy Brownies,Dessert,DST-02,3,25000,75000,Debit Card,Dine in
9439,SUN-5102450,29-03-2023,Creamy Maycha Latte,Drinks,DRK-05,2,35000,70000,Digital Wallet,Online Order
9440,SUN-9133688,30-08-2023,Creamy Maycha Latte,Drinks,DRK-05,1,35000,35000,Digital Wallet,Online Order
9441,SUN-9918513,28-04-2023,Cafe Latte,Drinks,DRK-03,4,32000,128000,Digital Wallet,Dine in
9442,SUN-6870940,08-06-2023,Beef Carbonara Pasta,Food,FOD-02,4,52000,208000,Debit Card,Dine in
9443,SUN-3614186,23-11-2023,Espreso Single,Drinks,DRK-01,4,22000,88000,Debit Card,Dine in
9444,SUN-9436911,19-07-2023,Cinnamon Roll,Dessert,DST-05,4,28000,112000,Debit Card,Online Order
9445,SUN-3182632,03-11-2023,Grill Chicken Caesar Salad,Food,FOD-04,3,42000,126000,Digital Wallet,Take Away
9446,SUN-2135270,08-05-2023,Caramel Machiato,Drinks,DRK-04,3,38000,114000,Debit Card,Take Away
9447,SUN-1872369,22-07-2023,Cafe Latte,Drinks,DRK-03,2,32000,64000,Debit Card,Take Away
9448,SUN-2202290,08-07-2023,Buttermilk Fried Chicken,Food,FOD-01,2,48000,96000,Debit Card,Online Order
9449,SUN-3395804,26-07-2023,Nasi Goreng Kampung,Food,FOD-03,4,38000,152000,Digital Wallet,Online Order
9450,SUN-5743691,03-11-2023,Cafe Latte,Drinks,DRK-03,3,32000,96000,Cash,Take Away
9451,SUN-5577585,16-06-2023,Fudgy Brownies,Dessert,DST-02,2,25000,50000,Debit Card,Online Order
9452,SUN-7712052,04-12-2023,Iced Americano,Drinks,DRK-02,1,28000,28000,Digital Wallet,Take Away
9453,SUN-1472909,12-09-2023,Iced Americano,Drinks,DRK-02,1,28000,28000,Debit Card,Online Order
9454,SUN-4174182,24-09-2023,Beef Carbonara Pasta,Food,FOD-02,1,52000,52000,Digital Wallet,Take Away
9455,SUN-6754407,20-10-2023,Nasi Goreng Kampung,Food,FOD-03,3,38000,114000,Digital Wallet,Online Order
9456,SUN-9090897,24-05-2023,Caramel Machiato,Drinks,DRK-04,4,38000,152000,Debit Card,Dine in
9457,SUN-8498453,12-06-2023,Buttermilk Fried Chicken,Food,FOD-01,3,48000,144000,Digital Wallet,Dine in
9458,SUN-9092021,15-11-2023,Nasi Goreng Kampung,Food,FOD-03,2,38000,76000,Digital Wallet,Take Away
9459,SUN-8205264,10-10-2023,Buttermilk Fried Chicken,Food,FOD-01,2,48000,96000,Cash,Dine in
9460,SUN-9834569,06-05-2023,Cinnamon Roll,Dessert,DST-05,3,28000,84000,Debit Card,Dine in
9461,SUN-7223519,15-12-2023,Buttermilk Fried Chicken,Food,FOD-01,4,48000,192000,Debit Card,Online Order
9462,SUN-6910467,24-02-2023,Grill Chicken Caesar Salad,Food,FOD-04,1,42000,42000,Cash,Dine in
9463,SUN-2578285,04-09-2023,Nasi Goreng Kampung,Food,FOD-03,2,38000,76000,Cash,Dine in
9464,SUN-7548614,16-02-2023,Fudgy Brownies,Dessert,DST-02,1,25000,25000,Cash,Dine in
9465,SUN-4993341,04-10-2023,Classic Tirmaisu,Dessert,DST-01,2,38000,76000,Cash,Take Away
9466,SUN-1785848,19-07-2023,Grill Chicken Caesar Salad,Food,FOD-04,3,42000,126000,Debit Card,Dine in
9467,SUN-1394147,02-02-2023,Iced Americano,Drinks,DRK-02,2,28000,56000,Cash,Take Away
9468,SUN-6853044,26-02-2023,New York Cheesecake,Dessert,DST-03,2,42000,84000,Digital Wallet,Take Away
9469,SUN-3263894,02-04-2023,Iced Americano,Drinks,DRK-02,1,28000,28000,Cash,Dine in
9470,SUN-2162553,22-01-2023,Club Sandwich,Food,FOD-05,1,45000,45000,Debit Card,Take Away
9471,SUN-7940046,29-04-2023,Caramel Machiato,Drinks,DRK-04,1,38000,38000,Debit Card,Online Order
9472,SUN-7243671,19-10-2023,New York Cheesecake,Dessert,DST-03,4,42000,168000,Digital Wallet,Online Order
9473,SUN-7512510,18-05-2023,Nasi Goreng Kampung,Food,FOD-03,1,38000,38000,Debit Card,Take Away
9474,SUN-2138607,02-07-2023,Espreso Single,Drinks,DRK-01,1,22000,22000,Cash,Dine in
9475,SUN-3830661,04-10-2023,Espreso Single,Drinks,DRK-01,4,22000,88000,Debit Card,Take Away
9476,SUN-5817848,19-06-2023,Creamy Maycha Latte,Drinks,DRK-05,3,35000,105000,Digital Wallet,Take Away
9477,SUN-9040371,05-03-2023,Cinnamon Roll,Dessert,DST-05,2,28000,56000,Debit Card,Dine in
9478,SUN-5884163,13-04-2023,Cinnamon Roll,Dessert,DST-05,1,28000,28000,Cash,Take Away
9479,SUN-8273353,31-03-2023,Espreso Single,Drinks,DRK-01,1,22000,22000,Cash,Online Order
9480,SUN-6336291,12-06-2023,Grill Chicken Caesar Salad,Food,FOD-04,3,42000,126000,Cash,Online Order
9481,SUN-3024863,23-06-2023,Creamy Maycha Latte,Drinks,DRK-05,3,35000,105000,Digital Wallet,Dine in
9482,SUN-3455425,17-12-2023,Creamy Maycha Latte,Drinks,DRK-05,4,35000,140000,Digital Wallet,Dine in
9483,SUN-9396160,01-11-2023,Fudgy Brownies,Dessert,DST-02,2,25000,50000,Debit Card,Dine in
9484,SUN-5712914,12-08-2023,Choco Lava Cake,Dessert,DST-04,3,35000,105000,Debit Card,Online Order
9485,SUN-1567945,16-06-2023,Grill Chicken Caesar Salad,Food,FOD-04,3,42000,126000,Debit Card,Online Order
9486,SUN-8210918,03-09-2023,Grill Chicken Caesar Salad,Food,FOD-04,1,42000,42000,Digital Wallet,Dine in
9487,SUN-5269315,13-10-2023,Cinnamon Roll,Dessert,DST-05,4,28000,112000,Cash,Dine in
9488,SUN-8040847,08-10-2023,Buttermilk Fried Chicken,Food,FOD-01,1,48000,48000,Debit Card,Online Order
9489,SUN-7881920,03-05-2023,Classic Tirmaisu,Dessert,DST-01,1,38000,38000,Debit Card,Online Order
9490,SUN-1925606,21-05-2023,Caramel Machiato,Drinks,DRK-04,4,38000,152000,Digital Wallet,Take Away
9491,SUN-8460878,28-05-2023,Cinnamon Roll,Dessert,DST-05,3,28000,84000,Debit Card,Take Away
9492,SUN-6978825,26-10-2023,Club Sandwich,Food,FOD-05,2,45000,90000,Debit Card,Dine in
9493,SUN-4161386,25-06-2023,Cinnamon Roll,Dessert,DST-05,2,28000,56000,Digital Wallet,Dine in
9494,SUN-8029724,18-01-2023,Buttermilk Fried Chicken,Food,FOD-01,1,48000,48000,Cash,Take Away
9495,SUN-4811187,02-03-2023,Club Sandwich,Food,FOD-05,4,45000,180000,Digital Wallet,Take Away
9496,SUN-1579563,11-04-2023,Caramel Machiato,Drinks,DRK-04,2,38000,76000,Digital Wallet,Online Order
9497,SUN-6811870,03-05-2023,Fudgy Brownies,Dessert,DST-02,1,25000,25000,Cash,Dine in
9498,SUN-1226282,06-05-2023,Choco Lava Cake,Dessert,DST-04,3,35000,105000,Debit Card,Dine in
9499,SUN-5253507,03-05-2023,Beef Carbonara Pasta,Food,FOD-02,3,52000,156000,Debit Card,Dine in
9500,SUN-5486313,09-09-2023,Fudgy Brownies,Dessert,DST-02,4,25000,100000,Debit Card,Online Order
9501,SUN-2667782,31-07-2023,Cinnamon Roll,Dessert,DST-05,2,28000,56000,Debit Card,Dine in
9502,SUN-6342400,06-05-2023,Creamy Maycha Latte,Drinks,DRK-05,4,35000,140000,Debit Card,Online Order
9503,SUN-2997963,20-02-2023,Classic Tirmaisu,Dessert,DST-01,4,38000,152000,Cash,Online Order
9504,SUN-9312187,15-08-2023,New York Cheesecake,Dessert,DST-03,3,42000,126000,Digital Wallet,Take Away
9505,SUN-8005172,06-10-2023,Grill Chicken Caesar Salad,Food,FOD-04,1,42000,42000,Debit Card,Dine in
9506,SUN-9824529,03-03-2023,Nasi Goreng Kampung,Food,FOD-03,2,38000,76000,Digital Wallet,Dine in
9507,SUN-8349774,02-10-2023,New York Cheesecake,Dessert,DST-03,4,42000,168000,Digital Wallet,Dine in
9508,SUN-6775230,04-09-2023,Grill Chicken Caesar Salad,Food,FOD-04,2,42000,84000,Cash,Take Away
9509,SUN-3426586,07-09-2023,Grill Chicken Caesar Salad,Food,FOD-04,3,42000,126000,Cash,Dine in
9510,SUN-8954888,31-03-2023,Cinnamon Roll,Dessert,DST-05,1,28000,28000,Cash,Take Away
9511,SUN-9809426,22-04-2023,Cafe Latte,Drinks,DRK-03,4,32000,128000,Digital Wallet,Take Away
9512,SUN-1430020,04-05-2023,Espreso Single,Drinks,DRK-01,4,22000,88000,Debit Card,Dine in
9513,SUN-1912969,09-11-2023,Nasi Goreng Kampung,Food,FOD-03,1,38000,38000,Debit Card,Online Order
9514,SUN-4060858,08-11-2023,Espreso Single,Drinks,DRK-01,4,22000,88000,Digital Wallet,Dine in
9515,SUN-8517752,05-05-2023,Fudgy Brownies,Dessert,DST-02,2,25000,50000,Digital Wallet,Online Order
9516,SUN-6023276,12-04-2023,Creamy Maycha Latte,Drinks,DRK-05,4,35000,140000,Debit Card,Dine in
9517,SUN-6953671,03-05-2023,Creamy Maycha Latte,Drinks,DRK-05,1,35000,35000,Digital Wallet,Online Order
9518,SUN-3945411,05-02-2023,Cinnamon Roll,Dessert,DST-05,3,28000,84000,Debit Card,Dine in
9519,SUN-5249551,05-03-2023,Espreso Single,Drinks,DRK-01,3,22000,66000,Digital Wallet,Dine in
9520,SUN-7714434,16-04-2023,Grill Chicken Caesar Salad,Food,FOD-04,2,42000,84000,Cash,Dine in
9521,SUN-5319260,17-01-2023,Buttermilk Fried Chicken,Food,FOD-01,2,48000,96000,Cash,Dine in
9522,SUN-9632699,18-01-2023,Beef Carbonara Pasta,Food,FOD-02,3,52000,156000,Digital Wallet,Take Away
9523,SUN-8804428,25-08-2023,Nasi Goreng Kampung,Food,FOD-03,3,38000,114000,Debit Card,Dine in
9524,SUN-8080400,03-10-2023,Fudgy Brownies,Dessert,DST-02,1,25000,25000,Debit Card,Dine in
9525,SUN-2039337,22-06-2023,Iced Americano,Drinks,DRK-02,1,28000,28000,Digital Wallet,Online Order
9526,SUN-4479918,17-07-2023,Buttermilk Fried Chicken,Food,FOD-01,2,48000,96000,Digital Wallet,Take Away
9527,SUN-3698020,26-03-2023,Buttermilk Fried Chicken,Food,FOD-01,3,48000,144000,Digital Wallet,Dine in
9528,SUN-8437044,28-08-2023,Caramel Machiato,Drinks,DRK-04,1,38000,38000,Debit Card,Dine in
9529,SUN-6265914,16-05-2023,Beef Carbonara Pasta,Food,FOD-02,3,52000,156000,Debit Card,Take Away
9530,SUN-1635196,04-06-2023,New York Cheesecake,Dessert,DST-03,2,42000,84000,Cash,Take Away
9531,SUN-6397515,11-06-2023,Fudgy Brownies,Dessert,DST-02,3,25000,75000,Digital Wallet,Dine in
9532,SUN-6502361,08-09-2023,Beef Carbonara Pasta,Food,FOD-02,2,52000,104000,Debit Card,Dine in
9533,SUN-8398581,05-04-2023,Nasi Goreng Kampung,Food,FOD-03,3,38000,114000,Debit Card,Online Order
9534,SUN-6717838,03-03-2023,Club Sandwich,Food,FOD-05,2,45000,90000,Digital Wallet,Take Away
9535,SUN-5599475,02-04-2023,Grill Chicken Caesar Salad,Food,FOD-04,4,42000,168000,Cash,Dine in
9536,SUN-6325373,30-08-2023,Fudgy Brownies,Dessert,DST-02,2,25000,50000,Debit Card,Online Order
9537,SUN-9064256,30-01-2023,Grill Chicken Caesar Salad,Food,FOD-04,1,42000,42000,Debit Card,Online Order
9538,SUN-9970745,23-12-2023,Nasi Goreng Kampung,Food,FOD-03,3,38000,114000,Cash,Take Away
9539,SUN-9107670,11-03-2023,Espreso Single,Drinks,DRK-01,4,22000,88000,Debit Card,Online Order
9540,SUN-3487675,06-05-2023,Buttermilk Fried Chicken,Food,FOD-01,2,48000,96000,Cash,Dine in
9541,SUN-1420812,04-01-2023,Cinnamon Roll,Dessert,DST-05,3,28000,84000,Debit Card,Take Away
9542,SUN-3153419,15-05-2023,New York Cheesecake,Dessert,DST-03,4,42000,168000,Digital Wallet,Dine in
9543,SUN-9934789,15-05-2023,New York Cheesecake,Dessert,DST-03,4,42000,168000,Debit Card,Take Away
9544,SUN-2099684,25-05-2023,Club Sandwich,Food,FOD-05,2,45000,90000,Debit Card,Online Order
9545,SUN-1360223,02-03-2023,New York Cheesecake,Dessert,DST-03,3,42000,126000,Digital Wallet,Take Away
9546,SUN-4932080,11-09-2023,Grill Chicken Caesar Salad,Food,FOD-04,3,42000,126000,Digital Wallet,Online Order
9547,SUN-7192085,03-07-2023,Fudgy Brownies,Dessert,DST-02,1,25000,25000,Debit Card,Dine in
9548,SUN-7673803,04-07-2023,Fudgy Brownies,Dessert,DST-02,1,25000,25000,Debit Card,Take Away
9549,SUN-8758197,10-12-2023,Fudgy Brownies,Dessert,DST-02,4,25000,100000,Digital Wallet,Online Order
9550,SUN-4568868,22-03-2023,Fudgy Brownies,Dessert,DST-02,3,25000,75000,Digital Wallet,Take Away
9551,SUN-9047072,24-06-2023,New York Cheesecake,Dessert,DST-03,3,42000,126000,Debit Card,Take Away
9552,SUN-3608851,14-02-2023,Nasi Goreng Kampung,Food,FOD-03,3,38000,114000,Cash,Dine in
9553,SUN-1069054,28-05-2023,Espreso Single,Drinks,DRK-01,1,22000,22000,Debit Card,Take Away
9554,SUN-6649079,13-11-2023,Iced Americano,Drinks,DRK-02,3,28000,84000,Debit Card,Online Order
9555,SUN-6748293,28-11-2023,Iced Americano,Drinks,DRK-02,3,28000,84000,Debit Card,Dine in
9556,SUN-3341097,19-03-2023,Choco Lava Cake,Dessert,DST-04,3,35000,105000,Debit Card,Take Away
9557,SUN-6245663,25-07-2023,Caramel Machiato,Drinks,DRK-04,3,38000,114000,Debit Card,Take Away
9558,SUN-8295518,08-10-2023,Grill Chicken Caesar Salad,Food,FOD-04,2,42000,84000,Debit Card,Take Away
9559,SUN-5862153,22-07-2023,Choco Lava Cake,Dessert,DST-04,4,35000,140000,Digital Wallet,Online Order
9560,SUN-3321940,30-11-2023,Beef Carbonara Pasta,Food,FOD-02,2,52000,104000,Digital Wallet,Online Order
9561,SUN-8611224,05-04-2023,Espreso Single,Drinks,DRK-01,4,22000,88000,Digital Wallet,Online Order
9562,SUN-8489450,25-02-2023,Creamy Maycha Latte,Drinks,DRK-05,3,35000,105000,Digital Wallet,Online Order
9563,SUN-3867402,13-11-2023,Nasi Goreng Kampung,Food,FOD-03,4,38000,152000,Cash,Take Away
9564,SUN-7744701,01-10-2023,New York Cheesecake,Dessert,DST-03,3,42000,126000,Digital Wallet,Take Away
9565,SUN-5425319,30-12-2023,Fudgy Brownies,Dessert,DST-02,4,25000,100000,Debit Card,Dine in
9566,SUN-9979573,05-08-2023,Fudgy Brownies,Dessert,DST-02,1,25000,25000,Digital Wallet,Take Away
9567,SUN-2578930,29-01-2023,Cinnamon Roll,Dessert,DST-05,2,28000,56000,Cash,Dine in
9568,SUN-4366607,28-07-2023,Buttermilk Fried Chicken,Food,FOD-01,4,48000,192000,Digital Wallet,Take Away
9569,SUN-7126890,04-05-2023,Creamy Maycha Latte,Drinks,DRK-05,3,35000,105000,Debit Card,Dine in
9570,SUN-7362296,09-01-2023,Fudgy Brownies,Dessert,DST-02,1,25000,25000,Cash,Take Away
9571,SUN-8002613,07-11-2023,Choco Lava Cake,Dessert,DST-04,1,35000,35000,Digital Wallet,Take Away
9572,SUN-3610060,09-01-2023,Grill Chicken Caesar Salad,Food,FOD-04,3,42000,126000,Cash,Dine in
9573,SUN-6148389,05-03-2023,Buttermilk Fried Chicken,Food,FOD-01,4,48000,192000,Digital Wallet,Take Away
9574,SUN-4487726,10-06-2023,Classic Tirmaisu,Dessert,DST-01,2,38000,76000,Cash,Take Away
9575,SUN-8920948,25-09-2023,Grill Chicken Caesar Salad,Food,FOD-04,3,42000,126000,Digital Wallet,Dine in
9576,SUN-2718164,24-08-2023,Caramel Machiato,Drinks,DRK-04,4,38000,152000,Debit Card,Online Order
9577,SUN-4471028,22-09-2023,Grill Chicken Caesar Salad,Food,FOD-04,4,42000,168000,Digital Wallet,Online Order
9578,SUN-7285539,10-10-2023,New York Cheesecake,Dessert,DST-03,2,42000,84000,Debit Card,Take Away
9579,SUN-4024891,22-08-2023,Choco Lava Cake,Dessert,DST-04,2,35000,70000,Digital Wallet,Take Away
9580,SUN-3882072,18-12-2023,Grill Chicken Caesar Salad,Food,FOD-04,4,42000,168000,Cash,Dine in
9581,SUN-7786980,03-05-2023,Caramel Machiato,Drinks,DRK-04,1,38000,38000,Cash,Dine in
9582,SUN-3456905,27-06-2023,Classic Tirmaisu,Dessert,DST-01,3,38000,114000,Digital Wallet,Online Order
9583,SUN-2987310,27-08-2023,Club Sandwich,Food,FOD-05,1,45000,45000,Digital Wallet,Take Away
9584,SUN-8498957,29-07-2023,Nasi Goreng Kampung,Food,FOD-03,1,38000,38000,Debit Card,Take Away
9585,SUN-3532846,17-08-2023,Buttermilk Fried Chicken,Food,FOD-01,4,48000,192000,Digital Wallet,Dine in
9586,SUN-9077720,09-05-2023,Cafe Latte,Drinks,DRK-03,1,32000,32000,Digital Wallet,Take Away
9587,SUN-1254277,22-09-2023,Cinnamon Roll,Dessert,DST-05,4,28000,112000,Debit Card,Online Order
9588,SUN-6786569,18-09-2023,Classic Tirmaisu,Dessert,DST-01,4,38000,152000,Debit Card,Take Away
9589,SUN-3550140,27-05-2023,Cafe Latte,Drinks,DRK-03,2,32000,64000,Debit Card,Take Away
9590,SUN-7997621,25-03-2023,Choco Lava Cake,Dessert,DST-04,4,35000,140000,Cash,Take Away
9591,SUN-9720495,20-08-2023,Iced Americano,Drinks,DRK-02,4,28000,112000,Digital Wallet,Online Order
9592,SUN-3700981,07-04-2023,Choco Lava Cake,Dessert,DST-04,3,35000,105000,Debit Card,Take Away
9593,SUN-5781703,07-01-2023,Choco Lava Cake,Dessert,DST-04,4,35000,140000,Debit Card,Online Order
9594,SUN-2853137,05-05-2023,New York Cheesecake,Dessert,DST-03,4,42000,168000,Digital Wallet,Dine in
9595,SUN-4163481,25-01-2023,Grill Chicken Caesar Salad,Food,FOD-04,4,42000,168000,Digital Wallet,Take Away
9596,SUN-1649110,14-11-2023,Cafe Latte,Drinks,DRK-03,3,32000,96000,Cash,Dine in
9597,SUN-7159038,13-03-2023,Iced Americano,Drinks,DRK-02,3,28000,84000,Debit Card,Online Order
9598,SUN-4230718,03-07-2023,Beef Carbonara Pasta,Food,FOD-02,1,52000,52000,Debit Card,Online Order
9599,SUN-8568533,27-01-2023,Nasi Goreng Kampung,Food,FOD-03,1,38000,38000,Digital Wallet,Online Order
9600,SUN-3624192,25-02-2023,Iced Americano,Drinks,DRK-02,1,28000,28000,Digital Wallet,Take Away
9601,SUN-5863452,24-06-2023,Grill Chicken Caesar Salad,Food,FOD-04,3,42000,126000,Digital Wallet,Dine in
9602,SUN-4727225,08-09-2023,Fudgy Brownies,Dessert,DST-02,4,25000,100000,Debit Card,Take Away
9603,SUN-5942856,17-09-2023,New York Cheesecake,Dessert,DST-03,1,42000,42000,Digital Wallet,Take Away
9604,SUN-7200933,15-08-2023,Grill Chicken Caesar Salad,Food,FOD-04,3,42000,126000,Debit Card,Take Away
9605,SUN-7769908,05-01-2023,Choco Lava Cake,Dessert,DST-04,1,35000,35000,Digital Wallet,Take Away
9606,SUN-8212864,12-10-2023,Buttermilk Fried Chicken,Food,FOD-01,4,48000,192000,Cash,Dine in
9607,SUN-8081493,26-07-2023,Buttermilk Fried Chicken,Food,FOD-01,1,48000,48000,Cash,Online Order
9608,SUN-4040267,12-09-2023,Cinnamon Roll,Dessert,DST-05,3,28000,84000,Debit Card,Online Order
9609,SUN-3131775,19-10-2023,Fudgy Brownies,Dessert,DST-02,1,25000,25000,Debit Card,Take Away
9610,SUN-3901594,27-05-2023,Club Sandwich,Food,FOD-05,1,45000,45000,Digital Wallet,Dine in
9611,SUN-1916747,28-06-2023,Cinnamon Roll,Dessert,DST-05,1,28000,28000,Digital Wallet,Dine in
9612,SUN-1283182,14-05-2023,Cafe Latte,Drinks,DRK-03,1,32000,32000,Digital Wallet,Take Away
9613,SUN-8425011,17-09-2023,Club Sandwich,Food,FOD-05,3,45000,135000,Digital Wallet,Take Away
9614,SUN-3122345,27-02-2023,Cinnamon Roll,Dessert,DST-05,2,28000,56000,Debit Card,Take Away
9615,SUN-3166501,09-11-2023,Caramel Machiato,Drinks,DRK-04,3,38000,114000,Digital Wallet,Take Away
9616,SUN-9143072,03-04-2023,Classic Tirmaisu,Dessert,DST-01,2,38000,76000,Debit Card,Dine in
9617,SUN-5209444,01-06-2023,Creamy Maycha Latte,Drinks,DRK-05,4,35000,140000,Cash,Take Away
9618,SUN-9911838,25-01-2023,Choco Lava Cake,Dessert,DST-04,2,35000,70000,Cash,Take Away
9619,SUN-1041027,26-01-2023,Cafe Latte,Drinks,DRK-03,1,32000,32000,Cash,Online Order
9620,SUN-1437522,15-01-2023,Cinnamon Roll,Dessert,DST-05,2,28000,56000,Debit Card,Online Order
9621,SUN-3451325,20-03-2023,Nasi Goreng Kampung,Food,FOD-03,1,38000,38000,Debit Card,Dine in
9622,SUN-7505630,07-07-2023,Club Sandwich,Food,FOD-05,3,45000,135000,Digital Wallet,Take Away
9623,SUN-9868346,10-01-2023,Caramel Machiato,Drinks,DRK-04,3,38000,114000,Debit Card,Dine in
9624,SUN-8685944,30-11-2023,Fudgy Brownies,Dessert,DST-02,3,25000,75000,Digital Wallet,Take Away
9625,SUN-9618904,08-04-2023,Classic Tirmaisu,Dessert,DST-01,3,38000,114000,Digital Wallet,Take Away
9626,SUN-3382008,20-01-2023,Grill Chicken Caesar Salad,Food,FOD-04,1,42000,42000,Cash,Dine in
9627,SUN-3175608,03-11-2023,Classic Tirmaisu,Dessert,DST-01,2,38000,76000,Cash,Online Order
9628,SUN-4319338,16-02-2023,Fudgy Brownies,Dessert,DST-02,2,25000,50000,Debit Card,Online Order
9629,SUN-4864590,19-08-2023,Cafe Latte,Drinks,DRK-03,3,32000,96000,Cash,Dine in
9630,SUN-6270048,30-10-2023,Espreso Single,Drinks,DRK-01,1,22000,22000,Digital Wallet,Take Away
9631,SUN-4342586,11-10-2023,Cinnamon Roll,Dessert,DST-04,4,28000,112000,Debit Card,Take Away
9632,SUN-2518980,13-12-2023,Cafe Latte,Drinks,DRK-03,2,32000,64000,Digital Wallet,Dine in
9633,SUN-7844791,18-10-2023,Beef Carbonara Pasta,Food,FOD-02,1,52000,52000,Debit Card,Take Away
9634,SUN-7487573,22-02-2023,Club Sandwich,Food,FOD-05,3,45000,135000,Digital Wallet,Dine in
9635,SUN-1347012,30-08-2023,Fudgy Brownies,Dessert,DST-02,3,25000,75000,Debit Card,Online Order
9636,SUN-9404707,17-10-2023,Nasi Goreng Kampung,Food,FOD-03,1,38000,38000,Digital Wallet,Dine in
9637,SUN-7166688,21-04-2023,Grill Chicken Caesar Salad,Food,FOD-04,3,42000,126000,Cash,Dine in
9638,SUN-4527919,18-02-2023,Club Sandwich,Food,FOD-05,3,45000,135000,Debit Card,Online Order
9639,SUN-1164963,04-07-2023,Nasi Goreng Kampung,Food,FOD-03,1,38000,38000,Cash,Take Away
9640,SUN-2437689,23-06-2023,Choco Lava Cake,Dessert,DST-04,1,35000,35000,Digital Wallet,Online Order
9641,SUN-2551118,26-04-2023,Caramel Machiato,Drinks,DRK-04,4,38000,152000,Digital Wallet,Dine in
9642,SUN-8020111,11-12-2023,Buttermilk Fried Chicken,Food,FOD-01,4,48000,192000,Debit Card,Dine in
9643,SUN-2575880,12-03-2023,Nasi Goreng Kampung,Food,FOD-03,1,38000,38000,Debit Card,Online Order
9644,SUN-9970995,13-12-2023,Espreso Single,Drinks,DRK-01,3,22000,66000,Debit Card,Take Away
9645,SUN-7571571,15-09-2023,Classic Tirmaisu,Dessert,DST-01,4,38000,152000,Digital Wallet,Online Order
9646,SUN-3240062,05-02-2023,Classic Tirmaisu,Dessert,DST-01,3,38000,114000,Debit Card,Online Order
9647,SUN-9232996,15-02-2023,Creamy Maycha Latte,Drinks,DRK-05,2,35000,70000,Digital Wallet,Take Away
9648,SUN-2470552,14-08-2023,Buttermilk Fried Chicken,Food,FOD-01,4,48000,192000,Digital Wallet,Online Order
9649,SUN-4873280,24-09-2023,Nasi Goreng Kampung,Food,FOD-03,4,38000,152000,Digital Wallet,Dine in
9650,SUN-7515633,15-04-2023,Caramel Machiato,Drinks,DRK-04,1,38000,38000,Digital Wallet,Dine in
9651,SUN-2862217,20-08-2023,Cafe Latte,Drinks,DRK-03,3,32000,96000,Digital Wallet,Take Away
9652,SUN-2726421,05-12-2023,Caramel Machiato,Drinks,DRK-04,4,38000,152000,Cash,Online Order
9653,SUN-4687924,19-11-2023,Classic Tirmaisu,Dessert,DST-01,4,38000,152000,Digital Wallet,Dine in
9654,SUN-4416141,25-08-2023,Creamy Maycha Latte,Drinks,DRK-05,1,35000,35000,Debit Card,Dine in
9655,SUN-6639472,22-05-2023,Club Sandwich,Food,FOD-05,3,45000,135000,Debit Card,Dine in
9656,SUN-5311929,30-08-2023,Choco Lava Cake,Dessert,DST-04,1,35000,35000,Cash,Take Away
9657,SUN-1815525,07-11-2023,Grill Chicken Caesar Salad,Food,FOD-04,1,42000,42000,Digital Wallet,Take Away
9658,SUN-6431935,24-07-2023,Choco Lava Cake,Dessert,DST-04,4,35000,140000,Debit Card,Take Away
9659,SUN-5119007,20-10-2023,Classic Tirmaisu,Dessert,DST-01,3,38000,114000,Debit Card,Dine in
9660,SUN-4391152,04-02-2023,Classic Tirmaisu,Dessert,DST-01,3,38000,114000,Debit Card,Online Order
9661,SUN-9140549,30-06-2023,Choco Lava Cake,Dessert,DST-04,2,35000,70000,Debit Card,Dine in
9662,SUN-8234220,21-10-2023,Classic Tirmaisu,Dessert,DST-01,4,38000,152000,Digital Wallet,Dine in
9663,SUN-1568918,07-09-2023,Fudgy Brownies,Dessert,DST-02,3,25000,75000,Debit Card,Take Away
9664,SUN-8141756,22-02-2023,Classic Tirmaisu,Dessert,DST-01,3,38000,114000,Digital Wallet,Dine in
9665,SUN-6433814,16-05-2023,Espreso Single,Drinks,DRK-01,1,22000,22000,Digital Wallet,Take Away
9666,SUN-4986630,09-11-2023,Club Sandwich,Food,FOD-05,4,45000,180000,Cash,Take Away
9667,SUN-2910565,10-01-2023,Choco Lava Cake,Dessert,DST-04,3,35000,105000,Digital Wallet,Dine in
9668,SUN-2485829,15-06-2023,Creamy Maycha Latte,Drinks,DRK-05,3,35000,105000,Debit Card,Take Away
9669,SUN-4037880,02-08-2023,Caramel Machiato,Drinks,DRK-04,4,38000,152000,Digital Wallet,Take Away
9670,SUN-3082461,29-06-2023,Caramel Machiato,Drinks,DRK-04,4,38000,152000,Digital Wallet,Online Order
9671,SUN-7696732,21-04-2023,Creamy Maycha Latte,Drinks,DRK-05,2,35000,70000,Debit Card,Online Order
9672,SUN-8271632,08-01-2023,Buttermilk Fried Chicken,Food,FOD-01,3,48000,144000,Debit Card,Online Order
9673,SUN-5347158,08-10-2023,Nasi Goreng Kampung,Food,FOD-03,3,38000,114000,Cash,Online Order
9674,SUN-1866420,23-07-2023,Caramel Machiato,Drinks,DRK-04,3,38000,114000,Debit Card,Take Away
9675,SUN-2655333,04-01-2023,Cafe Latte,Drinks,DRK-03,4,32000,128000,Cash,Take Away
9676,SUN-6737839,27-07-2023,Cinnamon Roll,Dessert,DST-05,3,28000,84000,Digital Wallet,Online Order
9677,SUN-5492802,11-02-2023,New York Cheesecake,Dessert,DST-03,2,42000,84000,Debit Card,Dine in
9678,SUN-9373208,05-03-2023,New York Cheesecake,Dessert,DST-03,2,42000,84000,Debit Card,Take Away
9679,SUN-4542687,10-04-2023,Cafe Latte,Drinks,DRK-03,3,32000,96000,Digital Wallet,Online Order
9680,SUN-1887351,03-07-2023,Classic Tirmaisu,Dessert,DST-01,1,38000,38000,Digital Wallet,Online Order
9681,SUN-7403232,04-06-2023,New York Cheesecake,Dessert,DST-03,2,42000,84000,Cash,Dine in
9682,SUN-7306881,13-09-2023,Creamy Maycha Latte,Drinks,DRK-05,3,35000,105000,Debit Card,Take Away
9683,SUN-6427555,28-09-2023,Cafe Latte,Drinks,DRK-03,4,32000,128000,Cash,Take Away
9684,SUN-5901968,21-01-2023,Choco Lava Cake,Dessert,DST-04,3,35000,105000,Digital Wallet,Take Away
9685,SUN-6851524,28-11-2023,Iced Americano,Drinks,DRK-02,1,28000,28000,Cash,Online Order
9686,SUN-6339030,29-10-2023,Cinnamon Roll,Dessert,DST-05,1,28000,28000,Cash,Dine in
9687,SUN-9874475,15-06-2023,Caramel Machiato,Drinks,DRK-04,3,38000,114000,Digital Wallet,Take Away
9688,SUN-2344070,01-08-2023,Creamy Maycha Latte,Drinks,DRK-05,1,35000,35000,Debit Card,Dine in
9689,SUN-1331219,28-10-2023,Club Sandwich,Food,FOD-05,1,45000,45000,Digital Wallet,Dine in
9690,SUN-2940725,25-10-2023,Cafe Latte,Drinks,DRK-03,2,32000,64000,Digital Wallet,Dine in
9691,SUN-3678845,28-08-2023,Cinnamon Roll,Dessert,DST-05,2,28000,56000,Cash,Take Away
9692,SUN-4299712,20-05-2023,Club Sandwich,Food,FOD-05,4,45000,180000,Cash,Dine in
9693,SUN-5349948,17-02-2023,Club Sandwich,Food,FOD-05,1,45000,45000,Cash,Dine in
9694,SUN-1045376,15-10-2023,Beef Carbonara Pasta,Food,FOD-02,4,52000,208000,Debit Card,Dine in
9695,SUN-7107674,21-02-2023,New York Cheesecake,Dessert,DST-03,1,42000,42000,Digital Wallet,Take Away
9696,SUN-4340332,23-06-2023,Grill Chicken Caesar Salad,Food,FOD-04,1,42000,42000,Cash,Dine in
9697,SUN-3233162,13-04-2023,New York Cheesecake,Dessert,DST-03,3,42000,126000,Debit Card,Take Away
9698,SUN-7077825,29-04-2023,Cafe Latte,Drinks,DRK-03,3,32000,96000,Digital Wallet,Online Order
9699,SUN-1117090,23-11-2023,Classic Tirmaisu,Dessert,DST-01,1,38000,38000,Debit Card,Online Order
9700,SUN-1554719,18-04-2023,Classic Tirmaisu,Dessert,DST-01,4,38000,152000,Digital Wallet,Dine in
9701,SUN-4523807,02-01-2023,Classic Tirmaisu,Dessert,DST-01,2,38000,76000,Debit Card,Take Away
9702,SUN-2072296,22-02-2023,Buttermilk Fried Chicken,Food,FOD-01,2,48000,96000,Digital Wallet,Dine in
9703,SUN-9000464,01-01-2023,Grill Chicken Caesar Salad,Food,FOD-04,2,42000,84000,Debit Card,Take Away
9704,SUN-7901483,22-11-2023,Espreso Single,Drinks,DRK-01,3,22000,66000,Debit Card,Online Order
9705,SUN-2336268,08-11-2023,Iced Americano,Drinks,DRK-02,1,28000,28000,Cash,Dine in
9706,SUN-1408050,03-10-2023,Creamy Maycha Latte,Drinks,DRK-05,1,35000,35000,Debit Card,Take Away
9707,SUN-8056852,04-10-2023,Cafe Latte,Drinks,DRK-03,1,32000,32000,Digital Wallet,Online Order
9708,SUN-3175935,24-01-2023,Cafe Latte,Drinks,DRK-03,1,32000,32000,Digital Wallet,Dine in
9709,SUN-8805652,06-11-2023,Classic Tirmaisu,Dessert,DST-01,3,38000,114000,Cash,Online Order
9710,SUN-4446673,19-04-2023,Nasi Goreng Kampung,Food,FOD-03,2,38000,76000,Cash,Online Order
9711,SUN-4291673,14-09-2023,Classic Tirmaisu,Dessert,DST-01,3,38000,114000,Cash,Take Away
9712,SUN-5776589,29-12-2023,Iced Americano,Drinks,DRK-02,1,28000,28000,Digital Wallet,Online Order
9713,SUN-1190737,22-10-2023,Choco Lava Cake,Dessert,DST-04,3,35000,105000,Debit Card,Take Away
9714,SUN-3599377,21-09-2023,Iced Americano,Drinks,DRK-02,1,28000,28000,Digital Wallet,Take Away
9715,SUN-5464094,05-02-2023,Grill Chicken Caesar Salad,Food,FOD-04,2,42000,84000,Digital Wallet,Online Order
9716,SUN-9899835,03-05-2023,Grill Chicken Caesar Salad,Food,FOD-04,4,42000,168000,Debit Card,Online Order
9717,SUN-2517364,31-07-2023,Beef Carbonara Pasta,Food,FOD-02,2,52000,104000,Debit Card,Take Away
9718,SUN-4334398,10-02-2023,Club Sandwich,Food,FOD-05,4,45000,180000,Cash,Take Away
9719,SUN-2284676,10-05-2023,Caramel Machiato,Drinks,DRK-04,3,38000,114000,Cash,Dine in
9720,SUN-9688552,10-08-2023,Espreso Single,Drinks,DRK-01,3,22000,66000,Digital Wallet,Online Order
9721,SUN-6070487,15-07-2023,Cafe Latte,Drinks,DRK-03,3,32000,96000,Digital Wallet,Online Order
9722,SUN-4823655,01-01-2023,New York Cheesecake,Dessert,DST-03,3,42000,126000,Debit Card,Take Away
9723,SUN-6449478,25-04-2023,Creamy Maycha Latte,Drinks,DRK-05,4,35000,140000,Debit Card,Dine in
9724,SUN-2192402,06-03-2023,Espreso Single,Drinks,DRK-01,1,22000,22000,Digital Wallet,Online Order
9725,SUN-6273714,21-03-2023,Creamy Maycha Latte,Drinks,DRK-05,2,35000,70000,Debit Card,Online Order
9726,SUN-9038383,16-12-2023,Iced Americano,Drinks,DRK-02,4,28000,112000,Digital Wallet,Online Order
9727,SUN-8165710,08-03-2023,Fudgy Brownies,Dessert,DST-02,2,25000,50000,Cash,Dine in
9728,SUN-1899480,04-05-2023,Caramel Machiato,Drinks,DRK-04,2,38000,76000,Debit Card,Online Order
9729,SUN-4764793,10-02-2023,Espreso Single,Drinks,DRK-01,1,22000,22000,Debit Card,Dine in
9730,SUN-8292693,15-10-2023,Caramel Machiato,Drinks,DRK-04,4,38000,152000,Digital Wallet,Take Away
9731,SUN-2600301,19-05-2023,New York Cheesecake,Dessert,DST-03,3,42000,126000,Digital Wallet,Take Away
9732,SUN-6448980,14-07-2023,Grill Chicken Caesar Salad,Food,FOD-04,1,42000,42000,Cash,Dine in
9733,SUN-1539854,31-10-2023,Grill Chicken Caesar Salad,Food,FOD-04,4,42000,168000,Digital Wallet,Take Away
9734,SUN-2915707,03-11-2023,Nasi Goreng Kampung,Food,FOD-03,1,38000,38000,Digital Wallet,Take Away
9735,SUN-5000339,30-07-2023,Espreso Single,Drinks,DRK-01,3,22000,66000,Digital Wallet,Online Order
9736,SUN-1632299,06-02-2023,Espreso Single,Drinks,DRK-01,4,22000,88000,Digital Wallet,Take Away
9737,SUN-4672911,19-04-2023,Classic Tirmaisu,Dessert,DST-01,3,38000,114000,Debit Card,Online Order
9738,SUN-8947673,19-03-2023,Iced Americano,Drinks,DRK-02,1,28000,28000,Digital Wallet,Take Away
9739,SUN-2321270,28-11-2023,Choco Lava Cake,Dessert,DST-04,1,35000,35000,Cash,Take Away
9740,SUN-5172460,14-09-2023,Cafe Latte,Drinks,DRK-03,1,32000,32000,Cash,Take Away
9741,SUN-6416706,14-05-2023,Nasi Goreng Kampung,Food,FOD-03,2,38000,76000,Debit Card,Online Order
9742,SUN-8397855,15-01-2023,Iced Americano,Drinks,DRK-02,1,28000,28000,Cash,Dine in
9743,SUN-3986538,28-03-2023,Espreso Single,Drinks,DRK-01,3,22000,66000,Digital Wallet,Online Order
9744,SUN-1767110,28-11-2023,Caramel Machiato,Drinks,DRK-04,1,38000,38000,Debit Card,Online Order
9745,SUN-1016062,14-10-2023,Caramel Machiato,Drinks,DRK-04,4,38000,152000,Debit Card,Online Order
9746,SUN-2833231,17-11-2023,Beef Carbonara Pasta,Food,FOD-02,2,52000,104000,Digital Wallet,Online Order
9747,SUN-4439433,31-05-2023,Cafe Latte,Drinks,DRK-03,4,32000,128000,Digital Wallet,Dine in
9748,SUN-8155818,06-01-2023,Cafe Latte,Drinks,DRK-03,4,32000,128000,Cash,Dine in
9749,SUN-9953202,04-04-2023,Cinnamon Roll,Dessert,DST-05,1,28000,28000,Debit Card,Dine in
9750,SUN-8082302,15-04-2023,Club Sandwich,Food,FOD-05,1,45000,45000,Cash,Dine in
9751,SUN-2529504,27-05-2023,New York Cheesecake,Dessert,DST-03,2,42000,84000,Cash,Dine in
9752,SUN-2601967,13-03-2023,Beef Carbonara Pasta,Food,FOD-02,1,52000,52000,Cash,Online Order
9753,SUN-8339341,20-07-2023,Club Sandwich,Food,FOD-05,2,45000,90000,Digital Wallet,Take Away
9754,SUN-4296953,26-01-2023,Classic Tirmaisu,Dessert,DST-01,1,38000,38000,Digital Wallet,Dine in
9755,SUN-1820420,30-11-2023,Beef Carbonara Pasta,Food,FOD-02,4,52000,208000,Debit Card,Dine in
9756,SUN-9959351,02-02-2023,Beef Carbonara Pasta,Food,FOD-02,2,52000,104000,Cash,Take Away
9757,SUN-4110853,04-10-2023,Iced Americano,Drinks,DRK-02,1,28000,28000,Digital Wallet,Online Order
9758,SUN-6655432,31-03-2023,Espreso Single,Drinks,DRK-01,2,22000,44000,Debit Card,Dine in
9759,SUN-1553956,24-11-2023,Buttermilk Fried Chicken,Food,FOD-01,2,48000,96000,Debit Card,Online Order
9760,SUN-7998469,20-12-2023,Creamy Maycha Latte,Drinks,DRK-05,2,35000,70000,Debit Card,Take Away
9761,SUN-3787290,06-07-2023,Nasi Goreng Kampung,Food,FOD-03,4,38000,152000,Digital Wallet,Online Order
9762,SUN-5075739,16-06-2023,Fudgy Brownies,Dessert,DST-02,1,25000,25000,Debit Card,Dine in
9763,SUN-3067747,22-06-2023,Grill Chicken Caesar Salad,Food,FOD-04,2,42000,84000,Cash,Take Away
9764,SUN-2958126,09-11-2023,Iced Americano,Drinks,DRK-02,4,28000,112000,Debit Card,Online Order
9765,SUN-9872957,30-05-2023,Grill Chicken Caesar Salad,Food,FOD-04,1,42000,42000,Debit Card,Dine in
9766,SUN-8043386,11-04-2023,Club Sandwich,Food,FOD-05,3,45000,135000,Digital Wallet,Take Away
9767,SUN-6157625,03-03-2023,Beef Carbonara Pasta,Food,FOD-02,1,52000,52000,Cash,Dine in
9768,SUN-5812622,15-09-2023,Classic Tirmaisu,Dessert,DST-01,2,38000,76000,Digital Wallet,Dine in
9769,SUN-9980275,27-10-2023,Espreso Single,Drinks,DRK-01,1,22000,22000,Digital Wallet,Take Away
9770,SUN-2273306,04-10-2023,Buttermilk Fried Chicken,Food,FOD-01,2,48000,96000,Debit Card,Dine in
9771,SUN-3215020,05-02-2023,Choco Lava Cake,Dessert,DST-04,2,35000,70000,Debit Card,Dine in
9772,SUN-8262723,25-04-2023,Grill Chicken Caesar Salad,Food,FOD-04,2,42000,84000,Digital Wallet,Online Order
9773,SUN-8133321,16-04-2023,New York Cheesecake,Dessert,DST-03,2,42000,84000,Digital Wallet,Take Away
9774,SUN-4442819,10-12-2023,Grill Chicken Caesar Salad,Food,FOD-04,3,42000,126000,Cash,Dine in
9775,SUN-1393217,25-07-2023,Espreso Single,Drinks,DRK-01,2,22000,44000,Digital Wallet,Dine in
9776,SUN-7557477,10-08-2023,Classic Tirmaisu,Dessert,DST-01,1,38000,38000,Debit Card,Dine in
9777,SUN-1882589,26-07-2023,Cinnamon Roll,Dessert,DST-05,2,28000,56000,Debit Card,Dine in
9778,SUN-9891394,21-09-2023,Caramel Machiato,Drinks,DRK-04,2,38000,76000,Digital Wallet,Dine in
9779,SUN-2956612,09-08-2023,Creamy Maycha Latte,Drinks,DRK-05,4,35000,140000,Debit Card,Dine in
9780,SUN-2365101,02-11-2023,Iced Americano,Drinks,DRK-02,1,28000,28000,Digital Wallet,Dine in
9781,SUN-1435788,09-04-2023,Nasi Goreng Kampung,Food,FOD-03,1,38000,38000,Debit Card,Dine in
9782,SUN-6292186,14-05-2023,Cinnamon Roll,Dessert,DST-05,4,28000,112000,Debit Card,Take Away
9783,SUN-4311835,07-03-2023,Cinnamon Roll,Dessert,DST-05,1,28000,28000,Cash,Take Away
9784,SUN-4350323,31-05-2023,Buttermilk Fried Chicken,Food,FOD-01,4,48000,192000,Digital Wallet,Dine in
9785,SUN-7615131,28-03-2023,Iced Americano,Drinks,DRK-02,3,28000,84000,Digital Wallet,Dine in
9786,SUN-6557815,07-12-2023,Cafe Latte,Drinks,DRK-03,2,32000,64000,Digital Wallet,Dine in
9787,SUN-9737250,02-05-2023,Grill Chicken Caesar Salad,Food,FOD-04,4,42000,168000,Debit Card,Dine in
9788,SUN-2468109,07-04-2023,Caramel Machiato,Drinks,DRK-04,2,38000,76000,Debit Card,Online Order
9789,SUN-4383086,23-05-2023,Buttermilk Fried Chicken,Food,FOD-01,1,48000,48000,Debit Card,Online Order
9790,SUN-4968230,15-12-2023,Creamy Maycha Latte,Drinks,DRK-05,3,35000,105000,Debit Card,Online Order
9791,SUN-1712434,14-10-2023,Iced Americano,Drinks,DRK-02,4,28000,112000,Digital Wallet,Take Away
9792,SUN-5486771,10-10-2023,Espreso Single,Drinks,DRK-01,1,22000,22000,Debit Card,Dine in
9793,SUN-1541988,27-11-2023,Choco Lava Cake,Dessert,DST-04,1,35000,35000,Cash,Take Away
9794,SUN-9664459,15-11-2023,Beef Carbonara Pasta,Food,FOD-02,2,52000,104000,Debit Card,Take Away
9795,SUN-6788694,27-08-2023,Espreso Single,Drinks,DRK-01,1,22000,22000,Debit Card,Take Away
9796,SUN-3596008,06-11-2023,Cinnamon Roll,Dessert,DST-05,1,28000,28000,Digital Wallet,Dine in
9797,SUN-5089892,21-01-2023,New York Cheesecake,Dessert,DST-03,1,42000,42000,Digital Wallet,Dine in
9798,SUN-4844475,13-05-2023,Fudgy Brownies,Dessert,DST-02,2,25000,50000,Cash,Dine in
9799,SUN-9038309,19-06-2023,Caramel Machiato,Drinks,DRK-04,1,38000,38000,Cash,Take Away
9800,SUN-6272466,10-03-2023,Beef Carbonara Pasta,Food,FOD-02,4,52000,208000,Digital Wallet,Online Order
9801,SUN-2531380,21-06-2023,Grill Chicken Caesar Salad,Food,FOD-04,2,42000,84000,Digital Wallet,Take Away
9802,SUN-2745026,10-01-2023,Choco Lava Cake,Dessert,DST-04,1,35000,35000,Cash,Dine in
9803,SUN-9396931,22-11-2023,Creamy Maycha Latte,Drinks,DRK-05,3,35000,105000,Debit Card,Dine in
9804,SUN-1009565,21-03-2023,Grill Chicken Caesar Salad,Food,FOD-04,3,42000,126000,Digital Wallet,Online Order
9805,SUN-6037199,28-04-2023,New York Cheesecake,Dessert,DST-03,1,42000,42000,Cash,Take Away
9806,SUN-8924030,19-09-2023,Cafe Latte,Drinks,DRK-03,2,32000,64000,Digital Wallet,Dine in
9807,SUN-7070113,20-09-2023,Creamy Maycha Latte,Drinks,DRK-05,3,35000,105000,Cash,Online Order
9808,SUN-4903146,11-12-2023,Iced Americano,Drinks,DRK-02,2,28000,56000,Cash,Dine in
9809,SUN-3397536,15-10-2023,Cafe Latte,Drinks,DRK-03,4,32000,128000,Debit Card,Take Away
9810,SUN-9853938,30-01-2023,Choco Lava Cake,Dessert,DST-04,1,35000,35000,Debit Card,Dine in
9811,SUN-4557990,06-07-2023,Creamy Maycha Latte,Drinks,DRK-05,2,35000,70000,Cash,Dine in
9812,SUN-8920557,24-08-2023,New York Cheesecake,Dessert,DST-03,1,42000,42000,Debit Card,Take Away
9813,SUN-3765563,29-06-2023,Club Sandwich,Food,FOD-05,1,45000,45000,Debit Card,Online Order
9814,SUN-6535628,26-01-2023,Iced Americano,Drinks,DRK-02,4,28000,112000,Debit Card,Dine in
9815,SUN-7519433,13-02-2023,Choco Lava Cake,Dessert,DST-04,1,35000,35000,Debit Card,Dine in
9816,SUN-4213534,22-11-2023,Iced Americano,Drinks,DRK-02,4,28000,112000,Digital Wallet,Online Order
9817,SUN-1049399,23-01-2023,New York Cheesecake,Dessert,DST-03,3,42000,126000,Digital Wallet,Online Order
9818,SUN-3149447,25-03-2023,Choco Lava Cake,Dessert,DST-04,2,35000,70000,Debit Card,Dine in
9819,SUN-2015127,21-12-2023,Beef Carbonara Pasta,Food,FOD-02,4,52000,208000,Debit Card,Take Away
9820,SUN-1200308,26-04-2023,Espreso Single,Drinks,DRK-01,4,22000,88000,Cash,Dine in
9821,SUN-7038782,25-07-2023,Caramel Machiato,Drinks,DRK-04,1,38000,38000,Cash,Online Order
9822,SUN-4553856,28-02-2023,Fudgy Brownies,Dessert,DST-02,4,25000,100000,Debit Card,Dine in
9823,SUN-4693894,08-04-2023,Choco Lava Cake,Dessert,DST-04,1,35000,35000,Debit Card,Online Order
9824,SUN-9971210,14-08-2023,Caramel Machiato,Drinks,DRK-04,2,38000,76000,Cash,Dine in
9825,SUN-4539574,21-10-2023,Classic Tirmaisu,Dessert,DST-01,2,38000,76000,Cash,Take Away
9826,SUN-1768692,11-06-2023,Espreso Single,Drinks,DRK-01,4,22000,88000,Digital Wallet,Online Order
9827,SUN-1022525,20-01-2023,Buttermilk Fried Chicken,Food,FOD-01,3,48000,144000,Digital Wallet,Dine in
9828,SUN-1838572,23-02-2023,Fudgy Brownies,Dessert,DST-02,1,25000,25000,Digital Wallet,Dine in
9829,SUN-1892337,22-08-2023,Classic Tirmaisu,Dessert,DST-01,3,38000,114000,Cash,Take Away
9830,SUN-1644563,23-05-2023,Choco Lava Cake,Dessert,DST-04,3,35000,105000,Debit Card,Take Away
9831,SUN-3368656,04-03-2023,Espreso Single,Drinks,DRK-01,2,22000,44000,Digital Wallet,Online Order
9832,SUN-9943664,05-12-2023,Beef Carbonara Pasta,Food,FOD-02,3,52000,156000,Digital Wallet,Take Away
9833,SUN-7906618,26-12-2023,Choco Lava Cake,Dessert,DST-04,2,35000,70000,Debit Card,Online Order
9834,SUN-8474129,02-05-2023,Nasi Goreng Kampung,Food,FOD-03,3,38000,114000,Digital Wallet,Online Order
9835,SUN-2783606,18-04-2023,Caramel Machiato,Drinks,DRK-04,3,38000,114000,Cash,Take Away
9836,SUN-1479159,10-11-2023,Club Sandwich,Food,FOD-05,4,45000,180000,Debit Card,Online Order
9837,SUN-6488319,28-11-2023,Grill Chicken Caesar Salad,Food,FOD-04,1,42000,42000,Cash,Online Order
9838,SUN-4903829,25-08-2023,Creamy Maycha Latte,Drinks,DRK-05,2,35000,70000,Debit Card,Dine in
9839,SUN-3852385,16-01-2023,Club Sandwich,Food,FOD-05,4,45000,180000,Debit Card,Online Order
9840,SUN-2603579,02-02-2023,Iced Americano,Drinks,DRK-02,2,28000,56000,Digital Wallet,Take Away
9841,SUN-8100811,23-02-2023,Iced Americano,Drinks,DRK-02,2,28000,56000,Cash,Take Away
9842,SUN-2520183,17-08-2023,Beef Carbonara Pasta,Food,FOD-02,4,52000,208000,Cash,Dine in
9843,SUN-1836419,14-01-2023,Buttermilk Fried Chicken,Food,FOD-01,1,48000,48000,Digital Wallet,Take Away
9844,SUN-5917597,25-05-2023,Espreso Single,Drinks,DRK-01,1,22000,22000,Debit Card,Online Order
9845,SUN-2705922,15-04-2023,Caramel Machiato,Drinks,DRK-04,1,38000,38000,Debit Card,Take Away
9846,SUN-4434420,06-09-2023,Caramel Machiato,Drinks,DRK-04,3,38000,114000,Digital Wallet,Online Order
9847,SUN-9910081,03-10-2023,Club Sandwich,Food,FOD-05,1,45000,45000,Cash,Dine in
9848,SUN-4402874,01-01-2023,Espreso Single,Drinks,DRK-01,2,22000,44000,Digital Wallet,Online Order
9849,SUN-4528122,26-02-2023,Classic Tirmaisu,Dessert,DST-01,2,38000,76000,Debit Card,Take Away
9850,SUN-6823919,25-01-2023,Classic Tirmaisu,Dessert,DST-01,3,38000,114000,Digital Wallet,Online Order
9851,SUN-5426913,18-02-2023,Fudgy Brownies,Dessert,DST-02,2,25000,50000,Debit Card,Online Order
9852,SUN-5083045,13-04-2023,Espreso Single,Drinks,DRK-01,4,22000,88000,Debit Card,Online Order
9853,SUN-9474137,17-09-2023,Club Sandwich,Food,FOD-05,2,45000,90000,Debit Card,Dine in
9854,SUN-3056897,09-09-2023,Nasi Goreng Kampung,Food,FOD-03,3,38000,114000,Debit Card,Dine in
9855,SUN-8718361,24-07-2023,Grill Chicken Caesar Salad,Food,FOD-04,4,42000,168000,Digital Wallet,Take Away
9856,SUN-6569587,01-11-2023,Buttermilk Fried Chicken,Food,FOD-01,2,48000,96000,Cash,Dine in
9857,SUN-7509947,22-01-2023,Creamy Maycha Latte,Drinks,DRK-05,1,35000,35000,Cash,Dine in
9858,SUN-2496158,01-05-2023,Fudgy Brownies,Dessert,DST-02,4,25000,100000,Cash,Dine in
9859,SUN-5799245,14-04-2023,Beef Carbonara Pasta,Food,FOD-02,3,52000,156000,Cash,Take Away
9860,SUN-8933872,30-01-2023,Cafe Latte,Drinks,DRK-03,1,32000,32000,Cash,Take Away
9861,SUN-5171404,03-10-2023,Cafe Latte,Drinks,DRK-03,3,32000,96000,Debit Card,Take Away
9862,SUN-4889184,15-06-2023,Cinnamon Roll,Dessert,DST-05,2,28000,56000,Digital Wallet,Online Order
9863,SUN-2372242,19-07-2023,New York Cheesecake,Dessert,DST-03,4,42000,168000,Debit Card,Online Order
9864,SUN-4722729,03-09-2023,New York Cheesecake,Dessert,DST-03,3,42000,126000,Digital Wallet,Dine in
9865,SUN-8838404,11-12-2023,Cinnamon Roll,Dessert,DST-05,2,28000,56000,Debit Card,Online Order
9866,SUN-6500629,08-10-2023,Nasi Goreng Kampung,Food,FOD-03,4,38000,152000,Debit Card,Dine in
9867,SUN-4811841,09-10-2023,Grill Chicken Caesar Salad,Food,FOD-04,1,42000,42000,Digital Wallet,Take Away
9868,SUN-2245721,03-06-2023,Classic Tirmaisu,Dessert,DST-01,2,38000,76000,Digital Wallet,Take Away
9869,SUN-2735559,28-09-2023,Beef Carbonara Pasta,Food,FOD-02,3,52000,156000,Cash,Dine in
9870,SUN-7966235,13-12-2023,Cafe Latte,Drinks,DRK-03,4,32000,128000,Debit Card,Online Order
9871,SUN-3881195,23-10-2023,Caramel Machiato,Drinks,DRK-04,1,38000,38000,Debit Card,Dine in
9872,SUN-3702255,14-11-2023,Espreso Single,Drinks,DRK-01,4,22000,88000,Cash,Take Away
9873,SUN-5501411,01-02-2023,Cinnamon Roll,Dessert,DST-05,1,28000,28000,Digital Wallet,Online Order
9874,SUN-3692330,06-01-2023,Iced Americano,Drinks,DRK-02,4,28000,112000,Digital Wallet,Online Order
9875,SUN-3210727,09-05-2023,Buttermilk Fried Chicken,Food,FOD-01,1,48000,48000,Debit Card,Dine in
9876,SUN-5339199,12-02-2023,Beef Carbonara Pasta,Food,FOD-02,4,52000,208000,Digital Wallet,Online Order
9877,SUN-3662053,24-10-2023,Fudgy Brownies,Dessert,DST-02,1,25000,25000,Debit Card,Take Away
9878,SUN-7297277,24-03-2023,Classic Tirmaisu,Dessert,DST-01,2,38000,76000,Debit Card,Online Order
9879,SUN-3079134,19-04-2023,Choco Lava Cake,Dessert,DST-04,3,35000,105000,Digital Wallet,Take Away
9880,SUN-1382753,17-12-2023,New York Cheesecake,Dessert,DST-03,4,42000,168000,Digital Wallet,Online Order
9881,SUN-2594470,12-06-2023,Cafe Latte,Drinks,DRK-03,3,32000,96000,Digital Wallet,Take Away
9882,SUN-8423946,17-11-2023,Buttermilk Fried Chicken,Food,FOD-01,1,48000,48000,Cash,Take Away
9883,SUN-5448191,16-08-2023,Creamy Maycha Latte,Drinks,DRK-05,4,35000,140000,Digital Wallet,Dine in
9884,SUN-8946998,14-10-2023,Classic Tirmaisu,Dessert,DST-01,4,38000,152000,Digital Wallet,Online Order
9885,SUN-8131193,10-02-2023,Grill Chicken Caesar Salad,Food,FOD-04,4,42000,168000,Digital Wallet,Take Away
9886,SUN-2151609,17-04-2023,Buttermilk Fried Chicken,Food,FOD-01,1,48000,48000,Cash,Take Away
9887,SUN-4097767,12-09-2023,Cinnamon Roll,Dessert,DST-05,1,28000,28000,Digital Wallet,Take Away
9888,SUN-6425413,13-01-2023,Caramel Machiato,Drinks,DRK-04,3,38000,114000,Cash,Online Order
9889,SUN-5038920,25-05-2023,Grill Chicken Caesar Salad,Food,FOD-04,2,42000,84000,Cash,Online Order
9890,SUN-4838269,23-02-2023,Nasi Goreng Kampung,Food,FOD-03,4,38000,152000,Digital Wallet,Dine in
9891,SUN-7383479,17-11-2023,Fudgy Brownies,Dessert,DST-02,2,25000,50000,Digital Wallet,Take Away
9892,SUN-8270184,26-09-2023,Cafe Latte,Drinks,DRK-03,3,32000,96000,Cash,Take Away
9893,SUN-3947352,28-06-2023,Espreso Single,Drinks,DRK-01,1,22000,22000,Digital Wallet,Take Away
9894,SUN-1934219,06-06-2023,Creamy Maycha Latte,Drinks,DRK-05,4,35000,140000,Digital Wallet,Dine in
9895,SUN-3850080,12-01-2023,Buttermilk Fried Chicken,Food,FOD-01,4,48000,192000,Cash,Take Away
9896,SUN-8485178,30-10-2023,Caramel Machiato,Drinks,DRK-04,3,38000,114000,Cash,Dine in
9897,SUN-3586733,02-10-2023,Cinnamon Roll,Dessert,DST-05,2,28000,56000,Debit Card,Dine in
9898,SUN-4268502,03-06-2023,Creamy Maycha Latte,Drinks,DRK-05,1,35000,35000,Cash,Take Away
9899,SUN-2651411,10-09-2023,Club Sandwich,Food,FOD-05,1,45000,45000,Cash,Dine in
9900,SUN-8722383,24-06-2023,Fudgy Brownies,Dessert,DST-02,4,25000,100000,Cash,Take Away
9901,SUN-4458982,13-12-2023,Cinnamon Roll,Dessert,DST-05,3,28000,84000,Digital Wallet,Online Order
9902,SUN-8800787,06-05-2023,Club Sandwich,Food,FOD-05,3,45000,135000,Cash,Dine in
9903,SUN-3008434,24-10-2023,Fudgy Brownies,Dessert,DST-02,3,25000,75000,Digital Wallet,Dine in
9904,SUN-7137561,27-01-2023,New York Cheesecake,Dessert,DST-03,4,42000,168000,Cash,Dine in
9905,SUN-9745440,26-07-2023,Creamy Maycha Latte,Drinks,DRK-05,2,35000,70000,Digital Wallet,Online Order
9906,SUN-2632666,26-02-2023,Caramel Machiato,Drinks,DRK-04,2,38000,76000,Digital Wallet,Online Order
9907,SUN-9555959,13-10-2023,Creamy Maycha Latte,Drinks,DRK-05,3,35000,105000,Digital Wallet,Dine in
9908,SUN-8820073,25-09-2023,Creamy Maycha Latte,Drinks,DRK-05,2,35000,70000,Digital Wallet,Online Order
9909,SUN-9128993,13-03-2023,Cafe Latte,Drinks,DRK-03,1,32000,32000,Debit Card,Dine in
9910,SUN-9056990,05-08-2023,Buttermilk Fried Chicken,Food,FOD-01,1,48000,48000,Digital Wallet,Take Away
9911,SUN-8520754,28-11-2023,Creamy Maycha Latte,Drinks,DRK-05,1,35000,35000,Cash,Online Order
9912,SUN-4205869,17-08-2023,Club Sandwich,Food,FOD-05,4,45000,180000,Debit Card,Take Away
9913,SUN-6202097,07-10-2023,Iced Americano,Drinks,DRK-02,3,28000,84000,Debit Card,Take Away
9914,SUN-5909940,27-04-2023,Espreso Single,Drinks,DRK-01,2,22000,44000,Cash,Dine in
9915,SUN-5383406,30-06-2023,Fudgy Brownies,Dessert,DST-02,1,25000,25000,Debit Card,Online Order
9916,SUN-1350450,14-03-2023,Grill Chicken Caesar Salad,Food,FOD-04,3,42000,126000,Debit Card,Dine in
9917,SUN-3720871,15-01-2023,Buttermilk Fried Chicken,Food,FOD-01,3,48000,144000,Digital Wallet,Dine in
9918,SUN-9854303,25-07-2023,Buttermilk Fried Chicken,Food,FOD-01,2,48000,96000,Debit Card,Dine in
9919,SUN-5442814,01-06-2023,Buttermilk Fried Chicken,Food,FOD-01,2,48000,96000,Digital Wallet,Online Order
9920,SUN-2764717,17-04-2023,Iced Americano,Drinks,DRK-02,1,28000,28000,Digital Wallet,Take Away
9921,SUN-3765024,10-05-2023,Buttermilk Fried Chicken,Food,FOD-01,4,48000,192000,Digital Wallet,Online Order
9922,SUN-5139881,01-04-2023,Cafe Latte,Drinks,DRK-03,2,32000,64000,Digital Wallet,Dine in
9923,SUN-7151084,30-08-2023,Choco Lava Cake,Dessert,DST-04,1,35000,35000,Cash,Online Order
9924,SUN-6204614,14-02-2023,Caramel Machiato,Drinks,DRK-04,4,38000,152000,Digital Wallet,Online Order
9925,SUN-8146268,27-12-2023,Choco Lava Cake,Dessert,DST-04,1,35000,35000,Cash,Take Away
9926,SUN-3367141,14-03-2023,Cinnamon Roll,Dessert,DST-05,4,28000,112000,Cash,Dine in
9927,SUN-1007483,25-04-2023,New York Cheesecake,Dessert,DST-03,1,42000,42000,Debit Card,Dine in
9928,SUN-9227096,05-09-2023,Nasi Goreng Kampung,Food,FOD-03,3,38000,114000,Debit Card,Dine in
9929,SUN-5826529,07-12-2023,Cinnamon Roll,Dessert,DST-05,2,28000,56000,Cash,Take Away
9930,SUN-8237007,03-02-2023,Espreso Single,Drinks,DRK-01,1,22000,22000,Digital Wallet,Online Order
9931,SUN-1006804,07-09-2023,Iced Americano,Drinks,DRK-02,4,28000,112000,Digital Wallet,Dine in
9932,SUN-3249935,10-09-2023,Iced Americano,Drinks,DRK-02,2,28000,56000,Debit Card,Take Away
9933,SUN-6635345,28-02-2023,Cinnamon Roll,Dessert,DST-05,1,28000,28000,Debit Card,Online Order
9934,SUN-3473577,26-02-2023,New York Cheesecake,Dessert,DST-03,1,42000,42000,Digital Wallet,Dine in
9935,SUN-9448936,04-09-2023,Espreso Single,Drinks,DRK-01,3,22000,66000,Debit Card,Dine in
9936,SUN-8086291,07-02-2023,Nasi Goreng Kampung,Food,FOD-03,3,38000,114000,Cash,Dine in
9937,SUN-8101789,22-07-2023,Beef Carbonara Pasta,Food,FOD-02,1,52000,52000,Cash,Dine in
9938,SUN-2898693,14-09-2023,Classic Tirmaisu,Dessert,DST-01,1,38000,38000,Cash,Dine in
9939,SUN-8963950,10-04-2023,Creamy Maycha Latte,Drinks,DRK-05,1,35000,35000,Debit Card,Dine in
9940,SUN-3295422,25-06-2023,Club Sandwich,Food,FOD-05,4,45000,180000,Debit Card,Take Away
9941,SUN-5826706,18-02-2023,Espreso Single,Drinks,DRK-01,1,22000,22000,Digital Wallet,Online Order
9942,SUN-7083320,07-03-2023,Cinnamon Roll,Dessert,DST-04,2,28000,56000,Debit Card,Take Away
9943,SUN-6118508,02-03-2023,Club Sandwich,Food,FOD-05,2,45000,90000,Debit Card,Dine in
9944,SUN-3180709,05-09-2023,Espreso Single,Drinks,DRK-01,4,22000,88000,Debit Card,Take Away
9945,SUN-5040938,13-11-2023,Choco Lava Cake,Dessert,DST-04,2,35000,70000,Digital Wallet,Dine in
9946,SUN-3389141,29-01-2023,Creamy Maycha Latte,Drinks,DRK-05,4,35000,140000,Digital Wallet,Take Away
9947,SUN-1639696,23-06-2023,Classic Tirmaisu,Dessert,DST-01,1,38000,38000,Debit Card,Online Order
9948,SUN-9579866,21-11-2023,Nasi Goreng Kampung,Food,FOD-03,4,38000,152000,Digital Wallet,Take Away
9949,SUN-5963856,26-07-2023,Espreso Single,Drinks,DRK-01,4,22000,88000,Digital Wallet,Dine in
9950,SUN-3935582,09-12-2023,Creamy Maycha Latte,Drinks,DRK-05,1,35000,35000,Debit Card,Take Away
9951,SUN-8181490,26-09-2023,Espreso Single,Drinks,DRK-01,4,22000,88000,Cash,Dine in
9952,SUN-8356513,17-09-2023,Classic Tirmaisu,Dessert,DST-01,3,38000,114000,Cash,Take Away
9953,SUN-7335846,18-03-2023,Nasi Goreng Kampung,Food,FOD-03,2,38000,76000,Debit Card,Online Order
9954,SUN-3540781,20-11-2023,Iced Americano,Drinks,DRK-02,4,28000,112000,Digital Wallet,Online Order
9955,SUN-6979041,01-04-2023,Creamy Maycha Latte,Drinks,DRK-05,1,35000,35000,Digital Wallet,Online Order
9956,SUN-7355477,19-01-2023,Fudgy Brownies,Dessert,DST-02,3,25000,75000,Debit Card,Online Order
9957,SUN-9053275,11-10-2023,Cafe Latte,Drinks,DRK-03,1,32000,32000,Digital Wallet,Dine in
9958,SUN-9549721,04-02-2023,Caramel Machiato,Drinks,DRK-04,1,38000,38000,Cash,Take Away
9959,SUN-2830051,23-04-2023,Cafe Latte,Drinks,DRK-03,1,32000,32000,Debit Card,Dine in
9960,SUN-7593724,04-06-2023,Nasi Goreng Kampung,Food,FOD-03,2,38000,76000,Debit Card,Online Order
9961,SUN-1807438,25-02-2023,Buttermilk Fried Chicken,Food,FOD-01,3,48000,144000,Debit Card,Dine in
9962,SUN-1079429,07-05-2023,Fudgy Brownies,Dessert,DST-02,1,25000,25000,Cash,Online Order
9963,SUN-1747245,23-10-2023,Beef Carbonara Pasta,Food,FOD-02,4,52000,208000,Digital Wallet,Online Order
9964,SUN-2848602,06-04-2023,Beef Carbonara Pasta,Food,FOD-02,1,52000,52000,Debit Card,Online Order
9965,SUN-3041397,21-04-2023,Choco Lava Cake,Dessert,DST-04,2,35000,70000,Cash,Dine in
9966,SUN-9024008,05-08-2023,Beef Carbonara Pasta,Food,FOD-02,4,52000,208000,Digital Wallet,Take Away
9967,SUN-2222696,15-02-2023,Beef Carbonara Pasta,Food,FOD-02,3,52000,156000,Digital Wallet,Dine in
9968,SUN-1050314,09-05-2023,Beef Carbonara Pasta,Food,FOD-02,4,52000,208000,Debit Card,Dine in
9969,SUN-5148950,19-08-2023,Beef Carbonara Pasta,Food,FOD-02,3,52000,156000,Debit Card,Online Order
9970,SUN-2203885,08-10-2023,Cinnamon Roll,Dessert,DST-05,3,28000,84000,Debit Card,Dine in
9971,SUN-8137172,05-04-2023,Nasi Goreng Kampung,Food,FOD-03,2,38000,76000,Debit Card,Online Order
9972,SUN-9377447,29-01-2023,Nasi Goreng Kampung,Food,FOD-03,1,38000,38000,Digital Wallet,Online Order
9973,SUN-8749088,22-02-2023,Buttermilk Fried Chicken,Food,FOD-01,3,48000,144000,Debit Card,Dine in
9974,SUN-9525217,28-12-2023,Club Sandwich,Food,FOD-05,4,45000,180000,Digital Wallet,Online Order
9975,SUN-1905675,04-04-2023,Creamy Maycha Latte,Drinks,DRK-05,2,35000,70000,Cash,Dine in
9976,SUN-4037490,03-10-2023,Classic Tirmaisu,Dessert,DST-01,2,38000,76000,Debit Card,Dine in
9977,SUN-3561687,18-08-2023,Iced Americano,Drinks,DRK-02,3,28000,84000,Digital Wallet,Dine in
9978,SUN-2711479,28-07-2023,Choco Lava Cake,Dessert,DST-04,2,35000,70000,Digital Wallet,Online Order
9979,SUN-1334771,17-04-2023,Cinnamon Roll,Dessert,DST-05,1,28000,28000,Debit Card,Dine in
9980,SUN-8565111,17-08-2023,Buttermilk Fried Chicken,Food,FOD-01,3,48000,144000,Debit Card,Dine in
9981,SUN-6918693,31-01-2023,Choco Lava Cake,Dessert,DST-04,4,35000,140000,Debit Card,Online Order
9982,SUN-6311279,06-04-2023,Cafe Latte,Drinks,DRK-03,2,32000,64000,Digital Wallet,Online Order
9983,SUN-5464137,30-06-2023,Beef Carbonara Pasta,Food,FOD-02,2,52000,104000,Digital Wallet,Take Away
9984,SUN-9459193,25-03-2023,Cafe Latte,Drinks,DRK-03,2,32000,64000,Digital Wallet,Take Away
9985,SUN-4459167,17-04-2023,Caramel Machiato,Drinks,DRK-04,1,38000,38000,Debit Card,Online Order
9986,SUN-6954374,07-06-2023,Espreso Single,Drinks,DRK-01,2,22000,44000,Digital Wallet,Dine in
9987,SUN-1966094,27-02-2023,Caramel Machiato,Drinks,DRK-04,2,38000,76000,Digital Wallet,Take Away
9988,SUN-8179006,23-07-2023,Buttermilk Fried Chicken,Food,FOD-01,1,48000,48000,Digital Wallet,Dine in
9989,SUN-3052049,05-07-2023,Nasi Goreng Kampung,Food,FOD-03,4,38000,152000,Digital Wallet,Online Order
9990,SUN-3018541,24-09-2023,Buttermilk Fried Chicken,Food,FOD-01,4,48000,192000,Debit Card,Dine in
9991,SUN-6389044,08-05-2023,New York Cheesecake,Dessert,DST-03,2,42000,84000,Digital Wallet,Take Away
9992,SUN-2492599,26-09-2023,Club Sandwich,Food,FOD-05,3,45000,135000,Digital Wallet,Online Order
9993,SUN-6199991,30-07-2023,Cafe Latte,Drinks,DRK-03,3,32000,96000,Digital Wallet,Online Order
9994,SUN-5866205,25-03-2023,Beef Carbonara Pasta,Food,FOD-02,1,52000,52000,Digital Wallet,Online Order
9995,SUN-8869909,02-10-2023,Choco Lava Cake,Dessert,DST-04,1,35000,35000,Debit Card,Online Order
9996,SUN-6179068,16-04-2023,Espreso Single,Drinks,DRK-01,3,22000,66000,Debit Card,Dine in
9997,SUN-3471357,21-06-2023,Classic Tirmaisu,Dessert,DST-01,2,38000,76000,Digital Wallet,Dine in
9998,SUN-3113015,17-07-2023,Iced Americano,Drinks,DRK-02,3,28000,84000,Digital Wallet,Dine in
9999,SUN-8166774,11-11-2023,Cinnamon Roll,Dessert,DST-05,2,28000,56000,Cash,Take Away
